Сборка начата 17.03.2026 19:27:48.
Уровень детализации журнала: Detailed.     0>Процесс = "C:\Program Files\dotnet\dotnet.exe"
       Путь к исполняемому файлу MSBuild = "C:\Program Files\dotnet\sdk\10.0.200\MSBuild.dll"
       Аргументы командной строки = "C:\Program Files\dotnet\sdk\10.0.200\MSBuild.dll -maxcpucount --verbosity:m -tlp:default=auto --property:NuGetInteractive=true --restoreProperty:NuGetInteractive=true --restoreProperty:EnableDefaultCompileItems=false --restoreProperty:EnableDefaultEmbeddedResourceItems=false --restoreProperty:EnableDefaultNoneItems=false --nologo WeakestLink.csproj -flp:logfile=build.log -consoleloggerparameters:Summary -restore -distributedlogger:Microsoft.DotNet.Cli.Commands.MSBuild.MSBuildLogger,C:\Program Files\dotnet\sdk\10.0.200\dotnet.dll*Microsoft.DotNet.Cli.Commands.MSBuild.MSBuildForwardingLogger,C:\Program Files\dotnet\sdk\10.0.200\dotnet.dll"
       Текущий каталог = "I:\WEAKEST LINK SOPFTWARE AI TESTERING FINALE"
       Версия MSBuild = "18.3.0-release-26119-122+40cd698e5"
       На основе раздела реестра Windows LongPathsEnabled функция LongPaths имеет значение включено.
       На основе раздела реестра Windows VerifiedAndReputablePolicyState, состояние SAC = 0: отключено.
       SDK "Microsoft.NET.Sdk" успешно разрешен преобразователем "DefaultSdkResolver" в расположение "C:\Program Files\dotnet\sdk\10.0.200\Sdks\Microsoft.NET.Sdk\Sdk" и версию "".
       C:\Program Files\dotnet\sdk\10.0.200\Sdks\Microsoft.NET.Sdk\Sdk\Sdk.props(49,11): message : Свойство "MSBuildExtensionsPath" со значением "C:\Program Files\dotnet\sdk\10.0.200\" развернуто из окружения.
       C:\Program Files\dotnet\sdk\10.0.200\Current\Microsoft.Common.props(60,5): message : Повторное назначение свойства: $(MSBuildProjectExtensionsPath)="I:\WEAKEST LINK SOPFTWARE AI TESTERING FINALE\obj\" (предыдущее значение: "obj\") для C:\Program Files\dotnet\sdk\10.0.200\Current\Microsoft.Common.props (60,5)
       C:\Program Files\dotnet\sdk\10.0.200\Current\Microsoft.Common.props(84,119): message : Свойство "MSBuildUserExtensionsPath" со значением "C:\Users\Timontiy\AppData\Local\Microsoft\MSBuild" развернуто из окружения.
       Сборка загружена во время Evaluation: System.Threading.Tasks.Parallel, Version=10.0.0.0, Culture=neutral, PublicKeyToken=b03f5f7f11d50a3a (расположение: C:\Program Files\dotnet\shared\Microsoft.NETCore.App\10.0.4\System.Threading.Tasks.Parallel.dll, MVID: 994e15fb-7689-43ca-b38e-352049fd85ad, AssemblyLoadContext: Default)
       C:\Program Files\dotnet\sdk\10.0.200\Sdks\Microsoft.NET.Sdk\targets\Microsoft.NET.Sdk.props(90,5): message : Повторное назначение свойства: $(AssemblySearchPaths)="{CandidateAssemblyFiles};{HintPathFromItem}" (предыдущее значение: "{CandidateAssemblyFiles}") для C:\Program Files\dotnet\sdk\10.0.200\Sdks\Microsoft.NET.Sdk\targets\Microsoft.NET.Sdk.props (90,5)
       C:\Program Files\dotnet\sdk\10.0.200\Sdks\Microsoft.NET.Sdk\targets\Microsoft.NET.Sdk.props(91,5): message : Повторное назначение свойства: $(AssemblySearchPaths)="{CandidateAssemblyFiles};{HintPathFromItem};{TargetFrameworkDirectory}" (предыдущее значение: "{CandidateAssemblyFiles};{HintPathFromItem}") для C:\Program Files\dotnet\sdk\10.0.200\Sdks\Microsoft.NET.Sdk\targets\Microsoft.NET.Sdk.props (91,5)
       C:\Program Files\dotnet\sdk\10.0.200\Sdks\Microsoft.NET.Sdk\targets\Microsoft.NET.Sdk.props(92,5): message : Повторное назначение свойства: $(AssemblySearchPaths)="{CandidateAssemblyFiles};{HintPathFromItem};{TargetFrameworkDirectory};{RawFileName}" (предыдущее значение: "{CandidateAssemblyFiles};{HintPathFromItem};{TargetFrameworkDirectory}") для C:\Program Files\dotnet\sdk\10.0.200\Sdks\Microsoft.NET.Sdk\targets\Microsoft.NET.Sdk.props (92,5)
       Преобразователь "DefaultSdkResolver" попытался разрешить SDK "Microsoft.NET.SDK.WorkloadAutoImportPropsLocator".
       Предупреждения: null
       Ошибок: MSB4276: стандартному сопоставителю пакетов SDK не удалось разрешить пакет SDK "Microsoft.NET.SDK.WorkloadAutoImportPropsLocator", так как каталог "C:\Program Files\dotnet\sdk\10.0.200\Sdks\Microsoft.NET.SDK.WorkloadAutoImportPropsLocator\Sdk" не существует.
       Сборка загружена во время Evaluation: Microsoft.Build.NuGetSdkResolver, Version=7.3.0.0, Culture=neutral, PublicKeyToken=31bf3856ad364e35 (расположение: C:\Program Files\dotnet\sdk\10.0.200\Microsoft.Build.NuGetSdkResolver.dll, MVID: 2b4b2ddb-aef3-4486-b3b5-2e1a3ac2c274, AssemblyLoadContext: MSBuild plugin C:\Program Files\dotnet\sdk\10.0.200\Microsoft.Build.NuGetSdkResolver.dll)
       Сборка загружена во время Evaluation: System.Reflection.Metadata, Version=10.0.0.0, Culture=neutral, PublicKeyToken=b03f5f7f11d50a3a (расположение: C:\Program Files\dotnet\shared\Microsoft.NETCore.App\10.0.4\System.Reflection.Metadata.dll, MVID: d487bbe6-968b-4da4-8973-ecca9b6e785c, AssemblyLoadContext: Default)
       Сборка загружена во время Evaluation: NuGet.Common, Version=7.3.0.0, Culture=neutral, PublicKeyToken=31bf3856ad364e35 (расположение: C:\Program Files\dotnet\sdk\10.0.200\NuGet.Common.dll, MVID: 7648ae89-fe6f-49b7-bfd7-f9115392510e, AssemblyLoadContext: MSBuild plugin C:\Program Files\dotnet\sdk\10.0.200\Microsoft.Build.NuGetSdkResolver.dll)
       Сборка загружена во время Evaluation: Microsoft.NET.Sdk.WorkloadMSBuildSdkResolver, Version=10.0.200.0, Culture=neutral, PublicKeyToken=31bf3856ad364e35 (расположение: C:\Program Files\dotnet\sdk\10.0.200\Microsoft.NET.Sdk.WorkloadMSBuildSdkResolver.dll, MVID: 07b11b6e-63ab-4020-8023-9c630ef51ad6, AssemblyLoadContext: MSBuild plugin C:\Program Files\dotnet\sdk\10.0.200\Microsoft.NET.Sdk.WorkloadMSBuildSdkResolver.dll)
       Сборка загружена во время Evaluation: Microsoft.DotNet.Cli.Utils, Version=10.0.200.0, Culture=neutral, PublicKeyToken=adb9793829ddae60 (расположение: C:\Program Files\dotnet\sdk\10.0.200\Microsoft.DotNet.Cli.Utils.dll, MVID: 2d724587-d1b9-4b88-b0ee-d13871212b36, AssemblyLoadContext: MSBuild plugin C:\Program Files\dotnet\sdk\10.0.200\Microsoft.NET.Sdk.WorkloadMSBuildSdkResolver.dll)
       Сборка загружена во время Evaluation: Microsoft.NET.Sdk.WorkloadManifestReader, Version=10.0.200.0, Culture=neutral, PublicKeyToken=adb9793829ddae60 (расположение: C:\Program Files\dotnet\sdk\10.0.200\Microsoft.NET.Sdk.WorkloadManifestReader.dll, MVID: cb1aaff1-734b-4306-bba0-94d593e5e9d3, AssemblyLoadContext: MSBuild plugin C:\Program Files\dotnet\sdk\10.0.200\Microsoft.NET.Sdk.WorkloadMSBuildSdkResolver.dll)
       Сборка загружена во время Evaluation: Microsoft.Deployment.DotNet.Releases, Version=2.0.0.0, Culture=neutral, PublicKeyToken=31bf3856ad364e35 (расположение: C:\Program Files\dotnet\sdk\10.0.200\Microsoft.Deployment.DotNet.Releases.dll, MVID: 7229ad45-7023-4eed-96b8-d121b701121f, AssemblyLoadContext: MSBuild plugin C:\Program Files\dotnet\sdk\10.0.200\Microsoft.NET.Sdk.WorkloadMSBuildSdkResolver.dll)
       Сборка загружена во время Evaluation: System.Collections.NonGeneric, Version=10.0.0.0, Culture=neutral, PublicKeyToken=b03f5f7f11d50a3a (расположение: C:\Program Files\dotnet\shared\Microsoft.NETCore.App\10.0.4\System.Collections.NonGeneric.dll, MVID: d6a1b153-be39-49e7-9f72-36bd950568f0, AssemblyLoadContext: Default)
       SDK "Microsoft.NET.SDK.WorkloadAutoImportPropsLocator" успешно разрешен преобразователем "Microsoft.DotNet.MSBuildWorkloadSdkResolver" в расположение "null" и версию "null".
       I:\WEAKEST LINK SOPFTWARE AI TESTERING FINALE\WeakestLink.csproj(30,5): message : Повторное назначение свойства: $(OutputType)="WinExe" (предыдущее значение: "Library") для I:\WEAKEST LINK SOPFTWARE AI TESTERING FINALE\WeakestLink.csproj (30,5)
       I:\WEAKEST LINK SOPFTWARE AI TESTERING FINALE\WeakestLink.csproj(37,5): message : Повторное назначение свойства: $(NoWarn)="CS8632" (предыдущее значение: "1701;1702") для I:\WEAKEST LINK SOPFTWARE AI TESTERING FINALE\WeakestLink.csproj (37,5)
       C:\Program Files\dotnet\sdk\10.0.200\Sdks\Microsoft.NET.Sdk\targets\Microsoft.NET.Sdk.ImportPublishProfile.targets(28,5): message : Повторное назначение свойства: $(PublishProfileImported)="false" (предыдущее значение: "true") для C:\Program Files\dotnet\sdk\10.0.200\Sdks\Microsoft.NET.Sdk\targets\Microsoft.NET.Sdk.ImportPublishProfile.targets (28,5)
       Сборка загружена во время Evaluation: NuGet.Frameworks, Version=7.3.0.0, Culture=neutral, PublicKeyToken=31bf3856ad364e35 (расположение: C:\Program Files\dotnet\sdk\10.0.200\NuGet.Frameworks.dll, MVID: abd19947-3c78-4918-9662-1555c69e2e91, AssemblyLoadContext: Assembly.LoadFile(C:\Program Files\dotnet\sdk\10.0.200\NuGet.Frameworks.dll))
       C:\Program Files\dotnet\sdk\10.0.200\Sdks\Microsoft.NET.Sdk\targets\Microsoft.NET.TargetFrameworkInference.targets(80,5): message : Повторное назначение свойства: $(TargetPlatformVersion)="0.0" (предыдущее значение: "0.0.0.0") для C:\Program Files\dotnet\sdk\10.0.200\Sdks\Microsoft.NET.Sdk\targets\Microsoft.NET.TargetFrameworkInference.targets (80,5)
       C:\Program Files\dotnet\sdk\10.0.200\Sdks\Microsoft.NET.Sdk\targets\Microsoft.NET.TargetFrameworkInference.targets(81,5): message : Повторное назначение свойства: $(TargetPlatformVersion)="" (предыдущее значение: "0.0") для C:\Program Files\dotnet\sdk\10.0.200\Sdks\Microsoft.NET.Sdk\targets\Microsoft.NET.TargetFrameworkInference.targets (81,5)
       C:\Program Files\dotnet\sdk\10.0.200\Sdks\Microsoft.NET.Sdk\targets\Microsoft.NET.TargetFrameworkInference.targets(84,5): message : Повторное назначение свойства: $(TargetPlatformIdentifier)="Windows" (предыдущее значение: "windows") для C:\Program Files\dotnet\sdk\10.0.200\Sdks\Microsoft.NET.Sdk\targets\Microsoft.NET.TargetFrameworkInference.targets (84,5)
       C:\Program Files\dotnet\sdk\10.0.200\Sdks\Microsoft.NET.Sdk\targets\Microsoft.NET.DefaultOutputPaths.targets(127,5): message : Повторное назначение свойства: $(DefaultItemExcludes)=";I:\WEAKEST LINK SOPFTWARE AI TESTERING FINALE\SuperDist\/**;obj\Debug\/**" (предыдущее значение: ";I:\WEAKEST LINK SOPFTWARE AI TESTERING FINALE\SuperDist\/**") для C:\Program Files\dotnet\sdk\10.0.200\Sdks\Microsoft.NET.Sdk\targets\Microsoft.NET.DefaultOutputPaths.targets (127,5)
       C:\Program Files\dotnet\sdk\10.0.200\Sdks\Microsoft.NET.Sdk\targets\Microsoft.NET.DefaultOutputPaths.targets(142,5): message : Повторное назначение свойства: $(OutputPath)="I:\WEAKEST LINK SOPFTWARE AI TESTERING FINALE\SuperDist\net10.0-windows\" (предыдущее значение: "I:\WEAKEST LINK SOPFTWARE AI TESTERING FINALE\SuperDist\") для C:\Program Files\dotnet\sdk\10.0.200\Sdks\Microsoft.NET.Sdk\targets\Microsoft.NET.DefaultOutputPaths.targets (142,5)
       C:\Program Files\dotnet\sdk\10.0.200\Sdks\Microsoft.NET.Sdk\targets\Microsoft.NET.DefaultOutputPaths.targets(147,5): message : Повторное назначение свойства: $(IntermediateOutputPath)="obj\Debug\net10.0-windows\" (предыдущее значение: "obj\Debug\") для C:\Program Files\dotnet\sdk\10.0.200\Sdks\Microsoft.NET.Sdk\targets\Microsoft.NET.DefaultOutputPaths.targets (147,5)
       Преобразователь "DefaultSdkResolver" попытался разрешить SDK "Microsoft.NET.SDK.WorkloadManifestTargetsLocator".
       Предупреждения: null
       Ошибок: MSB4276: стандартному сопоставителю пакетов SDK не удалось разрешить пакет SDK "Microsoft.NET.SDK.WorkloadManifestTargetsLocator", так как каталог "C:\Program Files\dotnet\sdk\10.0.200\Sdks\Microsoft.NET.SDK.WorkloadManifestTargetsLocator\Sdk" не существует.
       SDK "Microsoft.NET.SDK.WorkloadManifestTargetsLocator" успешно разрешен преобразователем "Microsoft.DotNet.MSBuildWorkloadSdkResolver" в расположение "C:\Program Files\dotnet\sdk-manifests\10.0.100\microsoft.net.sdk.android\36.1.30" и версию "null".
       C:\Program Files\dotnet\sdk\10.0.200\Sdks\Microsoft.NET.Sdk\targets\Microsoft.NET.Sdk.BeforeCommon.targets(379,5): message : Повторное назначение свойства: $(RoslynTargetsPath)="C:\Program Files\dotnet\sdk\10.0.200\Sdks\Microsoft.NET.Sdk\targets\..\..\..\Roslyn" (предыдущее значение: "C:\Program Files\dotnet\sdk\10.0.200\Roslyn") для C:\Program Files\dotnet\sdk\10.0.200\Sdks\Microsoft.NET.Sdk\targets\Microsoft.NET.Sdk.BeforeCommon.targets (379,5)
       C:\Program Files\dotnet\sdk\10.0.200\Roslyn\Microsoft.Managed.Core.targets(6,5): message : Повторное назначение свойства: $(_BuildTasksDirectory)="C:\Program Files\dotnet\sdk\10.0.200\Sdks\Microsoft.NET.Sdk\targets\..\..\..\Roslyn\" (предыдущее значение: "C:\Program Files\dotnet\sdk\10.0.200\Roslyn\") для C:\Program Files\dotnet\sdk\10.0.200\Roslyn\Microsoft.Managed.Core.targets (6,5)
       C:\Program Files\dotnet\sdk\10.0.200\Roslyn\Microsoft.CSharp.Core.targets(205,5): message : Повторное назначение свойства: $(CommandLineArgsForDesignTimeEvaluation)="-langversion:14.0 -define:TRACE" (предыдущее значение: "-langversion:14.0") для C:\Program Files\dotnet\sdk\10.0.200\Roslyn\Microsoft.CSharp.Core.targets (205,5)
       Сборка загружена во время Evaluation: Microsoft.Build.Utilities.Core, Version=15.1.0.0, Culture=neutral, PublicKeyToken=b03f5f7f11d50a3a (расположение: C:\Program Files\dotnet\sdk\10.0.200\Microsoft.Build.Utilities.Core.dll, MVID: a602f57a-1bd2-4d1c-a879-2f9ea4ec50f7, AssemblyLoadContext: Default)
       C:\Program Files\dotnet\sdk\10.0.200\Microsoft.Common.CurrentVersion.targets(175,5): message : Повторное назначение свойства: $(_DebugSymbolsProduced)="true" (предыдущее значение: "false") для C:\Program Files\dotnet\sdk\10.0.200\Microsoft.Common.CurrentVersion.targets (175,5)
       C:\Program Files\dotnet\sdk\10.0.200\Microsoft.Common.CurrentVersion.targets(185,5): message : Повторное назначение свойства: $(_DocumentationFileProduced)="false" (предыдущее значение: "true") для C:\Program Files\dotnet\sdk\10.0.200\Microsoft.Common.CurrentVersion.targets (185,5)
       C:\Program Files\dotnet\sdk\10.0.200\Microsoft.Common.CurrentVersion.targets(392,5): message : Повторное назначение свойства: $(MSBuildCopyMarkerName)="WeakestL.AF97E3AE" (предыдущее значение: "WeakestLink.csproj") для C:\Program Files\dotnet\sdk\10.0.200\Microsoft.Common.CurrentVersion.targets (392,5)
       C:\Program Files\dotnet\sdk\10.0.200\Microsoft.Common.CurrentVersion.targets(393,5): message : Повторное назначение свойства: $(MSBuildCopyMarkerName)="WeakestL.AF97E3AE.Up2Date" (предыдущее значение: "WeakestL.AF97E3AE") для C:\Program Files\dotnet\sdk\10.0.200\Microsoft.Common.CurrentVersion.targets (393,5)
       C:\Program Files\dotnet\sdk\10.0.200\Microsoft.Common.CurrentVersion.targets(541,5): message : Повторное назначение свойства: $(ProcessorArchitecture)="msil" (предыдущее значение: "") для C:\Program Files\dotnet\sdk\10.0.200\Microsoft.Common.CurrentVersion.targets (541,5)
       C:\Program Files\dotnet\sdk\10.0.200\Microsoft.Common.CurrentVersion.targets(580,5): message : Повторное назначение свойства: $(DelaySign)="" (предыдущее значение: "false") для C:\Program Files\dotnet\sdk\10.0.200\Microsoft.Common.CurrentVersion.targets (580,5)
       C:\Program Files\dotnet\sdk\10.0.200\Microsoft.Common.CurrentVersion.targets(2620,5): message : Свойство "LOCALAPPDATA" со значением "C:\Users\Timontiy\AppData\Local" развернуто из окружения.
       C:\Program Files\dotnet\sdk\10.0.200\Microsoft.Common.CurrentVersion.targets(3948,5): message : Повторное назначение свойства: $(_SGenGenerateSerializationAssembliesConfig)="Auto" (предыдущее значение: "") для C:\Program Files\dotnet\sdk\10.0.200\Microsoft.Common.CurrentVersion.targets (3948,5)
       C:\Program Files\dotnet\sdk\10.0.200\Microsoft.Common.CurrentVersion.targets(3949,5): message : Повторное назначение свойства: $(_SGenGenerateSerializationAssembliesConfig)="Off" (предыдущее значение: "Auto") для C:\Program Files\dotnet\sdk\10.0.200\Microsoft.Common.CurrentVersion.targets (3949,5)
       C:\Program Files\dotnet\sdk\10.0.200\Microsoft.Common.CurrentVersion.targets(5160,5): message : Повторное назначение свойства: $(_TargetsThatPrepareProjectReferences)="
       C:\Program Files\dotnet\sdk\10.0.200\Microsoft.Common.CurrentVersion.targets(5160,5): message :       AssignProjectConfiguration;
       C:\Program Files\dotnet\sdk\10.0.200\Microsoft.Common.CurrentVersion.targets(5160,5): message :       _SplitProjectReferencesByFileExistence
       C:\Program Files\dotnet\sdk\10.0.200\Microsoft.Common.CurrentVersion.targets(5160,5): message :     " (предыдущее значение: "_SplitProjectReferencesByFileExistence") для C:\Program Files\dotnet\sdk\10.0.200\Microsoft.Common.CurrentVersion.targets (5160,5)
       C:\Program Files\dotnet\sdk\10.0.200\Microsoft.Common.CurrentVersion.targets(6973,5): message : Свойство "MSBuildExtensionsPath32" со значением "C:\Program Files\dotnet\sdk\10.0.200" развернуто из окружения.
       Свойство "NuGetInteractive" является глобальным и не подлежит изменению.
       C:\Program Files\dotnet\sdk\10.0.200\Sdks\Microsoft.NET.Sdk\targets\Microsoft.PackageDependencyResolution.targets(24,5): message : Повторное назначение свойства: $(ProjectAssetsFile)="I:\WEAKEST LINK SOPFTWARE AI TESTERING FINALE\obj\project.assets.json" (предыдущее значение: "I:\WEAKEST LINK SOPFTWARE AI TESTERING FINALE\obj\/project.assets.json") для C:\Program Files\dotnet\sdk\10.0.200\Sdks\Microsoft.NET.Sdk\targets\Microsoft.PackageDependencyResolution.targets (24,5)
       C:\Program Files\dotnet\sdk\10.0.200\Sdks\Microsoft.NET.Sdk\targets\Microsoft.PackageDependencyResolution.targets(29,5): message : Повторное назначение свойства: $(ProjectAssetsCacheFile)="I:\WEAKEST LINK SOPFTWARE AI TESTERING FINALE\obj\Debug\net10.0-windows\WeakestLink.assets.cache" (предыдущее значение: "obj\Debug\net10.0-windows\WeakestLink.assets.cache") для C:\Program Files\dotnet\sdk\10.0.200\Sdks\Microsoft.NET.Sdk\targets\Microsoft.PackageDependencyResolution.targets (29,5)
       C:\Program Files\dotnet\sdk\10.0.200\Sdks\Microsoft.NET.Sdk\targets\Microsoft.PackageDependencyResolution.targets(80,5): message : Повторное назначение свойства: $(ResolveAssemblyReferencesDependsOn)="
       C:\Program Files\dotnet\sdk\10.0.200\Sdks\Microsoft.NET.Sdk\targets\Microsoft.PackageDependencyResolution.targets(80,5): message :       
       C:\Program Files\dotnet\sdk\10.0.200\Sdks\Microsoft.NET.Sdk\targets\Microsoft.PackageDependencyResolution.targets(80,5): message :       ResolveProjectReferences;
       C:\Program Files\dotnet\sdk\10.0.200\Sdks\Microsoft.NET.Sdk\targets\Microsoft.PackageDependencyResolution.targets(80,5): message :       FindInvalidProjectReferences;
       C:\Program Files\dotnet\sdk\10.0.200\Sdks\Microsoft.NET.Sdk\targets\Microsoft.PackageDependencyResolution.targets(80,5): message :       GetFrameworkPaths;
       C:\Program Files\dotnet\sdk\10.0.200\Sdks\Microsoft.NET.Sdk\targets\Microsoft.PackageDependencyResolution.targets(80,5): message :       GetReferenceAssemblyPaths;
       C:\Program Files\dotnet\sdk\10.0.200\Sdks\Microsoft.NET.Sdk\targets\Microsoft.PackageDependencyResolution.targets(80,5): message :       PrepareForBuild;
       C:\Program Files\dotnet\sdk\10.0.200\Sdks\Microsoft.NET.Sdk\targets\Microsoft.PackageDependencyResolution.targets(80,5): message :       ResolveSDKReferences;
       C:\Program Files\dotnet\sdk\10.0.200\Sdks\Microsoft.NET.Sdk\targets\Microsoft.PackageDependencyResolution.targets(80,5): message :       ExpandSDKReferences;
       C:\Program Files\dotnet\sdk\10.0.200\Sdks\Microsoft.NET.Sdk\targets\Microsoft.PackageDependencyResolution.targets(80,5): message :     ;
       C:\Program Files\dotnet\sdk\10.0.200\Sdks\Microsoft.NET.Sdk\targets\Microsoft.PackageDependencyResolution.targets(80,5): message :       ResolvePackageDependenciesForBuild;
       C:\Program Files\dotnet\sdk\10.0.200\Sdks\Microsoft.NET.Sdk\targets\Microsoft.PackageDependencyResolution.targets(80,5): message :       _HandlePackageFileConflicts;
       C:\Program Files\dotnet\sdk\10.0.200\Sdks\Microsoft.NET.Sdk\targets\Microsoft.PackageDependencyResolution.targets(80,5): message :     " (предыдущее значение: "
       C:\Program Files\dotnet\sdk\10.0.200\Sdks\Microsoft.NET.Sdk\targets\Microsoft.PackageDependencyResolution.targets(80,5): message :       ResolveProjectReferences;
       C:\Program Files\dotnet\sdk\10.0.200\Sdks\Microsoft.NET.Sdk\targets\Microsoft.PackageDependencyResolution.targets(80,5): message :       FindInvalidProjectReferences;
       C:\Program Files\dotnet\sdk\10.0.200\Sdks\Microsoft.NET.Sdk\targets\Microsoft.PackageDependencyResolution.targets(80,5): message :       GetFrameworkPaths;
       C:\Program Files\dotnet\sdk\10.0.200\Sdks\Microsoft.NET.Sdk\targets\Microsoft.PackageDependencyResolution.targets(80,5): message :       GetReferenceAssemblyPaths;
       C:\Program Files\dotnet\sdk\10.0.200\Sdks\Microsoft.NET.Sdk\targets\Microsoft.PackageDependencyResolution.targets(80,5): message :       PrepareForBuild;
       C:\Program Files\dotnet\sdk\10.0.200\Sdks\Microsoft.NET.Sdk\targets\Microsoft.PackageDependencyResolution.targets(80,5): message :       ResolveSDKReferences;
       C:\Program Files\dotnet\sdk\10.0.200\Sdks\Microsoft.NET.Sdk\targets\Microsoft.PackageDependencyResolution.targets(80,5): message :       ExpandSDKReferences;
       C:\Program Files\dotnet\sdk\10.0.200\Sdks\Microsoft.NET.Sdk\targets\Microsoft.PackageDependencyResolution.targets(80,5): message :     ") для C:\Program Files\dotnet\sdk\10.0.200\Sdks\Microsoft.NET.Sdk\targets\Microsoft.PackageDependencyResolution.targets (80,5)
       C:\Program Files\dotnet\sdk\10.0.200\Sdks\Microsoft.NET.Sdk\targets\Microsoft.PackageDependencyResolution.targets(86,5): message : Повторное назначение свойства: $(PrepareResourcesDependsOn)="
       C:\Program Files\dotnet\sdk\10.0.200\Sdks\Microsoft.NET.Sdk\targets\Microsoft.PackageDependencyResolution.targets(86,5): message :       ResolvePackageDependenciesForBuild;
       C:\Program Files\dotnet\sdk\10.0.200\Sdks\Microsoft.NET.Sdk\targets\Microsoft.PackageDependencyResolution.targets(86,5): message :       _HandlePackageFileConflicts;
       C:\Program Files\dotnet\sdk\10.0.200\Sdks\Microsoft.NET.Sdk\targets\Microsoft.PackageDependencyResolution.targets(86,5): message :       
       C:\Program Files\dotnet\sdk\10.0.200\Sdks\Microsoft.NET.Sdk\targets\Microsoft.PackageDependencyResolution.targets(86,5): message :       ;
       C:\Program Files\dotnet\sdk\10.0.200\Sdks\Microsoft.NET.Sdk\targets\Microsoft.PackageDependencyResolution.targets(86,5): message :       PrepareResourceNames;
       C:\Program Files\dotnet\sdk\10.0.200\Sdks\Microsoft.NET.Sdk\targets\Microsoft.PackageDependencyResolution.targets(86,5): message :       ResGen;
       C:\Program Files\dotnet\sdk\10.0.200\Sdks\Microsoft.NET.Sdk\targets\Microsoft.PackageDependencyResolution.targets(86,5): message :       CompileLicxFiles
       C:\Program Files\dotnet\sdk\10.0.200\Sdks\Microsoft.NET.Sdk\targets\Microsoft.PackageDependencyResolution.targets(86,5): message :     
       C:\Program Files\dotnet\sdk\10.0.200\Sdks\Microsoft.NET.Sdk\targets\Microsoft.PackageDependencyResolution.targets(86,5): message :     " (предыдущее значение: "
       C:\Program Files\dotnet\sdk\10.0.200\Sdks\Microsoft.NET.Sdk\targets\Microsoft.PackageDependencyResolution.targets(86,5): message :       ;
       C:\Program Files\dotnet\sdk\10.0.200\Sdks\Microsoft.NET.Sdk\targets\Microsoft.PackageDependencyResolution.targets(86,5): message :       PrepareResourceNames;
       C:\Program Files\dotnet\sdk\10.0.200\Sdks\Microsoft.NET.Sdk\targets\Microsoft.PackageDependencyResolution.targets(86,5): message :       ResGen;
       C:\Program Files\dotnet\sdk\10.0.200\Sdks\Microsoft.NET.Sdk\targets\Microsoft.PackageDependencyResolution.targets(86,5): message :       CompileLicxFiles
       C:\Program Files\dotnet\sdk\10.0.200\Sdks\Microsoft.NET.Sdk\targets\Microsoft.PackageDependencyResolution.targets(86,5): message :     ") для C:\Program Files\dotnet\sdk\10.0.200\Sdks\Microsoft.NET.Sdk\targets\Microsoft.PackageDependencyResolution.targets (86,5)
       Свойство "EnableDefaultCompileItems" является глобальным и не подлежит изменению.
       Свойство "EnableDefaultEmbeddedResourceItems" является глобальным и не подлежит изменению.
       Свойство "EnableDefaultNoneItems" является глобальным и не подлежит изменению.
       C:\Program Files\dotnet\sdk\10.0.200\Sdks\Microsoft.NET.Sdk\targets\Microsoft.NET.Sdk.DefaultItems.targets(35,5): message : Повторное назначение свойства: $(DefaultItemExcludes)=";I:\WEAKEST LINK SOPFTWARE AI TESTERING FINALE\SuperDist\/**;obj\Debug\/**;bin\/**" (предыдущее значение: ";I:\WEAKEST LINK SOPFTWARE AI TESTERING FINALE\SuperDist\/**;obj\Debug\/**") для C:\Program Files\dotnet\sdk\10.0.200\Sdks\Microsoft.NET.Sdk\targets\Microsoft.NET.Sdk.DefaultItems.targets (35,5)
       C:\Program Files\dotnet\sdk\10.0.200\Sdks\Microsoft.NET.Sdk\targets\Microsoft.NET.Sdk.DefaultItems.targets(37,5): message : Повторное назначение свойства: $(DefaultItemExcludes)=";I:\WEAKEST LINK SOPFTWARE AI TESTERING FINALE\SuperDist\/**;obj\Debug\/**;bin\/**;obj\/**" (предыдущее значение: ";I:\WEAKEST LINK SOPFTWARE AI TESTERING FINALE\SuperDist\/**;obj\Debug\/**;bin\/**") для C:\Program Files\dotnet\sdk\10.0.200\Sdks\Microsoft.NET.Sdk\targets\Microsoft.NET.Sdk.DefaultItems.targets (37,5)
       C:\Program Files\dotnet\sdk\10.0.200\Sdks\Microsoft.NET.Sdk\targets\Microsoft.NET.Sdk.DefaultItems.targets(41,5): message : Повторное назначение свойства: $(DefaultItemExcludes)=";I:\WEAKEST LINK SOPFTWARE AI TESTERING FINALE\SuperDist\/**;obj\Debug\/**;bin\/**;obj\/**;I:\WEAKEST LINK SOPFTWARE AI TESTERING FINALE\SuperDist\net10.0-windows\publish\/**" (предыдущее значение: ";I:\WEAKEST LINK SOPFTWARE AI TESTERING FINALE\SuperDist\/**;obj\Debug\/**;bin\/**;obj\/**") для C:\Program Files\dotnet\sdk\10.0.200\Sdks\Microsoft.NET.Sdk\targets\Microsoft.NET.Sdk.DefaultItems.targets (41,5)
       C:\Program Files\dotnet\sdk\10.0.200\Sdks\Microsoft.NET.Sdk\targets\Microsoft.NET.Sdk.DefaultItems.targets(44,5): message : Повторное назначение свойства: $(DefaultItemExcludes)=";I:\WEAKEST LINK SOPFTWARE AI TESTERING FINALE\SuperDist\/**;obj\Debug\/**;bin\/**;obj\/**;I:\WEAKEST LINK SOPFTWARE AI TESTERING FINALE\SuperDist\net10.0-windows\publish\/**;**/*.user" (предыдущее значение: ";I:\WEAKEST LINK SOPFTWARE AI TESTERING FINALE\SuperDist\/**;obj\Debug\/**;bin\/**;obj\/**;I:\WEAKEST LINK SOPFTWARE AI TESTERING FINALE\SuperDist\net10.0-windows\publish\/**") для C:\Program Files\dotnet\sdk\10.0.200\Sdks\Microsoft.NET.Sdk\targets\Microsoft.NET.Sdk.DefaultItems.targets (44,5)
       C:\Program Files\dotnet\sdk\10.0.200\Sdks\Microsoft.NET.Sdk\targets\Microsoft.NET.Sdk.DefaultItems.targets(45,5): message : Повторное назначение свойства: $(DefaultItemExcludes)=";I:\WEAKEST LINK SOPFTWARE AI TESTERING FINALE\SuperDist\/**;obj\Debug\/**;bin\/**;obj\/**;I:\WEAKEST LINK SOPFTWARE AI TESTERING FINALE\SuperDist\net10.0-windows\publish\/**;**/*.user;**/*.*proj" (предыдущее значение: ";I:\WEAKEST LINK SOPFTWARE AI TESTERING FINALE\SuperDist\/**;obj\Debug\/**;bin\/**;obj\/**;I:\WEAKEST LINK SOPFTWARE AI TESTERING FINALE\SuperDist\net10.0-windows\publish\/**;**/*.user") для C:\Program Files\dotnet\sdk\10.0.200\Sdks\Microsoft.NET.Sdk\targets\Microsoft.NET.Sdk.DefaultItems.targets (45,5)
       C:\Program Files\dotnet\sdk\10.0.200\Sdks\Microsoft.NET.Sdk\targets\Microsoft.NET.Sdk.DefaultItems.targets(46,5): message : Повторное назначение свойства: $(DefaultItemExcludes)=";I:\WEAKEST LINK SOPFTWARE AI TESTERING FINALE\SuperDist\/**;obj\Debug\/**;bin\/**;obj\/**;I:\WEAKEST LINK SOPFTWARE AI TESTERING FINALE\SuperDist\net10.0-windows\publish\/**;**/*.user;**/*.*proj;**/*.sln" (предыдущее значение: ";I:\WEAKEST LINK SOPFTWARE AI TESTERING FINALE\SuperDist\/**;obj\Debug\/**;bin\/**;obj\/**;I:\WEAKEST LINK SOPFTWARE AI TESTERING FINALE\SuperDist\net10.0-windows\publish\/**;**/*.user;**/*.*proj") для C:\Program Files\dotnet\sdk\10.0.200\Sdks\Microsoft.NET.Sdk\targets\Microsoft.NET.Sdk.DefaultItems.targets (46,5)
       C:\Program Files\dotnet\sdk\10.0.200\Sdks\Microsoft.NET.Sdk\targets\Microsoft.NET.Sdk.DefaultItems.targets(47,5): message : Повторное назначение свойства: $(DefaultItemExcludes)=";I:\WEAKEST LINK SOPFTWARE AI TESTERING FINALE\SuperDist\/**;obj\Debug\/**;bin\/**;obj\/**;I:\WEAKEST LINK SOPFTWARE AI TESTERING FINALE\SuperDist\net10.0-windows\publish\/**;**/*.user;**/*.*proj;**/*.sln;**/*.slnx" (предыдущее значение: ";I:\WEAKEST LINK SOPFTWARE AI TESTERING FINALE\SuperDist\/**;obj\Debug\/**;bin\/**;obj\/**;I:\WEAKEST LINK SOPFTWARE AI TESTERING FINALE\SuperDist\net10.0-windows\publish\/**;**/*.user;**/*.*proj;**/*.sln") для C:\Program Files\dotnet\sdk\10.0.200\Sdks\Microsoft.NET.Sdk\targets\Microsoft.NET.Sdk.DefaultItems.targets (47,5)
       C:\Program Files\dotnet\sdk\10.0.200\Sdks\Microsoft.NET.Sdk\targets\Microsoft.NET.Sdk.DefaultItems.targets(48,5): message : Повторное назначение свойства: $(DefaultItemExcludes)=";I:\WEAKEST LINK SOPFTWARE AI TESTERING FINALE\SuperDist\/**;obj\Debug\/**;bin\/**;obj\/**;I:\WEAKEST LINK SOPFTWARE AI TESTERING FINALE\SuperDist\net10.0-windows\publish\/**;**/*.user;**/*.*proj;**/*.sln;**/*.slnx;**/*.vssscc" (предыдущее значение: ";I:\WEAKEST LINK SOPFTWARE AI TESTERING FINALE\SuperDist\/**;obj\Debug\/**;bin\/**;obj\/**;I:\WEAKEST LINK SOPFTWARE AI TESTERING FINALE\SuperDist\net10.0-windows\publish\/**;**/*.user;**/*.*proj;**/*.sln;**/*.slnx") для C:\Program Files\dotnet\sdk\10.0.200\Sdks\Microsoft.NET.Sdk\targets\Microsoft.NET.Sdk.DefaultItems.targets (48,5)
       C:\Program Files\dotnet\sdk\10.0.200\Sdks\Microsoft.NET.Sdk\targets\Microsoft.NET.Sdk.DefaultItems.targets(49,5): message : Повторное назначение свойства: $(DefaultItemExcludes)=";I:\WEAKEST LINK SOPFTWARE AI TESTERING FINALE\SuperDist\/**;obj\Debug\/**;bin\/**;obj\/**;I:\WEAKEST LINK SOPFTWARE AI TESTERING FINALE\SuperDist\net10.0-windows\publish\/**;**/*.user;**/*.*proj;**/*.sln;**/*.slnx;**/*.vssscc;**/.DS_Store" (предыдущее значение: ";I:\WEAKEST LINK SOPFTWARE AI TESTERING FINALE\SuperDist\/**;obj\Debug\/**;bin\/**;obj\/**;I:\WEAKEST LINK SOPFTWARE AI TESTERING FINALE\SuperDist\net10.0-windows\publish\/**;**/*.user;**/*.*proj;**/*.sln;**/*.slnx;**/*.vssscc") для C:\Program Files\dotnet\sdk\10.0.200\Sdks\Microsoft.NET.Sdk\targets\Microsoft.NET.Sdk.DefaultItems.targets (49,5)
       C:\Program Files\dotnet\sdk\10.0.200\Sdks\Microsoft.NET.Sdk\targets\Microsoft.NET.Sdk.FrameworkReferenceResolution.targets(14,5): message : Повторное назначение свойства: $(ResolveAssemblyReferencesDependsOn)="
       C:\Program Files\dotnet\sdk\10.0.200\Sdks\Microsoft.NET.Sdk\targets\Microsoft.NET.Sdk.FrameworkReferenceResolution.targets(14,5): message :       
       C:\Program Files\dotnet\sdk\10.0.200\Sdks\Microsoft.NET.Sdk\targets\Microsoft.NET.Sdk.FrameworkReferenceResolution.targets(14,5): message :       
       C:\Program Files\dotnet\sdk\10.0.200\Sdks\Microsoft.NET.Sdk\targets\Microsoft.NET.Sdk.FrameworkReferenceResolution.targets(14,5): message :       ResolveProjectReferences;
       C:\Program Files\dotnet\sdk\10.0.200\Sdks\Microsoft.NET.Sdk\targets\Microsoft.NET.Sdk.FrameworkReferenceResolution.targets(14,5): message :       FindInvalidProjectReferences;
       C:\Program Files\dotnet\sdk\10.0.200\Sdks\Microsoft.NET.Sdk\targets\Microsoft.NET.Sdk.FrameworkReferenceResolution.targets(14,5): message :       GetFrameworkPaths;
       C:\Program Files\dotnet\sdk\10.0.200\Sdks\Microsoft.NET.Sdk\targets\Microsoft.NET.Sdk.FrameworkReferenceResolution.targets(14,5): message :       GetReferenceAssemblyPaths;
       C:\Program Files\dotnet\sdk\10.0.200\Sdks\Microsoft.NET.Sdk\targets\Microsoft.NET.Sdk.FrameworkReferenceResolution.targets(14,5): message :       PrepareForBuild;
       C:\Program Files\dotnet\sdk\10.0.200\Sdks\Microsoft.NET.Sdk\targets\Microsoft.NET.Sdk.FrameworkReferenceResolution.targets(14,5): message :       ResolveSDKReferences;
       C:\Program Files\dotnet\sdk\10.0.200\Sdks\Microsoft.NET.Sdk\targets\Microsoft.NET.Sdk.FrameworkReferenceResolution.targets(14,5): message :       ExpandSDKReferences;
       C:\Program Files\dotnet\sdk\10.0.200\Sdks\Microsoft.NET.Sdk\targets\Microsoft.NET.Sdk.FrameworkReferenceResolution.targets(14,5): message :     ;
       C:\Program Files\dotnet\sdk\10.0.200\Sdks\Microsoft.NET.Sdk\targets\Microsoft.NET.Sdk.FrameworkReferenceResolution.targets(14,5): message :       ResolvePackageDependenciesForBuild;
       C:\Program Files\dotnet\sdk\10.0.200\Sdks\Microsoft.NET.Sdk\targets\Microsoft.NET.Sdk.FrameworkReferenceResolution.targets(14,5): message :       _HandlePackageFileConflicts;
       C:\Program Files\dotnet\sdk\10.0.200\Sdks\Microsoft.NET.Sdk\targets\Microsoft.NET.Sdk.FrameworkReferenceResolution.targets(14,5): message :     ;
       C:\Program Files\dotnet\sdk\10.0.200\Sdks\Microsoft.NET.Sdk\targets\Microsoft.NET.Sdk.FrameworkReferenceResolution.targets(14,5): message :       ResolveTargetingPackAssets;
       C:\Program Files\dotnet\sdk\10.0.200\Sdks\Microsoft.NET.Sdk\targets\Microsoft.NET.Sdk.FrameworkReferenceResolution.targets(14,5): message :     " (предыдущее значение: "
       C:\Program Files\dotnet\sdk\10.0.200\Sdks\Microsoft.NET.Sdk\targets\Microsoft.NET.Sdk.FrameworkReferenceResolution.targets(14,5): message :       
       C:\Program Files\dotnet\sdk\10.0.200\Sdks\Microsoft.NET.Sdk\targets\Microsoft.NET.Sdk.FrameworkReferenceResolution.targets(14,5): message :       ResolveProjectReferences;
       C:\Program Files\dotnet\sdk\10.0.200\Sdks\Microsoft.NET.Sdk\targets\Microsoft.NET.Sdk.FrameworkReferenceResolution.targets(14,5): message :       FindInvalidProjectReferences;
       C:\Program Files\dotnet\sdk\10.0.200\Sdks\Microsoft.NET.Sdk\targets\Microsoft.NET.Sdk.FrameworkReferenceResolution.targets(14,5): message :       GetFrameworkPaths;
       C:\Program Files\dotnet\sdk\10.0.200\Sdks\Microsoft.NET.Sdk\targets\Microsoft.NET.Sdk.FrameworkReferenceResolution.targets(14,5): message :       GetReferenceAssemblyPaths;
       C:\Program Files\dotnet\sdk\10.0.200\Sdks\Microsoft.NET.Sdk\targets\Microsoft.NET.Sdk.FrameworkReferenceResolution.targets(14,5): message :       PrepareForBuild;
       C:\Program Files\dotnet\sdk\10.0.200\Sdks\Microsoft.NET.Sdk\targets\Microsoft.NET.Sdk.FrameworkReferenceResolution.targets(14,5): message :       ResolveSDKReferences;
       C:\Program Files\dotnet\sdk\10.0.200\Sdks\Microsoft.NET.Sdk\targets\Microsoft.NET.Sdk.FrameworkReferenceResolution.targets(14,5): message :       ExpandSDKReferences;
       C:\Program Files\dotnet\sdk\10.0.200\Sdks\Microsoft.NET.Sdk\targets\Microsoft.NET.Sdk.FrameworkReferenceResolution.targets(14,5): message :     ;
       C:\Program Files\dotnet\sdk\10.0.200\Sdks\Microsoft.NET.Sdk\targets\Microsoft.NET.Sdk.FrameworkReferenceResolution.targets(14,5): message :       ResolvePackageDependenciesForBuild;
       C:\Program Files\dotnet\sdk\10.0.200\Sdks\Microsoft.NET.Sdk\targets\Microsoft.NET.Sdk.FrameworkReferenceResolution.targets(14,5): message :       _HandlePackageFileConflicts;
       C:\Program Files\dotnet\sdk\10.0.200\Sdks\Microsoft.NET.Sdk\targets\Microsoft.NET.Sdk.FrameworkReferenceResolution.targets(14,5): message :     ") для C:\Program Files\dotnet\sdk\10.0.200\Sdks\Microsoft.NET.Sdk\targets\Microsoft.NET.Sdk.FrameworkReferenceResolution.targets (14,5)
       C:\Program Files\dotnet\sdk\10.0.200\Sdks\Microsoft.NET.Sdk\targets\Microsoft.NET.Sdk.targets(44,5): message : Повторное назначение свойства: $(_GenerateRuntimeConfigurationPropertyInputsCache)="I:\WEAKEST LINK SOPFTWARE AI TESTERING FINALE\obj\Debug\net10.0-windows\WeakestLink.genruntimeconfig.cache" (предыдущее значение: "obj\Debug\net10.0-windows\WeakestLink.genruntimeconfig.cache") для C:\Program Files\dotnet\sdk\10.0.200\Sdks\Microsoft.NET.Sdk\targets\Microsoft.NET.Sdk.targets (44,5)
       C:\Program Files\dotnet\sdk\10.0.200\Sdks\Microsoft.NET.Sdk\targets\Microsoft.NET.Sdk.targets(46,5): message : Повторное назначение свойства: $(_GeneratePublishDependencyFilePropertyInputsCache)="I:\WEAKEST LINK SOPFTWARE AI TESTERING FINALE\obj\Debug\net10.0-windows\WeakestLink.genpublishdeps.cache" (предыдущее значение: "obj\Debug\net10.0-windows\WeakestLink.genpublishdeps.cache") для C:\Program Files\dotnet\sdk\10.0.200\Sdks\Microsoft.NET.Sdk\targets\Microsoft.NET.Sdk.targets (46,5)
       C:\Program Files\dotnet\sdk\10.0.200\Sdks\Microsoft.NET.Sdk\targets\Microsoft.NET.Sdk.targets(48,5): message : Повторное назначение свойства: $(_GenerateSingleFileBundlePropertyInputsCache)="I:\WEAKEST LINK SOPFTWARE AI TESTERING FINALE\obj\Debug\net10.0-windows\WeakestLink.genbundle.cache" (предыдущее значение: "obj\Debug\net10.0-windows\WeakestLink.genbundle.cache") для C:\Program Files\dotnet\sdk\10.0.200\Sdks\Microsoft.NET.Sdk\targets\Microsoft.NET.Sdk.targets (48,5)
       C:\Program Files\dotnet\sdk\10.0.200\Sdks\Microsoft.NET.Sdk\targets\Microsoft.NET.Sdk.targets(81,5): message : Повторное назначение свойства: $(GenerateRuntimeConfigDevFile)="false" (предыдущее значение: "true") для C:\Program Files\dotnet\sdk\10.0.200\Sdks\Microsoft.NET.Sdk\targets\Microsoft.NET.Sdk.targets (81,5)
       C:\Program Files\dotnet\sdk\10.0.200\Sdks\Microsoft.NET.Sdk\targets\Microsoft.NET.Sdk.targets(98,5): message : Свойство "USERPROFILE" со значением "C:\Users\Timontiy" развернуто из окружения.
       C:\Program Files\dotnet\sdk\10.0.200\Sdks\Microsoft.NET.Sdk\targets\Microsoft.NET.Sdk.targets(98,5): message : Повторное назначение свойства: $(_DefaultUserProfileRuntimeStorePath)="C:\Users\Timontiy" (предыдущее значение: "") для C:\Program Files\dotnet\sdk\10.0.200\Sdks\Microsoft.NET.Sdk\targets\Microsoft.NET.Sdk.targets (98,5)
       C:\Program Files\dotnet\sdk\10.0.200\Sdks\Microsoft.NET.Sdk\targets\Microsoft.NET.Sdk.targets(99,5): message : Повторное назначение свойства: $(_DefaultUserProfileRuntimeStorePath)="C:\Users\Timontiy\.dotnet\store" (предыдущее значение: "C:\Users\Timontiy") для C:\Program Files\dotnet\sdk\10.0.200\Sdks\Microsoft.NET.Sdk\targets\Microsoft.NET.Sdk.targets (99,5)
       C:\Program Files\dotnet\sdk\10.0.200\Sdks\Microsoft.NET.Sdk\targets\Microsoft.NET.Sdk.targets(144,5): message : Повторное назначение свойства: $(AvailablePlatforms)="Any CPU,x86,x64,ARM32" (предыдущее значение: "Any CPU,x86,x64") для C:\Program Files\dotnet\sdk\10.0.200\Sdks\Microsoft.NET.Sdk\targets\Microsoft.NET.Sdk.targets (144,5)
       C:\Program Files\dotnet\sdk\10.0.200\Sdks\Microsoft.NET.Sdk\targets\Microsoft.NET.Sdk.targets(148,5): message : Повторное назначение свойства: $(AvailablePlatforms)="Any CPU,x86,x64,ARM32,ARM64" (предыдущее значение: "Any CPU,x86,x64,ARM32") для C:\Program Files\dotnet\sdk\10.0.200\Sdks\Microsoft.NET.Sdk\targets\Microsoft.NET.Sdk.targets (148,5)
       C:\Program Files\dotnet\sdk\10.0.200\Sdks\Microsoft.NET.Sdk\targets\Microsoft.NET.Sdk.targets(204,5): message : Повторное назначение свойства: $(CoreBuildDependsOn)="
       C:\Program Files\dotnet\sdk\10.0.200\Sdks\Microsoft.NET.Sdk\targets\Microsoft.NET.Sdk.targets(204,5): message :       _CheckForBuildWithNoBuild;
       C:\Program Files\dotnet\sdk\10.0.200\Sdks\Microsoft.NET.Sdk\targets\Microsoft.NET.Sdk.targets(204,5): message :       
       C:\Program Files\dotnet\sdk\10.0.200\Sdks\Microsoft.NET.Sdk\targets\Microsoft.NET.Sdk.targets(204,5): message :       BuildOnlySettings;
       C:\Program Files\dotnet\sdk\10.0.200\Sdks\Microsoft.NET.Sdk\targets\Microsoft.NET.Sdk.targets(204,5): message :       PrepareForBuild;
       C:\Program Files\dotnet\sdk\10.0.200\Sdks\Microsoft.NET.Sdk\targets\Microsoft.NET.Sdk.targets(204,5): message :       PreBuildEvent;
       C:\Program Files\dotnet\sdk\10.0.200\Sdks\Microsoft.NET.Sdk\targets\Microsoft.NET.Sdk.targets(204,5): message :       ResolveReferences;
       C:\Program Files\dotnet\sdk\10.0.200\Sdks\Microsoft.NET.Sdk\targets\Microsoft.NET.Sdk.targets(204,5): message :       PrepareResources;
       C:\Program Files\dotnet\sdk\10.0.200\Sdks\Microsoft.NET.Sdk\targets\Microsoft.NET.Sdk.targets(204,5): message :       ResolveKeySource;
       C:\Program Files\dotnet\sdk\10.0.200\Sdks\Microsoft.NET.Sdk\targets\Microsoft.NET.Sdk.targets(204,5): message :       Compile;
       C:\Program Files\dotnet\sdk\10.0.200\Sdks\Microsoft.NET.Sdk\targets\Microsoft.NET.Sdk.targets(204,5): message :       ExportWindowsMDFile;
       C:\Program Files\dotnet\sdk\10.0.200\Sdks\Microsoft.NET.Sdk\targets\Microsoft.NET.Sdk.targets(204,5): message :       UnmanagedUnregistration;
       C:\Program Files\dotnet\sdk\10.0.200\Sdks\Microsoft.NET.Sdk\targets\Microsoft.NET.Sdk.targets(204,5): message :       GenerateSerializationAssemblies;
       C:\Program Files\dotnet\sdk\10.0.200\Sdks\Microsoft.NET.Sdk\targets\Microsoft.NET.Sdk.targets(204,5): message :       CreateSatelliteAssemblies;
       C:\Program Files\dotnet\sdk\10.0.200\Sdks\Microsoft.NET.Sdk\targets\Microsoft.NET.Sdk.targets(204,5): message :       GenerateManifests;
       C:\Program Files\dotnet\sdk\10.0.200\Sdks\Microsoft.NET.Sdk\targets\Microsoft.NET.Sdk.targets(204,5): message :       GetTargetPath;
       C:\Program Files\dotnet\sdk\10.0.200\Sdks\Microsoft.NET.Sdk\targets\Microsoft.NET.Sdk.targets(204,5): message :       PrepareForRun;
       C:\Program Files\dotnet\sdk\10.0.200\Sdks\Microsoft.NET.Sdk\targets\Microsoft.NET.Sdk.targets(204,5): message :       UnmanagedRegistration;
       C:\Program Files\dotnet\sdk\10.0.200\Sdks\Microsoft.NET.Sdk\targets\Microsoft.NET.Sdk.targets(204,5): message :       IncrementalClean;
       C:\Program Files\dotnet\sdk\10.0.200\Sdks\Microsoft.NET.Sdk\targets\Microsoft.NET.Sdk.targets(204,5): message :       PostBuildEvent
       C:\Program Files\dotnet\sdk\10.0.200\Sdks\Microsoft.NET.Sdk\targets\Microsoft.NET.Sdk.targets(204,5): message :     ;
       C:\Program Files\dotnet\sdk\10.0.200\Sdks\Microsoft.NET.Sdk\targets\Microsoft.NET.Sdk.targets(204,5): message :       GenerateBuildDependencyFile;
       C:\Program Files\dotnet\sdk\10.0.200\Sdks\Microsoft.NET.Sdk\targets\Microsoft.NET.Sdk.targets(204,5): message :       GenerateBuildRuntimeConfigurationFiles
       C:\Program Files\dotnet\sdk\10.0.200\Sdks\Microsoft.NET.Sdk\targets\Microsoft.NET.Sdk.targets(204,5): message :     " (предыдущее значение: "
       C:\Program Files\dotnet\sdk\10.0.200\Sdks\Microsoft.NET.Sdk\targets\Microsoft.NET.Sdk.targets(204,5): message :       BuildOnlySettings;
       C:\Program Files\dotnet\sdk\10.0.200\Sdks\Microsoft.NET.Sdk\targets\Microsoft.NET.Sdk.targets(204,5): message :       PrepareForBuild;
       C:\Program Files\dotnet\sdk\10.0.200\Sdks\Microsoft.NET.Sdk\targets\Microsoft.NET.Sdk.targets(204,5): message :       PreBuildEvent;
       C:\Program Files\dotnet\sdk\10.0.200\Sdks\Microsoft.NET.Sdk\targets\Microsoft.NET.Sdk.targets(204,5): message :       ResolveReferences;
       C:\Program Files\dotnet\sdk\10.0.200\Sdks\Microsoft.NET.Sdk\targets\Microsoft.NET.Sdk.targets(204,5): message :       PrepareResources;
       C:\Program Files\dotnet\sdk\10.0.200\Sdks\Microsoft.NET.Sdk\targets\Microsoft.NET.Sdk.targets(204,5): message :       ResolveKeySource;
       C:\Program Files\dotnet\sdk\10.0.200\Sdks\Microsoft.NET.Sdk\targets\Microsoft.NET.Sdk.targets(204,5): message :       Compile;
       C:\Program Files\dotnet\sdk\10.0.200\Sdks\Microsoft.NET.Sdk\targets\Microsoft.NET.Sdk.targets(204,5): message :       ExportWindowsMDFile;
       C:\Program Files\dotnet\sdk\10.0.200\Sdks\Microsoft.NET.Sdk\targets\Microsoft.NET.Sdk.targets(204,5): message :       UnmanagedUnregistration;
       C:\Program Files\dotnet\sdk\10.0.200\Sdks\Microsoft.NET.Sdk\targets\Microsoft.NET.Sdk.targets(204,5): message :       GenerateSerializationAssemblies;
       C:\Program Files\dotnet\sdk\10.0.200\Sdks\Microsoft.NET.Sdk\targets\Microsoft.NET.Sdk.targets(204,5): message :       CreateSatelliteAssemblies;
       C:\Program Files\dotnet\sdk\10.0.200\Sdks\Microsoft.NET.Sdk\targets\Microsoft.NET.Sdk.targets(204,5): message :       GenerateManifests;
       C:\Program Files\dotnet\sdk\10.0.200\Sdks\Microsoft.NET.Sdk\targets\Microsoft.NET.Sdk.targets(204,5): message :       GetTargetPath;
       C:\Program Files\dotnet\sdk\10.0.200\Sdks\Microsoft.NET.Sdk\targets\Microsoft.NET.Sdk.targets(204,5): message :       PrepareForRun;
       C:\Program Files\dotnet\sdk\10.0.200\Sdks\Microsoft.NET.Sdk\targets\Microsoft.NET.Sdk.targets(204,5): message :       UnmanagedRegistration;
       C:\Program Files\dotnet\sdk\10.0.200\Sdks\Microsoft.NET.Sdk\targets\Microsoft.NET.Sdk.targets(204,5): message :       IncrementalClean;
       C:\Program Files\dotnet\sdk\10.0.200\Sdks\Microsoft.NET.Sdk\targets\Microsoft.NET.Sdk.targets(204,5): message :       PostBuildEvent
       C:\Program Files\dotnet\sdk\10.0.200\Sdks\Microsoft.NET.Sdk\targets\Microsoft.NET.Sdk.targets(204,5): message :     ") для C:\Program Files\dotnet\sdk\10.0.200\Sdks\Microsoft.NET.Sdk\targets\Microsoft.NET.Sdk.targets (204,5)
       C:\Program Files\dotnet\sdk\10.0.200\Sdks\Microsoft.NET.Sdk\targets\Microsoft.NET.Sdk.targets(213,5): message : Повторное назначение свойства: $(CoreCleanDependsOn)="
       C:\Program Files\dotnet\sdk\10.0.200\Sdks\Microsoft.NET.Sdk\targets\Microsoft.NET.Sdk.targets(213,5): message :       _SdkBeforeClean;
       C:\Program Files\dotnet\sdk\10.0.200\Sdks\Microsoft.NET.Sdk\targets\Microsoft.NET.Sdk.targets(213,5): message :       
       C:\Program Files\dotnet\sdk\10.0.200\Sdks\Microsoft.NET.Sdk\targets\Microsoft.NET.Sdk.targets(213,5): message :     " (предыдущее значение: "") для C:\Program Files\dotnet\sdk\10.0.200\Sdks\Microsoft.NET.Sdk\targets\Microsoft.NET.Sdk.targets (213,5)
       C:\Program Files\dotnet\sdk\10.0.200\Sdks\Microsoft.NET.Sdk\targets\Microsoft.NET.Sdk.targets(220,5): message : Повторное назначение свойства: $(RebuildDependsOn)="
       C:\Program Files\dotnet\sdk\10.0.200\Sdks\Microsoft.NET.Sdk\targets\Microsoft.NET.Sdk.targets(220,5): message :       _SdkBeforeRebuild;
       C:\Program Files\dotnet\sdk\10.0.200\Sdks\Microsoft.NET.Sdk\targets\Microsoft.NET.Sdk.targets(220,5): message :       
       C:\Program Files\dotnet\sdk\10.0.200\Sdks\Microsoft.NET.Sdk\targets\Microsoft.NET.Sdk.targets(220,5): message :       BeforeRebuild;
       C:\Program Files\dotnet\sdk\10.0.200\Sdks\Microsoft.NET.Sdk\targets\Microsoft.NET.Sdk.targets(220,5): message :       Clean;
       C:\Program Files\dotnet\sdk\10.0.200\Sdks\Microsoft.NET.Sdk\targets\Microsoft.NET.Sdk.targets(220,5): message :       Build;
       C:\Program Files\dotnet\sdk\10.0.200\Sdks\Microsoft.NET.Sdk\targets\Microsoft.NET.Sdk.targets(220,5): message :       AfterRebuild;
       C:\Program Files\dotnet\sdk\10.0.200\Sdks\Microsoft.NET.Sdk\targets\Microsoft.NET.Sdk.targets(220,5): message :     
       C:\Program Files\dotnet\sdk\10.0.200\Sdks\Microsoft.NET.Sdk\targets\Microsoft.NET.Sdk.targets(220,5): message :     " (предыдущее значение: "
       C:\Program Files\dotnet\sdk\10.0.200\Sdks\Microsoft.NET.Sdk\targets\Microsoft.NET.Sdk.targets(220,5): message :       BeforeRebuild;
       C:\Program Files\dotnet\sdk\10.0.200\Sdks\Microsoft.NET.Sdk\targets\Microsoft.NET.Sdk.targets(220,5): message :       Clean;
       C:\Program Files\dotnet\sdk\10.0.200\Sdks\Microsoft.NET.Sdk\targets\Microsoft.NET.Sdk.targets(220,5): message :       Build;
       C:\Program Files\dotnet\sdk\10.0.200\Sdks\Microsoft.NET.Sdk\targets\Microsoft.NET.Sdk.targets(220,5): message :       AfterRebuild;
       C:\Program Files\dotnet\sdk\10.0.200\Sdks\Microsoft.NET.Sdk\targets\Microsoft.NET.Sdk.targets(220,5): message :     ") для C:\Program Files\dotnet\sdk\10.0.200\Sdks\Microsoft.NET.Sdk\targets\Microsoft.NET.Sdk.targets (220,5)
       C:\Program Files\dotnet\sdk\10.0.200\Sdks\Microsoft.NET.Sdk\targets\Microsoft.NET.Sdk.targets(799,5): message : Повторное назначение свойства: $(CompileDependsOn)="
       C:\Program Files\dotnet\sdk\10.0.200\Sdks\Microsoft.NET.Sdk\targets\Microsoft.NET.Sdk.targets(799,5): message :       
       C:\Program Files\dotnet\sdk\10.0.200\Sdks\Microsoft.NET.Sdk\targets\Microsoft.NET.Sdk.targets(799,5): message :       ResolveReferences;
       C:\Program Files\dotnet\sdk\10.0.200\Sdks\Microsoft.NET.Sdk\targets\Microsoft.NET.Sdk.targets(799,5): message :       ResolveKeySource;
       C:\Program Files\dotnet\sdk\10.0.200\Sdks\Microsoft.NET.Sdk\targets\Microsoft.NET.Sdk.targets(799,5): message :       SetWin32ManifestProperties;
       C:\Program Files\dotnet\sdk\10.0.200\Sdks\Microsoft.NET.Sdk\targets\Microsoft.NET.Sdk.targets(799,5): message :       _SetPreferNativeArm64Win32ManifestProperties;
       C:\Program Files\dotnet\sdk\10.0.200\Sdks\Microsoft.NET.Sdk\targets\Microsoft.NET.Sdk.targets(799,5): message :       FindReferenceAssembliesForReferences;
       C:\Program Files\dotnet\sdk\10.0.200\Sdks\Microsoft.NET.Sdk\targets\Microsoft.NET.Sdk.targets(799,5): message :       _GenerateCompileInputs;
       C:\Program Files\dotnet\sdk\10.0.200\Sdks\Microsoft.NET.Sdk\targets\Microsoft.NET.Sdk.targets(799,5): message :       BeforeCompile;
       C:\Program Files\dotnet\sdk\10.0.200\Sdks\Microsoft.NET.Sdk\targets\Microsoft.NET.Sdk.targets(799,5): message :       _TimeStampBeforeCompile;
       C:\Program Files\dotnet\sdk\10.0.200\Sdks\Microsoft.NET.Sdk\targets\Microsoft.NET.Sdk.targets(799,5): message :       _GenerateCompileDependencyCache;
       C:\Program Files\dotnet\sdk\10.0.200\Sdks\Microsoft.NET.Sdk\targets\Microsoft.NET.Sdk.targets(799,5): message :       CoreCompile;
       C:\Program Files\dotnet\sdk\10.0.200\Sdks\Microsoft.NET.Sdk\targets\Microsoft.NET.Sdk.targets(799,5): message :       _TimeStampAfterCompile;
       C:\Program Files\dotnet\sdk\10.0.200\Sdks\Microsoft.NET.Sdk\targets\Microsoft.NET.Sdk.targets(799,5): message :       AfterCompile;
       C:\Program Files\dotnet\sdk\10.0.200\Sdks\Microsoft.NET.Sdk\targets\Microsoft.NET.Sdk.targets(799,5): message :     ;
       C:\Program Files\dotnet\sdk\10.0.200\Sdks\Microsoft.NET.Sdk\targets\Microsoft.NET.Sdk.targets(799,5): message :       _CreateAppHost;
       C:\Program Files\dotnet\sdk\10.0.200\Sdks\Microsoft.NET.Sdk\targets\Microsoft.NET.Sdk.targets(799,5): message :       _CreateComHost;
       C:\Program Files\dotnet\sdk\10.0.200\Sdks\Microsoft.NET.Sdk\targets\Microsoft.NET.Sdk.targets(799,5): message :       _GetIjwHostPaths;
       C:\Program Files\dotnet\sdk\10.0.200\Sdks\Microsoft.NET.Sdk\targets\Microsoft.NET.Sdk.targets(799,5): message :     " (предыдущее значение: "
       C:\Program Files\dotnet\sdk\10.0.200\Sdks\Microsoft.NET.Sdk\targets\Microsoft.NET.Sdk.targets(799,5): message :       ResolveReferences;
       C:\Program Files\dotnet\sdk\10.0.200\Sdks\Microsoft.NET.Sdk\targets\Microsoft.NET.Sdk.targets(799,5): message :       ResolveKeySource;
       C:\Program Files\dotnet\sdk\10.0.200\Sdks\Microsoft.NET.Sdk\targets\Microsoft.NET.Sdk.targets(799,5): message :       SetWin32ManifestProperties;
       C:\Program Files\dotnet\sdk\10.0.200\Sdks\Microsoft.NET.Sdk\targets\Microsoft.NET.Sdk.targets(799,5): message :       _SetPreferNativeArm64Win32ManifestProperties;
       C:\Program Files\dotnet\sdk\10.0.200\Sdks\Microsoft.NET.Sdk\targets\Microsoft.NET.Sdk.targets(799,5): message :       FindReferenceAssembliesForReferences;
       C:\Program Files\dotnet\sdk\10.0.200\Sdks\Microsoft.NET.Sdk\targets\Microsoft.NET.Sdk.targets(799,5): message :       _GenerateCompileInputs;
       C:\Program Files\dotnet\sdk\10.0.200\Sdks\Microsoft.NET.Sdk\targets\Microsoft.NET.Sdk.targets(799,5): message :       BeforeCompile;
       C:\Program Files\dotnet\sdk\10.0.200\Sdks\Microsoft.NET.Sdk\targets\Microsoft.NET.Sdk.targets(799,5): message :       _TimeStampBeforeCompile;
       C:\Program Files\dotnet\sdk\10.0.200\Sdks\Microsoft.NET.Sdk\targets\Microsoft.NET.Sdk.targets(799,5): message :       _GenerateCompileDependencyCache;
       C:\Program Files\dotnet\sdk\10.0.200\Sdks\Microsoft.NET.Sdk\targets\Microsoft.NET.Sdk.targets(799,5): message :       CoreCompile;
       C:\Program Files\dotnet\sdk\10.0.200\Sdks\Microsoft.NET.Sdk\targets\Microsoft.NET.Sdk.targets(799,5): message :       _TimeStampAfterCompile;
       C:\Program Files\dotnet\sdk\10.0.200\Sdks\Microsoft.NET.Sdk\targets\Microsoft.NET.Sdk.targets(799,5): message :       AfterCompile;
       C:\Program Files\dotnet\sdk\10.0.200\Sdks\Microsoft.NET.Sdk\targets\Microsoft.NET.Sdk.targets(799,5): message :     ") для C:\Program Files\dotnet\sdk\10.0.200\Sdks\Microsoft.NET.Sdk\targets\Microsoft.NET.Sdk.targets (799,5)
       C:\Program Files\dotnet\sdk\10.0.200\Sdks\Microsoft.NET.Sdk\targets\Microsoft.NET.Sdk.targets(1131,5): message : Повторное назначение свойства: $(CreateSatelliteAssembliesDependsOn)="
       C:\Program Files\dotnet\sdk\10.0.200\Sdks\Microsoft.NET.Sdk\targets\Microsoft.NET.Sdk.targets(1131,5): message :       
       C:\Program Files\dotnet\sdk\10.0.200\Sdks\Microsoft.NET.Sdk\targets\Microsoft.NET.Sdk.targets(1131,5): message :       ;
       C:\Program Files\dotnet\sdk\10.0.200\Sdks\Microsoft.NET.Sdk\targets\Microsoft.NET.Sdk.targets(1131,5): message :       _GenerateSatelliteAssemblyInputs;
       C:\Program Files\dotnet\sdk\10.0.200\Sdks\Microsoft.NET.Sdk\targets\Microsoft.NET.Sdk.targets(1131,5): message :       ComputeIntermediateSatelliteAssemblies;
       C:\Program Files\dotnet\sdk\10.0.200\Sdks\Microsoft.NET.Sdk\targets\Microsoft.NET.Sdk.targets(1131,5): message :       GenerateSatelliteAssemblies
       C:\Program Files\dotnet\sdk\10.0.200\Sdks\Microsoft.NET.Sdk\targets\Microsoft.NET.Sdk.targets(1131,5): message :     ;
       C:\Program Files\dotnet\sdk\10.0.200\Sdks\Microsoft.NET.Sdk\targets\Microsoft.NET.Sdk.targets(1131,5): message :       CoreGenerateSatelliteAssemblies
       C:\Program Files\dotnet\sdk\10.0.200\Sdks\Microsoft.NET.Sdk\targets\Microsoft.NET.Sdk.targets(1131,5): message :     " (предыдущее значение: "
       C:\Program Files\dotnet\sdk\10.0.200\Sdks\Microsoft.NET.Sdk\targets\Microsoft.NET.Sdk.targets(1131,5): message :       ;
       C:\Program Files\dotnet\sdk\10.0.200\Sdks\Microsoft.NET.Sdk\targets\Microsoft.NET.Sdk.targets(1131,5): message :       _GenerateSatelliteAssemblyInputs;
       C:\Program Files\dotnet\sdk\10.0.200\Sdks\Microsoft.NET.Sdk\targets\Microsoft.NET.Sdk.targets(1131,5): message :       ComputeIntermediateSatelliteAssemblies;
       C:\Program Files\dotnet\sdk\10.0.200\Sdks\Microsoft.NET.Sdk\targets\Microsoft.NET.Sdk.targets(1131,5): message :       GenerateSatelliteAssemblies
       C:\Program Files\dotnet\sdk\10.0.200\Sdks\Microsoft.NET.Sdk\targets\Microsoft.NET.Sdk.targets(1131,5): message :     ") для C:\Program Files\dotnet\sdk\10.0.200\Sdks\Microsoft.NET.Sdk\targets\Microsoft.NET.Sdk.targets (1131,5)
       C:\Program Files\dotnet\sdk\10.0.200\Sdks\Microsoft.SourceLink.GitLab\build\Microsoft.SourceLink.GitLab.targets(12,5): message : Повторное назначение свойства: $(SourceLinkUrlInitializerTargets)=";_InitializeGitHubSourceLinkUrl;_InitializeGitLabSourceLinkUrl" (предыдущее значение: ";_InitializeGitHubSourceLinkUrl") для C:\Program Files\dotnet\sdk\10.0.200\Sdks\Microsoft.SourceLink.GitLab\build\Microsoft.SourceLink.GitLab.targets (12,5)
       C:\Program Files\dotnet\sdk\10.0.200\Sdks\Microsoft.SourceLink.GitLab\build\Microsoft.SourceLink.GitLab.targets(13,5): message : Повторное назначение свойства: $(SourceControlManagerUrlTranslationTargets)=";TranslateGitHubUrlsInSourceControlInformation;TranslateGitLabUrlsInSourceControlInformation" (предыдущее значение: ";TranslateGitHubUrlsInSourceControlInformation") для C:\Program Files\dotnet\sdk\10.0.200\Sdks\Microsoft.SourceLink.GitLab\build\Microsoft.SourceLink.GitLab.targets (13,5)
       C:\Program Files\dotnet\sdk\10.0.200\Sdks\Microsoft.SourceLink.AzureRepos.Git\build\Microsoft.SourceLink.AzureRepos.Git.targets(12,5): message : Повторное назначение свойства: $(SourceLinkUrlInitializerTargets)=";_InitializeGitHubSourceLinkUrl;_InitializeGitLabSourceLinkUrl;_InitializeAzureReposGitSourceLinkUrl" (предыдущее значение: ";_InitializeGitHubSourceLinkUrl;_InitializeGitLabSourceLinkUrl") для C:\Program Files\dotnet\sdk\10.0.200\Sdks\Microsoft.SourceLink.AzureRepos.Git\build\Microsoft.SourceLink.AzureRepos.Git.targets (12,5)
       C:\Program Files\dotnet\sdk\10.0.200\Sdks\Microsoft.SourceLink.AzureRepos.Git\build\Microsoft.SourceLink.AzureRepos.Git.targets(13,5): message : Повторное назначение свойства: $(SourceControlManagerUrlTranslationTargets)=";TranslateGitHubUrlsInSourceControlInformation;TranslateGitLabUrlsInSourceControlInformation;TranslateAzureReposGitUrlsInSourceControlInformation" (предыдущее значение: ";TranslateGitHubUrlsInSourceControlInformation;TranslateGitLabUrlsInSourceControlInformation") для C:\Program Files\dotnet\sdk\10.0.200\Sdks\Microsoft.SourceLink.AzureRepos.Git\build\Microsoft.SourceLink.AzureRepos.Git.targets (13,5)
       C:\Program Files\dotnet\sdk\10.0.200\Sdks\Microsoft.SourceLink.Bitbucket.Git\build\Microsoft.SourceLink.Bitbucket.Git.targets(12,5): message : Повторное назначение свойства: $(SourceLinkUrlInitializerTargets)=";_InitializeGitHubSourceLinkUrl;_InitializeGitLabSourceLinkUrl;_InitializeAzureReposGitSourceLinkUrl;_InitializeBitbucketGitSourceLinkUrl" (предыдущее значение: ";_InitializeGitHubSourceLinkUrl;_InitializeGitLabSourceLinkUrl;_InitializeAzureReposGitSourceLinkUrl") для C:\Program Files\dotnet\sdk\10.0.200\Sdks\Microsoft.SourceLink.Bitbucket.Git\build\Microsoft.SourceLink.Bitbucket.Git.targets (12,5)
       C:\Program Files\dotnet\sdk\10.0.200\Sdks\Microsoft.SourceLink.Bitbucket.Git\build\Microsoft.SourceLink.Bitbucket.Git.targets(13,5): message : Повторное назначение свойства: $(SourceControlManagerUrlTranslationTargets)=";TranslateGitHubUrlsInSourceControlInformation;TranslateGitLabUrlsInSourceControlInformation;TranslateAzureReposGitUrlsInSourceControlInformation;TranslateBitbucketGitUrlsInSourceControlInformation" (предыдущее значение: ";TranslateGitHubUrlsInSourceControlInformation;TranslateGitLabUrlsInSourceControlInformation;TranslateAzureReposGitUrlsInSourceControlInformation") для C:\Program Files\dotnet\sdk\10.0.200\Sdks\Microsoft.SourceLink.Bitbucket.Git\build\Microsoft.SourceLink.Bitbucket.Git.targets (13,5)
       C:\Program Files\dotnet\sdk\10.0.200\Sdks\Microsoft.NET.Sdk\targets\Microsoft.NET.DesignerSupport.targets(21,5): message : Повторное назначение свойства: $(DesignerRuntimeImplementationProjectOutputGroupDependsOn)="
       C:\Program Files\dotnet\sdk\10.0.200\Sdks\Microsoft.NET.Sdk\targets\Microsoft.NET.DesignerSupport.targets(21,5): message :       
       C:\Program Files\dotnet\sdk\10.0.200\Sdks\Microsoft.NET.Sdk\targets\Microsoft.NET.DesignerSupport.targets(21,5): message :       ;
       C:\Program Files\dotnet\sdk\10.0.200\Sdks\Microsoft.NET.Sdk\targets\Microsoft.NET.DesignerSupport.targets(21,5): message :       
       C:\Program Files\dotnet\sdk\10.0.200\Sdks\Microsoft.NET.Sdk\targets\Microsoft.NET.DesignerSupport.targets(21,5): message :       ;
       C:\Program Files\dotnet\sdk\10.0.200\Sdks\Microsoft.NET.Sdk\targets\Microsoft.NET.DesignerSupport.targets(21,5): message :       BuildOnlySettings;
       C:\Program Files\dotnet\sdk\10.0.200\Sdks\Microsoft.NET.Sdk\targets\Microsoft.NET.DesignerSupport.targets(21,5): message :       PrepareForBuild;
       C:\Program Files\dotnet\sdk\10.0.200\Sdks\Microsoft.NET.Sdk\targets\Microsoft.NET.DesignerSupport.targets(21,5): message :       AssignTargetPaths;
       C:\Program Files\dotnet\sdk\10.0.200\Sdks\Microsoft.NET.Sdk\targets\Microsoft.NET.DesignerSupport.targets(21,5): message :       ResolveReferences
       C:\Program Files\dotnet\sdk\10.0.200\Sdks\Microsoft.NET.Sdk\targets\Microsoft.NET.DesignerSupport.targets(21,5): message :     
       C:\Program Files\dotnet\sdk\10.0.200\Sdks\Microsoft.NET.Sdk\targets\Microsoft.NET.DesignerSupport.targets(21,5): message :     ;
       C:\Program Files\dotnet\sdk\10.0.200\Sdks\Microsoft.NET.Sdk\targets\Microsoft.NET.DesignerSupport.targets(21,5): message :       _GenerateDesignerDepsFile;
       C:\Program Files\dotnet\sdk\10.0.200\Sdks\Microsoft.NET.Sdk\targets\Microsoft.NET.DesignerSupport.targets(21,5): message :       _GenerateDesignerRuntimeConfigFile;
       C:\Program Files\dotnet\sdk\10.0.200\Sdks\Microsoft.NET.Sdk\targets\Microsoft.NET.DesignerSupport.targets(21,5): message :       GetCopyToOutputDirectoryItems;
       C:\Program Files\dotnet\sdk\10.0.200\Sdks\Microsoft.NET.Sdk\targets\Microsoft.NET.DesignerSupport.targets(21,5): message :       _GatherDesignerShadowCopyFiles;
       C:\Program Files\dotnet\sdk\10.0.200\Sdks\Microsoft.NET.Sdk\targets\Microsoft.NET.DesignerSupport.targets(21,5): message :     " (предыдущее значение: "
       C:\Program Files\dotnet\sdk\10.0.200\Sdks\Microsoft.NET.Sdk\targets\Microsoft.NET.DesignerSupport.targets(21,5): message :       ;
       C:\Program Files\dotnet\sdk\10.0.200\Sdks\Microsoft.NET.Sdk\targets\Microsoft.NET.DesignerSupport.targets(21,5): message :       
       C:\Program Files\dotnet\sdk\10.0.200\Sdks\Microsoft.NET.Sdk\targets\Microsoft.NET.DesignerSupport.targets(21,5): message :       ;
       C:\Program Files\dotnet\sdk\10.0.200\Sdks\Microsoft.NET.Sdk\targets\Microsoft.NET.DesignerSupport.targets(21,5): message :       BuildOnlySettings;
       C:\Program Files\dotnet\sdk\10.0.200\Sdks\Microsoft.NET.Sdk\targets\Microsoft.NET.DesignerSupport.targets(21,5): message :       PrepareForBuild;
       C:\Program Files\dotnet\sdk\10.0.200\Sdks\Microsoft.NET.Sdk\targets\Microsoft.NET.DesignerSupport.targets(21,5): message :       AssignTargetPaths;
       C:\Program Files\dotnet\sdk\10.0.200\Sdks\Microsoft.NET.Sdk\targets\Microsoft.NET.DesignerSupport.targets(21,5): message :       ResolveReferences
       C:\Program Files\dotnet\sdk\10.0.200\Sdks\Microsoft.NET.Sdk\targets\Microsoft.NET.DesignerSupport.targets(21,5): message :     
       C:\Program Files\dotnet\sdk\10.0.200\Sdks\Microsoft.NET.Sdk\targets\Microsoft.NET.DesignerSupport.targets(21,5): message :     ") для C:\Program Files\dotnet\sdk\10.0.200\Sdks\Microsoft.NET.Sdk\targets\Microsoft.NET.DesignerSupport.targets (21,5)
       C:\Program Files\dotnet\sdk\10.0.200\Sdks\Microsoft.NET.Sdk\targets\Microsoft.NET.Sdk.CSharp.targets(31,5): message : Повторное назначение свойства: $(DefineConstants)="TRACE;DEBUG" (предыдущее значение: "TRACE") для C:\Program Files\dotnet\sdk\10.0.200\Sdks\Microsoft.NET.Sdk\targets\Microsoft.NET.Sdk.CSharp.targets (31,5)
       C:\Program Files\dotnet\sdk\10.0.200\Sdks\Microsoft.NET.Sdk\targets\Microsoft.NET.Sdk.CSharp.targets(45,5): message : Повторное назначение свойства: $(WarningsAsErrors)=";NU1605;SYSLIB0011" (предыдущее значение: ";NU1605") для C:\Program Files\dotnet\sdk\10.0.200\Sdks\Microsoft.NET.Sdk\targets\Microsoft.NET.Sdk.CSharp.targets (45,5)
       C:\Program Files\dotnet\sdk\10.0.200\Sdks\Microsoft.NET.Sdk\targets\Microsoft.NET.Windows.targets(49,5): message : Повторное назначение свойства: $(TargetPlatformVersion)="7.0" (предыдущее значение: "") для C:\Program Files\dotnet\sdk\10.0.200\Sdks\Microsoft.NET.Sdk\targets\Microsoft.NET.Windows.targets (49,5)
       C:\Program Files\dotnet\sdk\10.0.200\Sdks\Microsoft.NET.Sdk\targets\Microsoft.NET.Windows.targets(50,5): message : Повторное назначение свойства: $(EffectiveTargetPlatformVersion)="7.0" (предыдущее значение: "") для C:\Program Files\dotnet\sdk\10.0.200\Sdks\Microsoft.NET.Sdk\targets\Microsoft.NET.Windows.targets (50,5)
       C:\Program Files\dotnet\sdk\10.0.200\Sdks\Microsoft.NET.Sdk\targets\Microsoft.NET.Windows.targets(60,5): message : Повторное назначение свойства: $(SupportedOSPlatformVersion)="7.0" (предыдущее значение: "") для C:\Program Files\dotnet\sdk\10.0.200\Sdks\Microsoft.NET.Sdk\targets\Microsoft.NET.Windows.targets (60,5)
       C:\Program Files\dotnet\sdk\10.0.200\Sdks\Microsoft.NET.Sdk\targets\Microsoft.NET.Windows.targets(61,5): message : Повторное назначение свойства: $(TargetPlatformMinVersion)="7.0" (предыдущее значение: "") для C:\Program Files\dotnet\sdk\10.0.200\Sdks\Microsoft.NET.Sdk\targets\Microsoft.NET.Windows.targets (61,5)
       C:\Program Files\dotnet\sdk\10.0.200\Sdks\Microsoft.NET.Sdk\targets\Microsoft.NET.Windows.targets(239,5): message : Повторное назначение свойства: $(_RunCsWinRTGeneratorPropertyInputsCachePath)="I:\WEAKEST LINK SOPFTWARE AI TESTERING FINALE\obj\Debug\net10.0-windows\WeakestLink.cswinrtgen.cache" (предыдущее значение: "obj\Debug\net10.0-windows\WeakestLink.cswinrtgen.cache") для C:\Program Files\dotnet\sdk\10.0.200\Sdks\Microsoft.NET.Sdk\targets\Microsoft.NET.Windows.targets (239,5)
       C:\Program Files\dotnet\sdk\10.0.200\Sdks\Microsoft.NET.Sdk\targets\Microsoft.NET.Sdk.targets(1497,5): message : Повторное назначение свойства: $(TargetPlatformDisplayName)="Windows 7.0" (предыдущее значение: "Windows ") для C:\Program Files\dotnet\sdk\10.0.200\Sdks\Microsoft.NET.Sdk\targets\Microsoft.NET.Sdk.targets (1497,5)
       C:\Program Files\dotnet\sdk\10.0.200\Sdks\Microsoft.NET.Sdk.WindowsDesktop\targets\Microsoft.NET.Sdk.WindowsDesktop.targets(51,5): message : Повторное назначение свойства: $(_TargetFrameworkVersionValue)="10.0" (предыдущее значение: "0.0") для C:\Program Files\dotnet\sdk\10.0.200\Sdks\Microsoft.NET.Sdk.WindowsDesktop\targets\Microsoft.NET.Sdk.WindowsDesktop.targets (51,5)
       C:\Program Files\dotnet\sdk\10.0.200\Sdks\Microsoft.NET.Sdk.WindowsDesktop\targets\Microsoft.WinFX.targets(61,7): message : Повторное назначение свойства: $(PrepareResourceNamesDependsOn)="
       C:\Program Files\dotnet\sdk\10.0.200\Sdks\Microsoft.NET.Sdk.WindowsDesktop\targets\Microsoft.WinFX.targets(61,7): message :                     AssignWinFXEmbeddedResource;
       C:\Program Files\dotnet\sdk\10.0.200\Sdks\Microsoft.NET.Sdk.WindowsDesktop\targets\Microsoft.WinFX.targets(61,7): message :                     
       C:\Program Files\dotnet\sdk\10.0.200\Sdks\Microsoft.NET.Sdk.WindowsDesktop\targets\Microsoft.WinFX.targets(61,7): message :       AssignTargetPaths;
       C:\Program Files\dotnet\sdk\10.0.200\Sdks\Microsoft.NET.Sdk.WindowsDesktop\targets\Microsoft.WinFX.targets(61,7): message :       SplitResourcesByCulture;
       C:\Program Files\dotnet\sdk\10.0.200\Sdks\Microsoft.NET.Sdk.WindowsDesktop\targets\Microsoft.WinFX.targets(61,7): message :       CreateManifestResourceNames;
       C:\Program Files\dotnet\sdk\10.0.200\Sdks\Microsoft.NET.Sdk.WindowsDesktop\targets\Microsoft.WinFX.targets(61,7): message :       CreateCustomManifestResourceNames
       C:\Program Files\dotnet\sdk\10.0.200\Sdks\Microsoft.NET.Sdk.WindowsDesktop\targets\Microsoft.WinFX.targets(61,7): message :     
       C:\Program Files\dotnet\sdk\10.0.200\Sdks\Microsoft.NET.Sdk.WindowsDesktop\targets\Microsoft.WinFX.targets(61,7): message :       " (предыдущее значение: "
       C:\Program Files\dotnet\sdk\10.0.200\Sdks\Microsoft.NET.Sdk.WindowsDesktop\targets\Microsoft.WinFX.targets(61,7): message :       AssignTargetPaths;
       C:\Program Files\dotnet\sdk\10.0.200\Sdks\Microsoft.NET.Sdk.WindowsDesktop\targets\Microsoft.WinFX.targets(61,7): message :       SplitResourcesByCulture;
       C:\Program Files\dotnet\sdk\10.0.200\Sdks\Microsoft.NET.Sdk.WindowsDesktop\targets\Microsoft.WinFX.targets(61,7): message :       CreateManifestResourceNames;
       C:\Program Files\dotnet\sdk\10.0.200\Sdks\Microsoft.NET.Sdk.WindowsDesktop\targets\Microsoft.WinFX.targets(61,7): message :       CreateCustomManifestResourceNames
       C:\Program Files\dotnet\sdk\10.0.200\Sdks\Microsoft.NET.Sdk.WindowsDesktop\targets\Microsoft.WinFX.targets(61,7): message :     ") для C:\Program Files\dotnet\sdk\10.0.200\Sdks\Microsoft.NET.Sdk.WindowsDesktop\targets\Microsoft.WinFX.targets (61,7)
       C:\Program Files\dotnet\sdk\10.0.200\Sdks\Microsoft.NET.Sdk.WindowsDesktop\targets\Microsoft.WinFX.targets(69,7): message : Повторное назначение свойства: $(PrepareResourcesDependsOn)="
       C:\Program Files\dotnet\sdk\10.0.200\Sdks\Microsoft.NET.Sdk.WindowsDesktop\targets\Microsoft.WinFX.targets(69,7): message :                 MarkupCompilePass1;
       C:\Program Files\dotnet\sdk\10.0.200\Sdks\Microsoft.NET.Sdk.WindowsDesktop\targets\Microsoft.WinFX.targets(69,7): message :                 AfterMarkupCompilePass1;
       C:\Program Files\dotnet\sdk\10.0.200\Sdks\Microsoft.NET.Sdk.WindowsDesktop\targets\Microsoft.WinFX.targets(69,7): message :                 MarkupCompilePass2ForMainAssembly;
       C:\Program Files\dotnet\sdk\10.0.200\Sdks\Microsoft.NET.Sdk.WindowsDesktop\targets\Microsoft.WinFX.targets(69,7): message :                 FileClassification;
       C:\Program Files\dotnet\sdk\10.0.200\Sdks\Microsoft.NET.Sdk.WindowsDesktop\targets\Microsoft.WinFX.targets(69,7): message :                 MainResourcesGeneration;
       C:\Program Files\dotnet\sdk\10.0.200\Sdks\Microsoft.NET.Sdk.WindowsDesktop\targets\Microsoft.WinFX.targets(69,7): message :                 
       C:\Program Files\dotnet\sdk\10.0.200\Sdks\Microsoft.NET.Sdk.WindowsDesktop\targets\Microsoft.WinFX.targets(69,7): message :       ResolvePackageDependenciesForBuild;
       C:\Program Files\dotnet\sdk\10.0.200\Sdks\Microsoft.NET.Sdk.WindowsDesktop\targets\Microsoft.WinFX.targets(69,7): message :       _HandlePackageFileConflicts;
       C:\Program Files\dotnet\sdk\10.0.200\Sdks\Microsoft.NET.Sdk.WindowsDesktop\targets\Microsoft.WinFX.targets(69,7): message :       
       C:\Program Files\dotnet\sdk\10.0.200\Sdks\Microsoft.NET.Sdk.WindowsDesktop\targets\Microsoft.WinFX.targets(69,7): message :       ;
       C:\Program Files\dotnet\sdk\10.0.200\Sdks\Microsoft.NET.Sdk.WindowsDesktop\targets\Microsoft.WinFX.targets(69,7): message :       PrepareResourceNames;
       C:\Program Files\dotnet\sdk\10.0.200\Sdks\Microsoft.NET.Sdk.WindowsDesktop\targets\Microsoft.WinFX.targets(69,7): message :       ResGen;
       C:\Program Files\dotnet\sdk\10.0.200\Sdks\Microsoft.NET.Sdk.WindowsDesktop\targets\Microsoft.WinFX.targets(69,7): message :       CompileLicxFiles
       C:\Program Files\dotnet\sdk\10.0.200\Sdks\Microsoft.NET.Sdk.WindowsDesktop\targets\Microsoft.WinFX.targets(69,7): message :     
       C:\Program Files\dotnet\sdk\10.0.200\Sdks\Microsoft.NET.Sdk.WindowsDesktop\targets\Microsoft.WinFX.targets(69,7): message :     
       C:\Program Files\dotnet\sdk\10.0.200\Sdks\Microsoft.NET.Sdk.WindowsDesktop\targets\Microsoft.WinFX.targets(69,7): message :       " (предыдущее значение: "
       C:\Program Files\dotnet\sdk\10.0.200\Sdks\Microsoft.NET.Sdk.WindowsDesktop\targets\Microsoft.WinFX.targets(69,7): message :       ResolvePackageDependenciesForBuild;
       C:\Program Files\dotnet\sdk\10.0.200\Sdks\Microsoft.NET.Sdk.WindowsDesktop\targets\Microsoft.WinFX.targets(69,7): message :       _HandlePackageFileConflicts;
       C:\Program Files\dotnet\sdk\10.0.200\Sdks\Microsoft.NET.Sdk.WindowsDesktop\targets\Microsoft.WinFX.targets(69,7): message :       
       C:\Program Files\dotnet\sdk\10.0.200\Sdks\Microsoft.NET.Sdk.WindowsDesktop\targets\Microsoft.WinFX.targets(69,7): message :       ;
       C:\Program Files\dotnet\sdk\10.0.200\Sdks\Microsoft.NET.Sdk.WindowsDesktop\targets\Microsoft.WinFX.targets(69,7): message :       PrepareResourceNames;
       C:\Program Files\dotnet\sdk\10.0.200\Sdks\Microsoft.NET.Sdk.WindowsDesktop\targets\Microsoft.WinFX.targets(69,7): message :       ResGen;
       C:\Program Files\dotnet\sdk\10.0.200\Sdks\Microsoft.NET.Sdk.WindowsDesktop\targets\Microsoft.WinFX.targets(69,7): message :       CompileLicxFiles
       C:\Program Files\dotnet\sdk\10.0.200\Sdks\Microsoft.NET.Sdk.WindowsDesktop\targets\Microsoft.WinFX.targets(69,7): message :     
       C:\Program Files\dotnet\sdk\10.0.200\Sdks\Microsoft.NET.Sdk.WindowsDesktop\targets\Microsoft.WinFX.targets(69,7): message :     ") для C:\Program Files\dotnet\sdk\10.0.200\Sdks\Microsoft.NET.Sdk.WindowsDesktop\targets\Microsoft.WinFX.targets (69,7)
       C:\Program Files\dotnet\sdk\10.0.200\Sdks\Microsoft.NET.Sdk.WindowsDesktop\targets\Microsoft.WinFX.targets(136,5): message : Повторное назначение свойства: $(CompileDependsOn)="
       C:\Program Files\dotnet\sdk\10.0.200\Sdks\Microsoft.NET.Sdk.WindowsDesktop\targets\Microsoft.WinFX.targets(136,5): message :         
       C:\Program Files\dotnet\sdk\10.0.200\Sdks\Microsoft.NET.Sdk.WindowsDesktop\targets\Microsoft.WinFX.targets(136,5): message :       
       C:\Program Files\dotnet\sdk\10.0.200\Sdks\Microsoft.NET.Sdk.WindowsDesktop\targets\Microsoft.WinFX.targets(136,5): message :       ResolveReferences;
       C:\Program Files\dotnet\sdk\10.0.200\Sdks\Microsoft.NET.Sdk.WindowsDesktop\targets\Microsoft.WinFX.targets(136,5): message :       ResolveKeySource;
       C:\Program Files\dotnet\sdk\10.0.200\Sdks\Microsoft.NET.Sdk.WindowsDesktop\targets\Microsoft.WinFX.targets(136,5): message :       SetWin32ManifestProperties;
       C:\Program Files\dotnet\sdk\10.0.200\Sdks\Microsoft.NET.Sdk.WindowsDesktop\targets\Microsoft.WinFX.targets(136,5): message :       _SetPreferNativeArm64Win32ManifestProperties;
       C:\Program Files\dotnet\sdk\10.0.200\Sdks\Microsoft.NET.Sdk.WindowsDesktop\targets\Microsoft.WinFX.targets(136,5): message :       FindReferenceAssembliesForReferences;
       C:\Program Files\dotnet\sdk\10.0.200\Sdks\Microsoft.NET.Sdk.WindowsDesktop\targets\Microsoft.WinFX.targets(136,5): message :       _GenerateCompileInputs;
       C:\Program Files\dotnet\sdk\10.0.200\Sdks\Microsoft.NET.Sdk.WindowsDesktop\targets\Microsoft.WinFX.targets(136,5): message :       BeforeCompile;
       C:\Program Files\dotnet\sdk\10.0.200\Sdks\Microsoft.NET.Sdk.WindowsDesktop\targets\Microsoft.WinFX.targets(136,5): message :       _TimeStampBeforeCompile;
       C:\Program Files\dotnet\sdk\10.0.200\Sdks\Microsoft.NET.Sdk.WindowsDesktop\targets\Microsoft.WinFX.targets(136,5): message :       _GenerateCompileDependencyCache;
       C:\Program Files\dotnet\sdk\10.0.200\Sdks\Microsoft.NET.Sdk.WindowsDesktop\targets\Microsoft.WinFX.targets(136,5): message :       CoreCompile;
       C:\Program Files\dotnet\sdk\10.0.200\Sdks\Microsoft.NET.Sdk.WindowsDesktop\targets\Microsoft.WinFX.targets(136,5): message :       _TimeStampAfterCompile;
       C:\Program Files\dotnet\sdk\10.0.200\Sdks\Microsoft.NET.Sdk.WindowsDesktop\targets\Microsoft.WinFX.targets(136,5): message :       AfterCompile;
       C:\Program Files\dotnet\sdk\10.0.200\Sdks\Microsoft.NET.Sdk.WindowsDesktop\targets\Microsoft.WinFX.targets(136,5): message :     ;
       C:\Program Files\dotnet\sdk\10.0.200\Sdks\Microsoft.NET.Sdk.WindowsDesktop\targets\Microsoft.WinFX.targets(136,5): message :       _CreateAppHost;
       C:\Program Files\dotnet\sdk\10.0.200\Sdks\Microsoft.NET.Sdk.WindowsDesktop\targets\Microsoft.WinFX.targets(136,5): message :       _CreateComHost;
       C:\Program Files\dotnet\sdk\10.0.200\Sdks\Microsoft.NET.Sdk.WindowsDesktop\targets\Microsoft.WinFX.targets(136,5): message :       _GetIjwHostPaths;
       C:\Program Files\dotnet\sdk\10.0.200\Sdks\Microsoft.NET.Sdk.WindowsDesktop\targets\Microsoft.WinFX.targets(136,5): message :     ;
       C:\Program Files\dotnet\sdk\10.0.200\Sdks\Microsoft.NET.Sdk.WindowsDesktop\targets\Microsoft.WinFX.targets(136,5): message :         _AfterCompileWinFXInternal
       C:\Program Files\dotnet\sdk\10.0.200\Sdks\Microsoft.NET.Sdk.WindowsDesktop\targets\Microsoft.WinFX.targets(136,5): message :     " (предыдущее значение: "
       C:\Program Files\dotnet\sdk\10.0.200\Sdks\Microsoft.NET.Sdk.WindowsDesktop\targets\Microsoft.WinFX.targets(136,5): message :       
       C:\Program Files\dotnet\sdk\10.0.200\Sdks\Microsoft.NET.Sdk.WindowsDesktop\targets\Microsoft.WinFX.targets(136,5): message :       ResolveReferences;
       C:\Program Files\dotnet\sdk\10.0.200\Sdks\Microsoft.NET.Sdk.WindowsDesktop\targets\Microsoft.WinFX.targets(136,5): message :       ResolveKeySource;
       C:\Program Files\dotnet\sdk\10.0.200\Sdks\Microsoft.NET.Sdk.WindowsDesktop\targets\Microsoft.WinFX.targets(136,5): message :       SetWin32ManifestProperties;
       C:\Program Files\dotnet\sdk\10.0.200\Sdks\Microsoft.NET.Sdk.WindowsDesktop\targets\Microsoft.WinFX.targets(136,5): message :       _SetPreferNativeArm64Win32ManifestProperties;
       C:\Program Files\dotnet\sdk\10.0.200\Sdks\Microsoft.NET.Sdk.WindowsDesktop\targets\Microsoft.WinFX.targets(136,5): message :       FindReferenceAssembliesForReferences;
       C:\Program Files\dotnet\sdk\10.0.200\Sdks\Microsoft.NET.Sdk.WindowsDesktop\targets\Microsoft.WinFX.targets(136,5): message :       _GenerateCompileInputs;
       C:\Program Files\dotnet\sdk\10.0.200\Sdks\Microsoft.NET.Sdk.WindowsDesktop\targets\Microsoft.WinFX.targets(136,5): message :       BeforeCompile;
       C:\Program Files\dotnet\sdk\10.0.200\Sdks\Microsoft.NET.Sdk.WindowsDesktop\targets\Microsoft.WinFX.targets(136,5): message :       _TimeStampBeforeCompile;
       C:\Program Files\dotnet\sdk\10.0.200\Sdks\Microsoft.NET.Sdk.WindowsDesktop\targets\Microsoft.WinFX.targets(136,5): message :       _GenerateCompileDependencyCache;
       C:\Program Files\dotnet\sdk\10.0.200\Sdks\Microsoft.NET.Sdk.WindowsDesktop\targets\Microsoft.WinFX.targets(136,5): message :       CoreCompile;
       C:\Program Files\dotnet\sdk\10.0.200\Sdks\Microsoft.NET.Sdk.WindowsDesktop\targets\Microsoft.WinFX.targets(136,5): message :       _TimeStampAfterCompile;
       C:\Program Files\dotnet\sdk\10.0.200\Sdks\Microsoft.NET.Sdk.WindowsDesktop\targets\Microsoft.WinFX.targets(136,5): message :       AfterCompile;
       C:\Program Files\dotnet\sdk\10.0.200\Sdks\Microsoft.NET.Sdk.WindowsDesktop\targets\Microsoft.WinFX.targets(136,5): message :     ;
       C:\Program Files\dotnet\sdk\10.0.200\Sdks\Microsoft.NET.Sdk.WindowsDesktop\targets\Microsoft.WinFX.targets(136,5): message :       _CreateAppHost;
       C:\Program Files\dotnet\sdk\10.0.200\Sdks\Microsoft.NET.Sdk.WindowsDesktop\targets\Microsoft.WinFX.targets(136,5): message :       _CreateComHost;
       C:\Program Files\dotnet\sdk\10.0.200\Sdks\Microsoft.NET.Sdk.WindowsDesktop\targets\Microsoft.WinFX.targets(136,5): message :       _GetIjwHostPaths;
       C:\Program Files\dotnet\sdk\10.0.200\Sdks\Microsoft.NET.Sdk.WindowsDesktop\targets\Microsoft.WinFX.targets(136,5): message :     ") для C:\Program Files\dotnet\sdk\10.0.200\Sdks\Microsoft.NET.Sdk.WindowsDesktop\targets\Microsoft.WinFX.targets (136,5)
       C:\Program Files\dotnet\sdk\10.0.200\Sdks\Microsoft.NET.Sdk.WindowsDesktop\targets\Microsoft.WinFX.targets(803,9): message : Повторное назначение свойства: $(PublishBuildDependsOn)="
       C:\Program Files\dotnet\sdk\10.0.200\Sdks\Microsoft.NET.Sdk.WindowsDesktop\targets\Microsoft.WinFX.targets(803,9): message :             BuildOnlySettings;
       C:\Program Files\dotnet\sdk\10.0.200\Sdks\Microsoft.NET.Sdk.WindowsDesktop\targets\Microsoft.WinFX.targets(803,9): message :             PrepareForBuild;
       C:\Program Files\dotnet\sdk\10.0.200\Sdks\Microsoft.NET.Sdk.WindowsDesktop\targets\Microsoft.WinFX.targets(803,9): message :             ResolveReferences;
       C:\Program Files\dotnet\sdk\10.0.200\Sdks\Microsoft.NET.Sdk.WindowsDesktop\targets\Microsoft.WinFX.targets(803,9): message :             PrepareResources;
       C:\Program Files\dotnet\sdk\10.0.200\Sdks\Microsoft.NET.Sdk.WindowsDesktop\targets\Microsoft.WinFX.targets(803,9): message :             ResolveKeySource;
       C:\Program Files\dotnet\sdk\10.0.200\Sdks\Microsoft.NET.Sdk.WindowsDesktop\targets\Microsoft.WinFX.targets(803,9): message :             PrepareResourcesForSatelliteAssemblies;
       C:\Program Files\dotnet\sdk\10.0.200\Sdks\Microsoft.NET.Sdk.WindowsDesktop\targets\Microsoft.WinFX.targets(803,9): message :             GenerateSerializationAssemblies;
       C:\Program Files\dotnet\sdk\10.0.200\Sdks\Microsoft.NET.Sdk.WindowsDesktop\targets\Microsoft.WinFX.targets(803,9): message :             CreateSatelliteAssemblies;
       C:\Program Files\dotnet\sdk\10.0.200\Sdks\Microsoft.NET.Sdk.WindowsDesktop\targets\Microsoft.WinFX.targets(803,9): message :         " (предыдущее значение: "
       C:\Program Files\dotnet\sdk\10.0.200\Sdks\Microsoft.NET.Sdk.WindowsDesktop\targets\Microsoft.WinFX.targets(803,9): message :       BuildOnlySettings;
       C:\Program Files\dotnet\sdk\10.0.200\Sdks\Microsoft.NET.Sdk.WindowsDesktop\targets\Microsoft.WinFX.targets(803,9): message :       PrepareForBuild;
       C:\Program Files\dotnet\sdk\10.0.200\Sdks\Microsoft.NET.Sdk.WindowsDesktop\targets\Microsoft.WinFX.targets(803,9): message :       ResolveReferences;
       C:\Program Files\dotnet\sdk\10.0.200\Sdks\Microsoft.NET.Sdk.WindowsDesktop\targets\Microsoft.WinFX.targets(803,9): message :       PrepareResources;
       C:\Program Files\dotnet\sdk\10.0.200\Sdks\Microsoft.NET.Sdk.WindowsDesktop\targets\Microsoft.WinFX.targets(803,9): message :       ResolveKeySource;
       C:\Program Files\dotnet\sdk\10.0.200\Sdks\Microsoft.NET.Sdk.WindowsDesktop\targets\Microsoft.WinFX.targets(803,9): message :       GenerateSerializationAssemblies;
       C:\Program Files\dotnet\sdk\10.0.200\Sdks\Microsoft.NET.Sdk.WindowsDesktop\targets\Microsoft.WinFX.targets(803,9): message :       CreateSatelliteAssemblies;
       C:\Program Files\dotnet\sdk\10.0.200\Sdks\Microsoft.NET.Sdk.WindowsDesktop\targets\Microsoft.WinFX.targets(803,9): message :     ") для C:\Program Files\dotnet\sdk\10.0.200\Sdks\Microsoft.NET.Sdk.WindowsDesktop\targets\Microsoft.WinFX.targets (803,9)
       C:\Program Files\dotnet\sdk\10.0.200\NuGet.Build.Tasks.Pack.targets(34,5): message : Повторное назначение свойства: $(PackageDescription)="Package Description" (предыдущее значение: "") для C:\Program Files\dotnet\sdk\10.0.200\NuGet.Build.Tasks.Pack.targets (34,5)
       C:\Program Files\dotnet\sdk\10.0.200\NuGet.Build.Tasks.Pack.targets(59,5): message : Повторное назначение свойства: $(GenerateNuspecDependsOn)="Build;_LoadPackInputItems; _GetTargetFrameworksOutput; _WalkEachTargetPerFramework; _GetPackageFiles; " (предыдущее значение: "_LoadPackInputItems; _GetTargetFrameworksOutput; _WalkEachTargetPerFramework; _GetPackageFiles; ") для C:\Program Files\dotnet\sdk\10.0.200\NuGet.Build.Tasks.Pack.targets (59,5)
       C:\Program Files\dotnet\sdk\10.0.200\Sdks\Microsoft.NET.Sdk\Sdk\Sdk.targets(59,5): message : Повторное назначение свойства: $(_IsNotSetContainersTargetsDir)="true" (предыдущее значение: "false") для C:\Program Files\dotnet\sdk\10.0.200\Sdks\Microsoft.NET.Sdk\Sdk\Sdk.targets (59,5)
       C:\Program Files\dotnet\sdk\10.0.200\Containers\build\Microsoft.NET.Build.Containers.targets(5,5): message : Повторное назначение свойства: $(_IsSDKContainerAllowedVersion)="true" (предыдущее значение: "false") для C:\Program Files\dotnet\sdk\10.0.200\Containers\build\Microsoft.NET.Build.Containers.targets (5,5)
       C:\Program Files\dotnet\sdk\10.0.200\Containers\build\Microsoft.NET.Build.Containers.targets(15,5): message : Повторное назначение свойства: $(_ContainerIsTargetingNet8TFM)="true" (предыдущее значение: "false") для C:\Program Files\dotnet\sdk\10.0.200\Containers\build\Microsoft.NET.Build.Containers.targets (15,5)
       Переопределение целевого объекта "ResolveFrameworkReferences" в проекте "C:\Program Files\dotnet\sdk\10.0.200\Microsoft.Common.CurrentVersion.targets" целевым объект "ResolveFrameworkReferences" из проекта "C:\Program Files\dotnet\sdk\10.0.200\Sdks\Microsoft.NET.Sdk\targets\Microsoft.NET.Sdk.FrameworkReferenceResolution.targets".
       Переопределение целевого объекта "GenerateSupportedTargetFrameworkAlias" в проекте "C:\Program Files\dotnet\sdk\10.0.200\Microsoft.Common.CurrentVersion.targets" целевым объект "GenerateSupportedTargetFrameworkAlias" из проекта "C:\Program Files\dotnet\sdk\10.0.200\Sdks\Microsoft.NET.Sdk\targets\Microsoft.NET.Sdk.targets".
       Переопределение целевого объекта "GetReferenceAssemblyPaths" в проекте "C:\Program Files\dotnet\sdk\10.0.200\Microsoft.Common.CurrentVersion.targets" целевым объект "GetReferenceAssemblyPaths" из проекта "C:\Program Files\dotnet\sdk\10.0.200\Sdks\Microsoft.NET.Sdk\targets\Microsoft.NET.DisableStandardFrameworkResolution.targets".
       Переопределение целевого объекта "GetFrameworkPaths" в проекте "C:\Program Files\dotnet\sdk\10.0.200\Microsoft.Common.CurrentVersion.targets" целевым объект "GetFrameworkPaths" из проекта "C:\Program Files\dotnet\sdk\10.0.200\Sdks\Microsoft.NET.Sdk\targets\Microsoft.NET.DisableStandardFrameworkResolution.targets".
       Переопределение целевого объекта "DesignerRuntimeImplementationProjectOutputGroup" в проекте "C:\Program Files\dotnet\sdk\10.0.200\Microsoft.Common.CurrentVersion.targets" целевым объект "DesignerRuntimeImplementationProjectOutputGroup" из проекта "C:\Program Files\dotnet\sdk\10.0.200\Sdks\Microsoft.NET.Sdk\targets\Microsoft.NET.DesignerSupport.targets".
       Переопределение целевого объекта "Publish" в проекте "C:\Program Files\dotnet\sdk\10.0.200\Microsoft.Common.CurrentVersion.targets" целевым объект "Publish" из проекта "C:\Program Files\dotnet\sdk\10.0.200\Sdks\Microsoft.NET.Sdk\targets\Microsoft.NET.Publish.targets".
       Переопределение целевого объекта "ResolveReadyToRunCompilers" в проекте "C:\Program Files\dotnet\sdk\10.0.200\Sdks\Microsoft.NET.Sdk\targets\Microsoft.NET.CrossGen.targets" целевым объект "ResolveReadyToRunCompilers" из проекта "C:\Program Files\dotnet\sdk\10.0.200\Sdks\Microsoft.NET.Sdk\targets\Microsoft.NET.Publish.targets".
       Переопределение целевого объекта "GetCopyToPublishDirectoryItems" в проекте "C:\Program Files\dotnet\sdk\10.0.200\Microsoft.Common.CurrentVersion.targets" целевым объект "GetCopyToPublishDirectoryItems" из проекта "C:\Program Files\dotnet\sdk\10.0.200\Sdks\Microsoft.NET.Sdk\targets\Microsoft.NET.Publish.targets".
       Переопределение целевого объекта "Run" в проекте "C:\Program Files\dotnet\sdk\10.0.200\Microsoft.Common.CurrentVersion.targets" целевым объект "Run" из проекта "C:\Program Files\dotnet\sdk\10.0.200\Sdks\Microsoft.NET.Sdk\targets\Microsoft.NET.Sdk.targets".
       Переопределение целевого объекта "SatelliteDllsProjectOutputGroup" в проекте "C:\Program Files\dotnet\sdk\10.0.200\Microsoft.Common.CurrentVersion.targets" целевым объект "SatelliteDllsProjectOutputGroup" из проекта "C:\Program Files\dotnet\sdk\10.0.200\Sdks\Microsoft.NET.Sdk.WindowsDesktop\targets\Microsoft.WinFX.targets".
     1>Проект "I:\WEAKEST LINK SOPFTWARE AI TESTERING FINALE\WeakestLink.csproj" в узле 1 (целевые объекты Restore).
     1>Целевой объект "_LoadRestoreGraphEntryPoints" в файле "C:\Program Files\dotnet\sdk\10.0.200\NuGet.targets" из проекта "I:\WEAKEST LINK SOPFTWARE AI TESTERING FINALE\WeakestLink.csproj" (целевой объект "_FilterRestoreGraphProjectInputItems" зависит от него):
     1>Сборка целевого объекта "_LoadRestoreGraphEntryPoints" в проекте "WeakestLink.csproj" завершена.
     1>Целевой объект "_FilterRestoreGraphProjectInputItems" в файле "C:\Program Files\dotnet\sdk\10.0.200\NuGet.targets" из проекта "I:\WEAKEST LINK SOPFTWARE AI TESTERING FINALE\WeakestLink.csproj" (целевой объект "_GenerateRestoreGraph" зависит от него):
       Используется задача "RemoveDuplicates" из сборки "Microsoft.Build.Tasks.Core, Version=15.1.0.0, Culture=neutral, PublicKeyToken=b03f5f7f11d50a3a".
       Задача "RemoveDuplicates"
       Выполнение задачи "RemoveDuplicates" завершено.
       Используется задача "MSBuild" из сборки "Microsoft.Build.Tasks.Core, Version=15.1.0.0, Culture=neutral, PublicKeyToken=b03f5f7f11d50a3a".
       Задача "MSBuild"
         Глобальные свойства:
           ExcludeRestorePackageImports=true
     0>C:\Program Files\dotnet\sdk\10.0.200\Sdks\Microsoft.NET.Sdk\Sdk\Sdk.props(49,11): message : Свойство "MSBuildExtensionsPath" со значением "C:\Program Files\dotnet\sdk\10.0.200\" развернуто из окружения.
       C:\Program Files\dotnet\sdk\10.0.200\Current\Microsoft.Common.props(60,5): message : Повторное назначение свойства: $(MSBuildProjectExtensionsPath)="I:\WEAKEST LINK SOPFTWARE AI TESTERING FINALE\obj\" (предыдущее значение: "obj\") для C:\Program Files\dotnet\sdk\10.0.200\Current\Microsoft.Common.props (60,5)
       C:\Program Files\dotnet\sdk\10.0.200\Current\Microsoft.Common.props(84,119): message : Свойство "MSBuildUserExtensionsPath" со значением "C:\Users\Timontiy\AppData\Local\Microsoft\MSBuild" развернуто из окружения.
       C:\Program Files\dotnet\sdk\10.0.200\Sdks\Microsoft.NET.Sdk\targets\Microsoft.NET.Sdk.props(90,5): message : Повторное назначение свойства: $(AssemblySearchPaths)="{CandidateAssemblyFiles};{HintPathFromItem}" (предыдущее значение: "{CandidateAssemblyFiles}") для C:\Program Files\dotnet\sdk\10.0.200\Sdks\Microsoft.NET.Sdk\targets\Microsoft.NET.Sdk.props (90,5)
       C:\Program Files\dotnet\sdk\10.0.200\Sdks\Microsoft.NET.Sdk\targets\Microsoft.NET.Sdk.props(91,5): message : Повторное назначение свойства: $(AssemblySearchPaths)="{CandidateAssemblyFiles};{HintPathFromItem};{TargetFrameworkDirectory}" (предыдущее значение: "{CandidateAssemblyFiles};{HintPathFromItem}") для C:\Program Files\dotnet\sdk\10.0.200\Sdks\Microsoft.NET.Sdk\targets\Microsoft.NET.Sdk.props (91,5)
       C:\Program Files\dotnet\sdk\10.0.200\Sdks\Microsoft.NET.Sdk\targets\Microsoft.NET.Sdk.props(92,5): message : Повторное назначение свойства: $(AssemblySearchPaths)="{CandidateAssemblyFiles};{HintPathFromItem};{TargetFrameworkDirectory};{RawFileName}" (предыдущее значение: "{CandidateAssemblyFiles};{HintPathFromItem};{TargetFrameworkDirectory}") для C:\Program Files\dotnet\sdk\10.0.200\Sdks\Microsoft.NET.Sdk\targets\Microsoft.NET.Sdk.props (92,5)
       I:\WEAKEST LINK SOPFTWARE AI TESTERING FINALE\WeakestLink.csproj(30,5): message : Повторное назначение свойства: $(OutputType)="WinExe" (предыдущее значение: "Library") для I:\WEAKEST LINK SOPFTWARE AI TESTERING FINALE\WeakestLink.csproj (30,5)
       I:\WEAKEST LINK SOPFTWARE AI TESTERING FINALE\WeakestLink.csproj(37,5): message : Повторное назначение свойства: $(NoWarn)="CS8632" (предыдущее значение: "1701;1702") для I:\WEAKEST LINK SOPFTWARE AI TESTERING FINALE\WeakestLink.csproj (37,5)
       C:\Program Files\dotnet\sdk\10.0.200\Sdks\Microsoft.NET.Sdk\targets\Microsoft.NET.Sdk.ImportPublishProfile.targets(28,5): message : Повторное назначение свойства: $(PublishProfileImported)="false" (предыдущее значение: "true") для C:\Program Files\dotnet\sdk\10.0.200\Sdks\Microsoft.NET.Sdk\targets\Microsoft.NET.Sdk.ImportPublishProfile.targets (28,5)
       C:\Program Files\dotnet\sdk\10.0.200\Sdks\Microsoft.NET.Sdk\targets\Microsoft.NET.TargetFrameworkInference.targets(80,5): message : Повторное назначение свойства: $(TargetPlatformVersion)="0.0" (предыдущее значение: "0.0.0.0") для C:\Program Files\dotnet\sdk\10.0.200\Sdks\Microsoft.NET.Sdk\targets\Microsoft.NET.TargetFrameworkInference.targets (80,5)
       C:\Program Files\dotnet\sdk\10.0.200\Sdks\Microsoft.NET.Sdk\targets\Microsoft.NET.TargetFrameworkInference.targets(81,5): message : Повторное назначение свойства: $(TargetPlatformVersion)="" (предыдущее значение: "0.0") для C:\Program Files\dotnet\sdk\10.0.200\Sdks\Microsoft.NET.Sdk\targets\Microsoft.NET.TargetFrameworkInference.targets (81,5)
       C:\Program Files\dotnet\sdk\10.0.200\Sdks\Microsoft.NET.Sdk\targets\Microsoft.NET.TargetFrameworkInference.targets(84,5): message : Повторное назначение свойства: $(TargetPlatformIdentifier)="Windows" (предыдущее значение: "windows") для C:\Program Files\dotnet\sdk\10.0.200\Sdks\Microsoft.NET.Sdk\targets\Microsoft.NET.TargetFrameworkInference.targets (84,5)
       C:\Program Files\dotnet\sdk\10.0.200\Sdks\Microsoft.NET.Sdk\targets\Microsoft.NET.DefaultOutputPaths.targets(127,5): message : Повторное назначение свойства: $(DefaultItemExcludes)=";I:\WEAKEST LINK SOPFTWARE AI TESTERING FINALE\SuperDist\/**;obj\Debug\/**" (предыдущее значение: ";I:\WEAKEST LINK SOPFTWARE AI TESTERING FINALE\SuperDist\/**") для C:\Program Files\dotnet\sdk\10.0.200\Sdks\Microsoft.NET.Sdk\targets\Microsoft.NET.DefaultOutputPaths.targets (127,5)
       C:\Program Files\dotnet\sdk\10.0.200\Sdks\Microsoft.NET.Sdk\targets\Microsoft.NET.DefaultOutputPaths.targets(142,5): message : Повторное назначение свойства: $(OutputPath)="I:\WEAKEST LINK SOPFTWARE AI TESTERING FINALE\SuperDist\net10.0-windows\" (предыдущее значение: "I:\WEAKEST LINK SOPFTWARE AI TESTERING FINALE\SuperDist\") для C:\Program Files\dotnet\sdk\10.0.200\Sdks\Microsoft.NET.Sdk\targets\Microsoft.NET.DefaultOutputPaths.targets (142,5)
       C:\Program Files\dotnet\sdk\10.0.200\Sdks\Microsoft.NET.Sdk\targets\Microsoft.NET.DefaultOutputPaths.targets(147,5): message : Повторное назначение свойства: $(IntermediateOutputPath)="obj\Debug\net10.0-windows\" (предыдущее значение: "obj\Debug\") для C:\Program Files\dotnet\sdk\10.0.200\Sdks\Microsoft.NET.Sdk\targets\Microsoft.NET.DefaultOutputPaths.targets (147,5)
       C:\Program Files\dotnet\sdk\10.0.200\Sdks\Microsoft.NET.Sdk\targets\Microsoft.NET.Sdk.BeforeCommon.targets(379,5): message : Повторное назначение свойства: $(RoslynTargetsPath)="C:\Program Files\dotnet\sdk\10.0.200\Sdks\Microsoft.NET.Sdk\targets\..\..\..\Roslyn" (предыдущее значение: "C:\Program Files\dotnet\sdk\10.0.200\Roslyn") для C:\Program Files\dotnet\sdk\10.0.200\Sdks\Microsoft.NET.Sdk\targets\Microsoft.NET.Sdk.BeforeCommon.targets (379,5)
       C:\Program Files\dotnet\sdk\10.0.200\Roslyn\Microsoft.Managed.Core.targets(6,5): message : Повторное назначение свойства: $(_BuildTasksDirectory)="C:\Program Files\dotnet\sdk\10.0.200\Sdks\Microsoft.NET.Sdk\targets\..\..\..\Roslyn\" (предыдущее значение: "C:\Program Files\dotnet\sdk\10.0.200\Roslyn\") для C:\Program Files\dotnet\sdk\10.0.200\Roslyn\Microsoft.Managed.Core.targets (6,5)
       C:\Program Files\dotnet\sdk\10.0.200\Roslyn\Microsoft.CSharp.Core.targets(205,5): message : Повторное назначение свойства: $(CommandLineArgsForDesignTimeEvaluation)="-langversion:14.0 -define:TRACE" (предыдущее значение: "-langversion:14.0") для C:\Program Files\dotnet\sdk\10.0.200\Roslyn\Microsoft.CSharp.Core.targets (205,5)
       C:\Program Files\dotnet\sdk\10.0.200\Microsoft.Common.CurrentVersion.targets(175,5): message : Повторное назначение свойства: $(_DebugSymbolsProduced)="true" (предыдущее значение: "false") для C:\Program Files\dotnet\sdk\10.0.200\Microsoft.Common.CurrentVersion.targets (175,5)
       C:\Program Files\dotnet\sdk\10.0.200\Microsoft.Common.CurrentVersion.targets(185,5): message : Повторное назначение свойства: $(_DocumentationFileProduced)="false" (предыдущее значение: "true") для C:\Program Files\dotnet\sdk\10.0.200\Microsoft.Common.CurrentVersion.targets (185,5)
       C:\Program Files\dotnet\sdk\10.0.200\Microsoft.Common.CurrentVersion.targets(392,5): message : Повторное назначение свойства: $(MSBuildCopyMarkerName)="WeakestL.AF97E3AE" (предыдущее значение: "WeakestLink.csproj") для C:\Program Files\dotnet\sdk\10.0.200\Microsoft.Common.CurrentVersion.targets (392,5)
       C:\Program Files\dotnet\sdk\10.0.200\Microsoft.Common.CurrentVersion.targets(393,5): message : Повторное назначение свойства: $(MSBuildCopyMarkerName)="WeakestL.AF97E3AE.Up2Date" (предыдущее значение: "WeakestL.AF97E3AE") для C:\Program Files\dotnet\sdk\10.0.200\Microsoft.Common.CurrentVersion.targets (393,5)
       C:\Program Files\dotnet\sdk\10.0.200\Microsoft.Common.CurrentVersion.targets(541,5): message : Повторное назначение свойства: $(ProcessorArchitecture)="msil" (предыдущее значение: "") для C:\Program Files\dotnet\sdk\10.0.200\Microsoft.Common.CurrentVersion.targets (541,5)
       C:\Program Files\dotnet\sdk\10.0.200\Microsoft.Common.CurrentVersion.targets(580,5): message : Повторное назначение свойства: $(DelaySign)="" (предыдущее значение: "false") для C:\Program Files\dotnet\sdk\10.0.200\Microsoft.Common.CurrentVersion.targets (580,5)
       C:\Program Files\dotnet\sdk\10.0.200\Microsoft.Common.CurrentVersion.targets(2620,5): message : Свойство "LOCALAPPDATA" со значением "C:\Users\Timontiy\AppData\Local" развернуто из окружения.
       C:\Program Files\dotnet\sdk\10.0.200\Microsoft.Common.CurrentVersion.targets(3948,5): message : Повторное назначение свойства: $(_SGenGenerateSerializationAssembliesConfig)="Auto" (предыдущее значение: "") для C:\Program Files\dotnet\sdk\10.0.200\Microsoft.Common.CurrentVersion.targets (3948,5)
       C:\Program Files\dotnet\sdk\10.0.200\Microsoft.Common.CurrentVersion.targets(3949,5): message : Повторное назначение свойства: $(_SGenGenerateSerializationAssembliesConfig)="Off" (предыдущее значение: "Auto") для C:\Program Files\dotnet\sdk\10.0.200\Microsoft.Common.CurrentVersion.targets (3949,5)
       C:\Program Files\dotnet\sdk\10.0.200\Microsoft.Common.CurrentVersion.targets(5160,5): message : Повторное назначение свойства: $(_TargetsThatPrepareProjectReferences)="
       C:\Program Files\dotnet\sdk\10.0.200\Microsoft.Common.CurrentVersion.targets(5160,5): message :       AssignProjectConfiguration;
       C:\Program Files\dotnet\sdk\10.0.200\Microsoft.Common.CurrentVersion.targets(5160,5): message :       _SplitProjectReferencesByFileExistence
       C:\Program Files\dotnet\sdk\10.0.200\Microsoft.Common.CurrentVersion.targets(5160,5): message :     " (предыдущее значение: "_SplitProjectReferencesByFileExistence") для C:\Program Files\dotnet\sdk\10.0.200\Microsoft.Common.CurrentVersion.targets (5160,5)
       C:\Program Files\dotnet\sdk\10.0.200\Microsoft.Common.CurrentVersion.targets(6973,5): message : Свойство "MSBuildExtensionsPath32" со значением "C:\Program Files\dotnet\sdk\10.0.200" развернуто из окружения.
       Свойство "NuGetInteractive" является глобальным и не подлежит изменению.
       C:\Program Files\dotnet\sdk\10.0.200\Sdks\Microsoft.NET.Sdk\targets\Microsoft.PackageDependencyResolution.targets(24,5): message : Повторное назначение свойства: $(ProjectAssetsFile)="I:\WEAKEST LINK SOPFTWARE AI TESTERING FINALE\obj\project.assets.json" (предыдущее значение: "I:\WEAKEST LINK SOPFTWARE AI TESTERING FINALE\obj\/project.assets.json") для C:\Program Files\dotnet\sdk\10.0.200\Sdks\Microsoft.NET.Sdk\targets\Microsoft.PackageDependencyResolution.targets (24,5)
       C:\Program Files\dotnet\sdk\10.0.200\Sdks\Microsoft.NET.Sdk\targets\Microsoft.PackageDependencyResolution.targets(29,5): message : Повторное назначение свойства: $(ProjectAssetsCacheFile)="I:\WEAKEST LINK SOPFTWARE AI TESTERING FINALE\obj\Debug\net10.0-windows\WeakestLink.assets.cache" (предыдущее значение: "obj\Debug\net10.0-windows\WeakestLink.assets.cache") для C:\Program Files\dotnet\sdk\10.0.200\Sdks\Microsoft.NET.Sdk\targets\Microsoft.PackageDependencyResolution.targets (29,5)
       C:\Program Files\dotnet\sdk\10.0.200\Sdks\Microsoft.NET.Sdk\targets\Microsoft.PackageDependencyResolution.targets(80,5): message : Повторное назначение свойства: $(ResolveAssemblyReferencesDependsOn)="
       C:\Program Files\dotnet\sdk\10.0.200\Sdks\Microsoft.NET.Sdk\targets\Microsoft.PackageDependencyResolution.targets(80,5): message :       
       C:\Program Files\dotnet\sdk\10.0.200\Sdks\Microsoft.NET.Sdk\targets\Microsoft.PackageDependencyResolution.targets(80,5): message :       ResolveProjectReferences;
       C:\Program Files\dotnet\sdk\10.0.200\Sdks\Microsoft.NET.Sdk\targets\Microsoft.PackageDependencyResolution.targets(80,5): message :       FindInvalidProjectReferences;
       C:\Program Files\dotnet\sdk\10.0.200\Sdks\Microsoft.NET.Sdk\targets\Microsoft.PackageDependencyResolution.targets(80,5): message :       GetFrameworkPaths;
       C:\Program Files\dotnet\sdk\10.0.200\Sdks\Microsoft.NET.Sdk\targets\Microsoft.PackageDependencyResolution.targets(80,5): message :       GetReferenceAssemblyPaths;
       C:\Program Files\dotnet\sdk\10.0.200\Sdks\Microsoft.NET.Sdk\targets\Microsoft.PackageDependencyResolution.targets(80,5): message :       PrepareForBuild;
       C:\Program Files\dotnet\sdk\10.0.200\Sdks\Microsoft.NET.Sdk\targets\Microsoft.PackageDependencyResolution.targets(80,5): message :       ResolveSDKReferences;
       C:\Program Files\dotnet\sdk\10.0.200\Sdks\Microsoft.NET.Sdk\targets\Microsoft.PackageDependencyResolution.targets(80,5): message :       ExpandSDKReferences;
       C:\Program Files\dotnet\sdk\10.0.200\Sdks\Microsoft.NET.Sdk\targets\Microsoft.PackageDependencyResolution.targets(80,5): message :     ;
       C:\Program Files\dotnet\sdk\10.0.200\Sdks\Microsoft.NET.Sdk\targets\Microsoft.PackageDependencyResolution.targets(80,5): message :       ResolvePackageDependenciesForBuild;
       C:\Program Files\dotnet\sdk\10.0.200\Sdks\Microsoft.NET.Sdk\targets\Microsoft.PackageDependencyResolution.targets(80,5): message :       _HandlePackageFileConflicts;
       C:\Program Files\dotnet\sdk\10.0.200\Sdks\Microsoft.NET.Sdk\targets\Microsoft.PackageDependencyResolution.targets(80,5): message :     " (предыдущее значение: "
       C:\Program Files\dotnet\sdk\10.0.200\Sdks\Microsoft.NET.Sdk\targets\Microsoft.PackageDependencyResolution.targets(80,5): message :       ResolveProjectReferences;
       C:\Program Files\dotnet\sdk\10.0.200\Sdks\Microsoft.NET.Sdk\targets\Microsoft.PackageDependencyResolution.targets(80,5): message :       FindInvalidProjectReferences;
       C:\Program Files\dotnet\sdk\10.0.200\Sdks\Microsoft.NET.Sdk\targets\Microsoft.PackageDependencyResolution.targets(80,5): message :       GetFrameworkPaths;
       C:\Program Files\dotnet\sdk\10.0.200\Sdks\Microsoft.NET.Sdk\targets\Microsoft.PackageDependencyResolution.targets(80,5): message :       GetReferenceAssemblyPaths;
       C:\Program Files\dotnet\sdk\10.0.200\Sdks\Microsoft.NET.Sdk\targets\Microsoft.PackageDependencyResolution.targets(80,5): message :       PrepareForBuild;
       C:\Program Files\dotnet\sdk\10.0.200\Sdks\Microsoft.NET.Sdk\targets\Microsoft.PackageDependencyResolution.targets(80,5): message :       ResolveSDKReferences;
       C:\Program Files\dotnet\sdk\10.0.200\Sdks\Microsoft.NET.Sdk\targets\Microsoft.PackageDependencyResolution.targets(80,5): message :       ExpandSDKReferences;
       C:\Program Files\dotnet\sdk\10.0.200\Sdks\Microsoft.NET.Sdk\targets\Microsoft.PackageDependencyResolution.targets(80,5): message :     ") для C:\Program Files\dotnet\sdk\10.0.200\Sdks\Microsoft.NET.Sdk\targets\Microsoft.PackageDependencyResolution.targets (80,5)
       C:\Program Files\dotnet\sdk\10.0.200\Sdks\Microsoft.NET.Sdk\targets\Microsoft.PackageDependencyResolution.targets(86,5): message : Повторное назначение свойства: $(PrepareResourcesDependsOn)="
       C:\Program Files\dotnet\sdk\10.0.200\Sdks\Microsoft.NET.Sdk\targets\Microsoft.PackageDependencyResolution.targets(86,5): message :       ResolvePackageDependenciesForBuild;
       C:\Program Files\dotnet\sdk\10.0.200\Sdks\Microsoft.NET.Sdk\targets\Microsoft.PackageDependencyResolution.targets(86,5): message :       _HandlePackageFileConflicts;
       C:\Program Files\dotnet\sdk\10.0.200\Sdks\Microsoft.NET.Sdk\targets\Microsoft.PackageDependencyResolution.targets(86,5): message :       
       C:\Program Files\dotnet\sdk\10.0.200\Sdks\Microsoft.NET.Sdk\targets\Microsoft.PackageDependencyResolution.targets(86,5): message :       ;
       C:\Program Files\dotnet\sdk\10.0.200\Sdks\Microsoft.NET.Sdk\targets\Microsoft.PackageDependencyResolution.targets(86,5): message :       PrepareResourceNames;
       C:\Program Files\dotnet\sdk\10.0.200\Sdks\Microsoft.NET.Sdk\targets\Microsoft.PackageDependencyResolution.targets(86,5): message :       ResGen;
       C:\Program Files\dotnet\sdk\10.0.200\Sdks\Microsoft.NET.Sdk\targets\Microsoft.PackageDependencyResolution.targets(86,5): message :       CompileLicxFiles
       C:\Program Files\dotnet\sdk\10.0.200\Sdks\Microsoft.NET.Sdk\targets\Microsoft.PackageDependencyResolution.targets(86,5): message :     
       C:\Program Files\dotnet\sdk\10.0.200\Sdks\Microsoft.NET.Sdk\targets\Microsoft.PackageDependencyResolution.targets(86,5): message :     " (предыдущее значение: "
       C:\Program Files\dotnet\sdk\10.0.200\Sdks\Microsoft.NET.Sdk\targets\Microsoft.PackageDependencyResolution.targets(86,5): message :       ;
       C:\Program Files\dotnet\sdk\10.0.200\Sdks\Microsoft.NET.Sdk\targets\Microsoft.PackageDependencyResolution.targets(86,5): message :       PrepareResourceNames;
       C:\Program Files\dotnet\sdk\10.0.200\Sdks\Microsoft.NET.Sdk\targets\Microsoft.PackageDependencyResolution.targets(86,5): message :       ResGen;
       C:\Program Files\dotnet\sdk\10.0.200\Sdks\Microsoft.NET.Sdk\targets\Microsoft.PackageDependencyResolution.targets(86,5): message :       CompileLicxFiles
       C:\Program Files\dotnet\sdk\10.0.200\Sdks\Microsoft.NET.Sdk\targets\Microsoft.PackageDependencyResolution.targets(86,5): message :     ") для C:\Program Files\dotnet\sdk\10.0.200\Sdks\Microsoft.NET.Sdk\targets\Microsoft.PackageDependencyResolution.targets (86,5)
       Свойство "EnableDefaultCompileItems" является глобальным и не подлежит изменению.
       Свойство "EnableDefaultEmbeddedResourceItems" является глобальным и не подлежит изменению.
       Свойство "EnableDefaultNoneItems" является глобальным и не подлежит изменению.
       C:\Program Files\dotnet\sdk\10.0.200\Sdks\Microsoft.NET.Sdk\targets\Microsoft.NET.Sdk.DefaultItems.targets(35,5): message : Повторное назначение свойства: $(DefaultItemExcludes)=";I:\WEAKEST LINK SOPFTWARE AI TESTERING FINALE\SuperDist\/**;obj\Debug\/**;bin\/**" (предыдущее значение: ";I:\WEAKEST LINK SOPFTWARE AI TESTERING FINALE\SuperDist\/**;obj\Debug\/**") для C:\Program Files\dotnet\sdk\10.0.200\Sdks\Microsoft.NET.Sdk\targets\Microsoft.NET.Sdk.DefaultItems.targets (35,5)
       C:\Program Files\dotnet\sdk\10.0.200\Sdks\Microsoft.NET.Sdk\targets\Microsoft.NET.Sdk.DefaultItems.targets(37,5): message : Повторное назначение свойства: $(DefaultItemExcludes)=";I:\WEAKEST LINK SOPFTWARE AI TESTERING FINALE\SuperDist\/**;obj\Debug\/**;bin\/**;obj\/**" (предыдущее значение: ";I:\WEAKEST LINK SOPFTWARE AI TESTERING FINALE\SuperDist\/**;obj\Debug\/**;bin\/**") для C:\Program Files\dotnet\sdk\10.0.200\Sdks\Microsoft.NET.Sdk\targets\Microsoft.NET.Sdk.DefaultItems.targets (37,5)
       C:\Program Files\dotnet\sdk\10.0.200\Sdks\Microsoft.NET.Sdk\targets\Microsoft.NET.Sdk.DefaultItems.targets(41,5): message : Повторное назначение свойства: $(DefaultItemExcludes)=";I:\WEAKEST LINK SOPFTWARE AI TESTERING FINALE\SuperDist\/**;obj\Debug\/**;bin\/**;obj\/**;I:\WEAKEST LINK SOPFTWARE AI TESTERING FINALE\SuperDist\net10.0-windows\publish\/**" (предыдущее значение: ";I:\WEAKEST LINK SOPFTWARE AI TESTERING FINALE\SuperDist\/**;obj\Debug\/**;bin\/**;obj\/**") для C:\Program Files\dotnet\sdk\10.0.200\Sdks\Microsoft.NET.Sdk\targets\Microsoft.NET.Sdk.DefaultItems.targets (41,5)
       C:\Program Files\dotnet\sdk\10.0.200\Sdks\Microsoft.NET.Sdk\targets\Microsoft.NET.Sdk.DefaultItems.targets(44,5): message : Повторное назначение свойства: $(DefaultItemExcludes)=";I:\WEAKEST LINK SOPFTWARE AI TESTERING FINALE\SuperDist\/**;obj\Debug\/**;bin\/**;obj\/**;I:\WEAKEST LINK SOPFTWARE AI TESTERING FINALE\SuperDist\net10.0-windows\publish\/**;**/*.user" (предыдущее значение: ";I:\WEAKEST LINK SOPFTWARE AI TESTERING FINALE\SuperDist\/**;obj\Debug\/**;bin\/**;obj\/**;I:\WEAKEST LINK SOPFTWARE AI TESTERING FINALE\SuperDist\net10.0-windows\publish\/**") для C:\Program Files\dotnet\sdk\10.0.200\Sdks\Microsoft.NET.Sdk\targets\Microsoft.NET.Sdk.DefaultItems.targets (44,5)
       C:\Program Files\dotnet\sdk\10.0.200\Sdks\Microsoft.NET.Sdk\targets\Microsoft.NET.Sdk.DefaultItems.targets(45,5): message : Повторное назначение свойства: $(DefaultItemExcludes)=";I:\WEAKEST LINK SOPFTWARE AI TESTERING FINALE\SuperDist\/**;obj\Debug\/**;bin\/**;obj\/**;I:\WEAKEST LINK SOPFTWARE AI TESTERING FINALE\SuperDist\net10.0-windows\publish\/**;**/*.user;**/*.*proj" (предыдущее значение: ";I:\WEAKEST LINK SOPFTWARE AI TESTERING FINALE\SuperDist\/**;obj\Debug\/**;bin\/**;obj\/**;I:\WEAKEST LINK SOPFTWARE AI TESTERING FINALE\SuperDist\net10.0-windows\publish\/**;**/*.user") для C:\Program Files\dotnet\sdk\10.0.200\Sdks\Microsoft.NET.Sdk\targets\Microsoft.NET.Sdk.DefaultItems.targets (45,5)
       C:\Program Files\dotnet\sdk\10.0.200\Sdks\Microsoft.NET.Sdk\targets\Microsoft.NET.Sdk.DefaultItems.targets(46,5): message : Повторное назначение свойства: $(DefaultItemExcludes)=";I:\WEAKEST LINK SOPFTWARE AI TESTERING FINALE\SuperDist\/**;obj\Debug\/**;bin\/**;obj\/**;I:\WEAKEST LINK SOPFTWARE AI TESTERING FINALE\SuperDist\net10.0-windows\publish\/**;**/*.user;**/*.*proj;**/*.sln" (предыдущее значение: ";I:\WEAKEST LINK SOPFTWARE AI TESTERING FINALE\SuperDist\/**;obj\Debug\/**;bin\/**;obj\/**;I:\WEAKEST LINK SOPFTWARE AI TESTERING FINALE\SuperDist\net10.0-windows\publish\/**;**/*.user;**/*.*proj") для C:\Program Files\dotnet\sdk\10.0.200\Sdks\Microsoft.NET.Sdk\targets\Microsoft.NET.Sdk.DefaultItems.targets (46,5)
       C:\Program Files\dotnet\sdk\10.0.200\Sdks\Microsoft.NET.Sdk\targets\Microsoft.NET.Sdk.DefaultItems.targets(47,5): message : Повторное назначение свойства: $(DefaultItemExcludes)=";I:\WEAKEST LINK SOPFTWARE AI TESTERING FINALE\SuperDist\/**;obj\Debug\/**;bin\/**;obj\/**;I:\WEAKEST LINK SOPFTWARE AI TESTERING FINALE\SuperDist\net10.0-windows\publish\/**;**/*.user;**/*.*proj;**/*.sln;**/*.slnx" (предыдущее значение: ";I:\WEAKEST LINK SOPFTWARE AI TESTERING FINALE\SuperDist\/**;obj\Debug\/**;bin\/**;obj\/**;I:\WEAKEST LINK SOPFTWARE AI TESTERING FINALE\SuperDist\net10.0-windows\publish\/**;**/*.user;**/*.*proj;**/*.sln") для C:\Program Files\dotnet\sdk\10.0.200\Sdks\Microsoft.NET.Sdk\targets\Microsoft.NET.Sdk.DefaultItems.targets (47,5)
       C:\Program Files\dotnet\sdk\10.0.200\Sdks\Microsoft.NET.Sdk\targets\Microsoft.NET.Sdk.DefaultItems.targets(48,5): message : Повторное назначение свойства: $(DefaultItemExcludes)=";I:\WEAKEST LINK SOPFTWARE AI TESTERING FINALE\SuperDist\/**;obj\Debug\/**;bin\/**;obj\/**;I:\WEAKEST LINK SOPFTWARE AI TESTERING FINALE\SuperDist\net10.0-windows\publish\/**;**/*.user;**/*.*proj;**/*.sln;**/*.slnx;**/*.vssscc" (предыдущее значение: ";I:\WEAKEST LINK SOPFTWARE AI TESTERING FINALE\SuperDist\/**;obj\Debug\/**;bin\/**;obj\/**;I:\WEAKEST LINK SOPFTWARE AI TESTERING FINALE\SuperDist\net10.0-windows\publish\/**;**/*.user;**/*.*proj;**/*.sln;**/*.slnx") для C:\Program Files\dotnet\sdk\10.0.200\Sdks\Microsoft.NET.Sdk\targets\Microsoft.NET.Sdk.DefaultItems.targets (48,5)
       C:\Program Files\dotnet\sdk\10.0.200\Sdks\Microsoft.NET.Sdk\targets\Microsoft.NET.Sdk.DefaultItems.targets(49,5): message : Повторное назначение свойства: $(DefaultItemExcludes)=";I:\WEAKEST LINK SOPFTWARE AI TESTERING FINALE\SuperDist\/**;obj\Debug\/**;bin\/**;obj\/**;I:\WEAKEST LINK SOPFTWARE AI TESTERING FINALE\SuperDist\net10.0-windows\publish\/**;**/*.user;**/*.*proj;**/*.sln;**/*.slnx;**/*.vssscc;**/.DS_Store" (предыдущее значение: ";I:\WEAKEST LINK SOPFTWARE AI TESTERING FINALE\SuperDist\/**;obj\Debug\/**;bin\/**;obj\/**;I:\WEAKEST LINK SOPFTWARE AI TESTERING FINALE\SuperDist\net10.0-windows\publish\/**;**/*.user;**/*.*proj;**/*.sln;**/*.slnx;**/*.vssscc") для C:\Program Files\dotnet\sdk\10.0.200\Sdks\Microsoft.NET.Sdk\targets\Microsoft.NET.Sdk.DefaultItems.targets (49,5)
       C:\Program Files\dotnet\sdk\10.0.200\Sdks\Microsoft.NET.Sdk\targets\Microsoft.NET.Sdk.FrameworkReferenceResolution.targets(14,5): message : Повторное назначение свойства: $(ResolveAssemblyReferencesDependsOn)="
       C:\Program Files\dotnet\sdk\10.0.200\Sdks\Microsoft.NET.Sdk\targets\Microsoft.NET.Sdk.FrameworkReferenceResolution.targets(14,5): message :       
       C:\Program Files\dotnet\sdk\10.0.200\Sdks\Microsoft.NET.Sdk\targets\Microsoft.NET.Sdk.FrameworkReferenceResolution.targets(14,5): message :       
       C:\Program Files\dotnet\sdk\10.0.200\Sdks\Microsoft.NET.Sdk\targets\Microsoft.NET.Sdk.FrameworkReferenceResolution.targets(14,5): message :       ResolveProjectReferences;
       C:\Program Files\dotnet\sdk\10.0.200\Sdks\Microsoft.NET.Sdk\targets\Microsoft.NET.Sdk.FrameworkReferenceResolution.targets(14,5): message :       FindInvalidProjectReferences;
       C:\Program Files\dotnet\sdk\10.0.200\Sdks\Microsoft.NET.Sdk\targets\Microsoft.NET.Sdk.FrameworkReferenceResolution.targets(14,5): message :       GetFrameworkPaths;
       C:\Program Files\dotnet\sdk\10.0.200\Sdks\Microsoft.NET.Sdk\targets\Microsoft.NET.Sdk.FrameworkReferenceResolution.targets(14,5): message :       GetReferenceAssemblyPaths;
       C:\Program Files\dotnet\sdk\10.0.200\Sdks\Microsoft.NET.Sdk\targets\Microsoft.NET.Sdk.FrameworkReferenceResolution.targets(14,5): message :       PrepareForBuild;
       C:\Program Files\dotnet\sdk\10.0.200\Sdks\Microsoft.NET.Sdk\targets\Microsoft.NET.Sdk.FrameworkReferenceResolution.targets(14,5): message :       ResolveSDKReferences;
       C:\Program Files\dotnet\sdk\10.0.200\Sdks\Microsoft.NET.Sdk\targets\Microsoft.NET.Sdk.FrameworkReferenceResolution.targets(14,5): message :       ExpandSDKReferences;
       C:\Program Files\dotnet\sdk\10.0.200\Sdks\Microsoft.NET.Sdk\targets\Microsoft.NET.Sdk.FrameworkReferenceResolution.targets(14,5): message :     ;
       C:\Program Files\dotnet\sdk\10.0.200\Sdks\Microsoft.NET.Sdk\targets\Microsoft.NET.Sdk.FrameworkReferenceResolution.targets(14,5): message :       ResolvePackageDependenciesForBuild;
       C:\Program Files\dotnet\sdk\10.0.200\Sdks\Microsoft.NET.Sdk\targets\Microsoft.NET.Sdk.FrameworkReferenceResolution.targets(14,5): message :       _HandlePackageFileConflicts;
       C:\Program Files\dotnet\sdk\10.0.200\Sdks\Microsoft.NET.Sdk\targets\Microsoft.NET.Sdk.FrameworkReferenceResolution.targets(14,5): message :     ;
       C:\Program Files\dotnet\sdk\10.0.200\Sdks\Microsoft.NET.Sdk\targets\Microsoft.NET.Sdk.FrameworkReferenceResolution.targets(14,5): message :       ResolveTargetingPackAssets;
       C:\Program Files\dotnet\sdk\10.0.200\Sdks\Microsoft.NET.Sdk\targets\Microsoft.NET.Sdk.FrameworkReferenceResolution.targets(14,5): message :     " (предыдущее значение: "
       C:\Program Files\dotnet\sdk\10.0.200\Sdks\Microsoft.NET.Sdk\targets\Microsoft.NET.Sdk.FrameworkReferenceResolution.targets(14,5): message :       
       C:\Program Files\dotnet\sdk\10.0.200\Sdks\Microsoft.NET.Sdk\targets\Microsoft.NET.Sdk.FrameworkReferenceResolution.targets(14,5): message :       ResolveProjectReferences;
       C:\Program Files\dotnet\sdk\10.0.200\Sdks\Microsoft.NET.Sdk\targets\Microsoft.NET.Sdk.FrameworkReferenceResolution.targets(14,5): message :       FindInvalidProjectReferences;
       C:\Program Files\dotnet\sdk\10.0.200\Sdks\Microsoft.NET.Sdk\targets\Microsoft.NET.Sdk.FrameworkReferenceResolution.targets(14,5): message :       GetFrameworkPaths;
       C:\Program Files\dotnet\sdk\10.0.200\Sdks\Microsoft.NET.Sdk\targets\Microsoft.NET.Sdk.FrameworkReferenceResolution.targets(14,5): message :       GetReferenceAssemblyPaths;
       C:\Program Files\dotnet\sdk\10.0.200\Sdks\Microsoft.NET.Sdk\targets\Microsoft.NET.Sdk.FrameworkReferenceResolution.targets(14,5): message :       PrepareForBuild;
       C:\Program Files\dotnet\sdk\10.0.200\Sdks\Microsoft.NET.Sdk\targets\Microsoft.NET.Sdk.FrameworkReferenceResolution.targets(14,5): message :       ResolveSDKReferences;
       C:\Program Files\dotnet\sdk\10.0.200\Sdks\Microsoft.NET.Sdk\targets\Microsoft.NET.Sdk.FrameworkReferenceResolution.targets(14,5): message :       ExpandSDKReferences;
       C:\Program Files\dotnet\sdk\10.0.200\Sdks\Microsoft.NET.Sdk\targets\Microsoft.NET.Sdk.FrameworkReferenceResolution.targets(14,5): message :     ;
       C:\Program Files\dotnet\sdk\10.0.200\Sdks\Microsoft.NET.Sdk\targets\Microsoft.NET.Sdk.FrameworkReferenceResolution.targets(14,5): message :       ResolvePackageDependenciesForBuild;
       C:\Program Files\dotnet\sdk\10.0.200\Sdks\Microsoft.NET.Sdk\targets\Microsoft.NET.Sdk.FrameworkReferenceResolution.targets(14,5): message :       _HandlePackageFileConflicts;
       C:\Program Files\dotnet\sdk\10.0.200\Sdks\Microsoft.NET.Sdk\targets\Microsoft.NET.Sdk.FrameworkReferenceResolution.targets(14,5): message :     ") для C:\Program Files\dotnet\sdk\10.0.200\Sdks\Microsoft.NET.Sdk\targets\Microsoft.NET.Sdk.FrameworkReferenceResolution.targets (14,5)
       C:\Program Files\dotnet\sdk\10.0.200\Sdks\Microsoft.NET.Sdk\targets\Microsoft.NET.Sdk.targets(44,5): message : Повторное назначение свойства: $(_GenerateRuntimeConfigurationPropertyInputsCache)="I:\WEAKEST LINK SOPFTWARE AI TESTERING FINALE\obj\Debug\net10.0-windows\WeakestLink.genruntimeconfig.cache" (предыдущее значение: "obj\Debug\net10.0-windows\WeakestLink.genruntimeconfig.cache") для C:\Program Files\dotnet\sdk\10.0.200\Sdks\Microsoft.NET.Sdk\targets\Microsoft.NET.Sdk.targets (44,5)
       C:\Program Files\dotnet\sdk\10.0.200\Sdks\Microsoft.NET.Sdk\targets\Microsoft.NET.Sdk.targets(46,5): message : Повторное назначение свойства: $(_GeneratePublishDependencyFilePropertyInputsCache)="I:\WEAKEST LINK SOPFTWARE AI TESTERING FINALE\obj\Debug\net10.0-windows\WeakestLink.genpublishdeps.cache" (предыдущее значение: "obj\Debug\net10.0-windows\WeakestLink.genpublishdeps.cache") для C:\Program Files\dotnet\sdk\10.0.200\Sdks\Microsoft.NET.Sdk\targets\Microsoft.NET.Sdk.targets (46,5)
       C:\Program Files\dotnet\sdk\10.0.200\Sdks\Microsoft.NET.Sdk\targets\Microsoft.NET.Sdk.targets(48,5): message : Повторное назначение свойства: $(_GenerateSingleFileBundlePropertyInputsCache)="I:\WEAKEST LINK SOPFTWARE AI TESTERING FINALE\obj\Debug\net10.0-windows\WeakestLink.genbundle.cache" (предыдущее значение: "obj\Debug\net10.0-windows\WeakestLink.genbundle.cache") для C:\Program Files\dotnet\sdk\10.0.200\Sdks\Microsoft.NET.Sdk\targets\Microsoft.NET.Sdk.targets (48,5)
       C:\Program Files\dotnet\sdk\10.0.200\Sdks\Microsoft.NET.Sdk\targets\Microsoft.NET.Sdk.targets(81,5): message : Повторное назначение свойства: $(GenerateRuntimeConfigDevFile)="false" (предыдущее значение: "true") для C:\Program Files\dotnet\sdk\10.0.200\Sdks\Microsoft.NET.Sdk\targets\Microsoft.NET.Sdk.targets (81,5)
       C:\Program Files\dotnet\sdk\10.0.200\Sdks\Microsoft.NET.Sdk\targets\Microsoft.NET.Sdk.targets(98,5): message : Свойство "USERPROFILE" со значением "C:\Users\Timontiy" развернуто из окружения.
       C:\Program Files\dotnet\sdk\10.0.200\Sdks\Microsoft.NET.Sdk\targets\Microsoft.NET.Sdk.targets(98,5): message : Повторное назначение свойства: $(_DefaultUserProfileRuntimeStorePath)="C:\Users\Timontiy" (предыдущее значение: "") для C:\Program Files\dotnet\sdk\10.0.200\Sdks\Microsoft.NET.Sdk\targets\Microsoft.NET.Sdk.targets (98,5)
       C:\Program Files\dotnet\sdk\10.0.200\Sdks\Microsoft.NET.Sdk\targets\Microsoft.NET.Sdk.targets(99,5): message : Повторное назначение свойства: $(_DefaultUserProfileRuntimeStorePath)="C:\Users\Timontiy\.dotnet\store" (предыдущее значение: "C:\Users\Timontiy") для C:\Program Files\dotnet\sdk\10.0.200\Sdks\Microsoft.NET.Sdk\targets\Microsoft.NET.Sdk.targets (99,5)
       C:\Program Files\dotnet\sdk\10.0.200\Sdks\Microsoft.NET.Sdk\targets\Microsoft.NET.Sdk.targets(144,5): message : Повторное назначение свойства: $(AvailablePlatforms)="Any CPU,x86,x64,ARM32" (предыдущее значение: "Any CPU,x86,x64") для C:\Program Files\dotnet\sdk\10.0.200\Sdks\Microsoft.NET.Sdk\targets\Microsoft.NET.Sdk.targets (144,5)
       C:\Program Files\dotnet\sdk\10.0.200\Sdks\Microsoft.NET.Sdk\targets\Microsoft.NET.Sdk.targets(148,5): message : Повторное назначение свойства: $(AvailablePlatforms)="Any CPU,x86,x64,ARM32,ARM64" (предыдущее значение: "Any CPU,x86,x64,ARM32") для C:\Program Files\dotnet\sdk\10.0.200\Sdks\Microsoft.NET.Sdk\targets\Microsoft.NET.Sdk.targets (148,5)
       C:\Program Files\dotnet\sdk\10.0.200\Sdks\Microsoft.NET.Sdk\targets\Microsoft.NET.Sdk.targets(204,5): message : Повторное назначение свойства: $(CoreBuildDependsOn)="
       C:\Program Files\dotnet\sdk\10.0.200\Sdks\Microsoft.NET.Sdk\targets\Microsoft.NET.Sdk.targets(204,5): message :       _CheckForBuildWithNoBuild;
       C:\Program Files\dotnet\sdk\10.0.200\Sdks\Microsoft.NET.Sdk\targets\Microsoft.NET.Sdk.targets(204,5): message :       
       C:\Program Files\dotnet\sdk\10.0.200\Sdks\Microsoft.NET.Sdk\targets\Microsoft.NET.Sdk.targets(204,5): message :       BuildOnlySettings;
       C:\Program Files\dotnet\sdk\10.0.200\Sdks\Microsoft.NET.Sdk\targets\Microsoft.NET.Sdk.targets(204,5): message :       PrepareForBuild;
       C:\Program Files\dotnet\sdk\10.0.200\Sdks\Microsoft.NET.Sdk\targets\Microsoft.NET.Sdk.targets(204,5): message :       PreBuildEvent;
       C:\Program Files\dotnet\sdk\10.0.200\Sdks\Microsoft.NET.Sdk\targets\Microsoft.NET.Sdk.targets(204,5): message :       ResolveReferences;
       C:\Program Files\dotnet\sdk\10.0.200\Sdks\Microsoft.NET.Sdk\targets\Microsoft.NET.Sdk.targets(204,5): message :       PrepareResources;
       C:\Program Files\dotnet\sdk\10.0.200\Sdks\Microsoft.NET.Sdk\targets\Microsoft.NET.Sdk.targets(204,5): message :       ResolveKeySource;
       C:\Program Files\dotnet\sdk\10.0.200\Sdks\Microsoft.NET.Sdk\targets\Microsoft.NET.Sdk.targets(204,5): message :       Compile;
       C:\Program Files\dotnet\sdk\10.0.200\Sdks\Microsoft.NET.Sdk\targets\Microsoft.NET.Sdk.targets(204,5): message :       ExportWindowsMDFile;
       C:\Program Files\dotnet\sdk\10.0.200\Sdks\Microsoft.NET.Sdk\targets\Microsoft.NET.Sdk.targets(204,5): message :       UnmanagedUnregistration;
       C:\Program Files\dotnet\sdk\10.0.200\Sdks\Microsoft.NET.Sdk\targets\Microsoft.NET.Sdk.targets(204,5): message :       GenerateSerializationAssemblies;
       C:\Program Files\dotnet\sdk\10.0.200\Sdks\Microsoft.NET.Sdk\targets\Microsoft.NET.Sdk.targets(204,5): message :       CreateSatelliteAssemblies;
       C:\Program Files\dotnet\sdk\10.0.200\Sdks\Microsoft.NET.Sdk\targets\Microsoft.NET.Sdk.targets(204,5): message :       GenerateManifests;
       C:\Program Files\dotnet\sdk\10.0.200\Sdks\Microsoft.NET.Sdk\targets\Microsoft.NET.Sdk.targets(204,5): message :       GetTargetPath;
       C:\Program Files\dotnet\sdk\10.0.200\Sdks\Microsoft.NET.Sdk\targets\Microsoft.NET.Sdk.targets(204,5): message :       PrepareForRun;
       C:\Program Files\dotnet\sdk\10.0.200\Sdks\Microsoft.NET.Sdk\targets\Microsoft.NET.Sdk.targets(204,5): message :       UnmanagedRegistration;
       C:\Program Files\dotnet\sdk\10.0.200\Sdks\Microsoft.NET.Sdk\targets\Microsoft.NET.Sdk.targets(204,5): message :       IncrementalClean;
       C:\Program Files\dotnet\sdk\10.0.200\Sdks\Microsoft.NET.Sdk\targets\Microsoft.NET.Sdk.targets(204,5): message :       PostBuildEvent
       C:\Program Files\dotnet\sdk\10.0.200\Sdks\Microsoft.NET.Sdk\targets\Microsoft.NET.Sdk.targets(204,5): message :     ;
       C:\Program Files\dotnet\sdk\10.0.200\Sdks\Microsoft.NET.Sdk\targets\Microsoft.NET.Sdk.targets(204,5): message :       GenerateBuildDependencyFile;
       C:\Program Files\dotnet\sdk\10.0.200\Sdks\Microsoft.NET.Sdk\targets\Microsoft.NET.Sdk.targets(204,5): message :       GenerateBuildRuntimeConfigurationFiles
       C:\Program Files\dotnet\sdk\10.0.200\Sdks\Microsoft.NET.Sdk\targets\Microsoft.NET.Sdk.targets(204,5): message :     " (предыдущее значение: "
       C:\Program Files\dotnet\sdk\10.0.200\Sdks\Microsoft.NET.Sdk\targets\Microsoft.NET.Sdk.targets(204,5): message :       BuildOnlySettings;
       C:\Program Files\dotnet\sdk\10.0.200\Sdks\Microsoft.NET.Sdk\targets\Microsoft.NET.Sdk.targets(204,5): message :       PrepareForBuild;
       C:\Program Files\dotnet\sdk\10.0.200\Sdks\Microsoft.NET.Sdk\targets\Microsoft.NET.Sdk.targets(204,5): message :       PreBuildEvent;
       C:\Program Files\dotnet\sdk\10.0.200\Sdks\Microsoft.NET.Sdk\targets\Microsoft.NET.Sdk.targets(204,5): message :       ResolveReferences;
       C:\Program Files\dotnet\sdk\10.0.200\Sdks\Microsoft.NET.Sdk\targets\Microsoft.NET.Sdk.targets(204,5): message :       PrepareResources;
       C:\Program Files\dotnet\sdk\10.0.200\Sdks\Microsoft.NET.Sdk\targets\Microsoft.NET.Sdk.targets(204,5): message :       ResolveKeySource;
       C:\Program Files\dotnet\sdk\10.0.200\Sdks\Microsoft.NET.Sdk\targets\Microsoft.NET.Sdk.targets(204,5): message :       Compile;
       C:\Program Files\dotnet\sdk\10.0.200\Sdks\Microsoft.NET.Sdk\targets\Microsoft.NET.Sdk.targets(204,5): message :       ExportWindowsMDFile;
       C:\Program Files\dotnet\sdk\10.0.200\Sdks\Microsoft.NET.Sdk\targets\Microsoft.NET.Sdk.targets(204,5): message :       UnmanagedUnregistration;
       C:\Program Files\dotnet\sdk\10.0.200\Sdks\Microsoft.NET.Sdk\targets\Microsoft.NET.Sdk.targets(204,5): message :       GenerateSerializationAssemblies;
       C:\Program Files\dotnet\sdk\10.0.200\Sdks\Microsoft.NET.Sdk\targets\Microsoft.NET.Sdk.targets(204,5): message :       CreateSatelliteAssemblies;
       C:\Program Files\dotnet\sdk\10.0.200\Sdks\Microsoft.NET.Sdk\targets\Microsoft.NET.Sdk.targets(204,5): message :       GenerateManifests;
       C:\Program Files\dotnet\sdk\10.0.200\Sdks\Microsoft.NET.Sdk\targets\Microsoft.NET.Sdk.targets(204,5): message :       GetTargetPath;
       C:\Program Files\dotnet\sdk\10.0.200\Sdks\Microsoft.NET.Sdk\targets\Microsoft.NET.Sdk.targets(204,5): message :       PrepareForRun;
       C:\Program Files\dotnet\sdk\10.0.200\Sdks\Microsoft.NET.Sdk\targets\Microsoft.NET.Sdk.targets(204,5): message :       UnmanagedRegistration;
       C:\Program Files\dotnet\sdk\10.0.200\Sdks\Microsoft.NET.Sdk\targets\Microsoft.NET.Sdk.targets(204,5): message :       IncrementalClean;
       C:\Program Files\dotnet\sdk\10.0.200\Sdks\Microsoft.NET.Sdk\targets\Microsoft.NET.Sdk.targets(204,5): message :       PostBuildEvent
       C:\Program Files\dotnet\sdk\10.0.200\Sdks\Microsoft.NET.Sdk\targets\Microsoft.NET.Sdk.targets(204,5): message :     ") для C:\Program Files\dotnet\sdk\10.0.200\Sdks\Microsoft.NET.Sdk\targets\Microsoft.NET.Sdk.targets (204,5)
       C:\Program Files\dotnet\sdk\10.0.200\Sdks\Microsoft.NET.Sdk\targets\Microsoft.NET.Sdk.targets(213,5): message : Повторное назначение свойства: $(CoreCleanDependsOn)="
       C:\Program Files\dotnet\sdk\10.0.200\Sdks\Microsoft.NET.Sdk\targets\Microsoft.NET.Sdk.targets(213,5): message :       _SdkBeforeClean;
       C:\Program Files\dotnet\sdk\10.0.200\Sdks\Microsoft.NET.Sdk\targets\Microsoft.NET.Sdk.targets(213,5): message :       
       C:\Program Files\dotnet\sdk\10.0.200\Sdks\Microsoft.NET.Sdk\targets\Microsoft.NET.Sdk.targets(213,5): message :     " (предыдущее значение: "") для C:\Program Files\dotnet\sdk\10.0.200\Sdks\Microsoft.NET.Sdk\targets\Microsoft.NET.Sdk.targets (213,5)
       C:\Program Files\dotnet\sdk\10.0.200\Sdks\Microsoft.NET.Sdk\targets\Microsoft.NET.Sdk.targets(220,5): message : Повторное назначение свойства: $(RebuildDependsOn)="
       C:\Program Files\dotnet\sdk\10.0.200\Sdks\Microsoft.NET.Sdk\targets\Microsoft.NET.Sdk.targets(220,5): message :       _SdkBeforeRebuild;
       C:\Program Files\dotnet\sdk\10.0.200\Sdks\Microsoft.NET.Sdk\targets\Microsoft.NET.Sdk.targets(220,5): message :       
       C:\Program Files\dotnet\sdk\10.0.200\Sdks\Microsoft.NET.Sdk\targets\Microsoft.NET.Sdk.targets(220,5): message :       BeforeRebuild;
       C:\Program Files\dotnet\sdk\10.0.200\Sdks\Microsoft.NET.Sdk\targets\Microsoft.NET.Sdk.targets(220,5): message :       Clean;
       C:\Program Files\dotnet\sdk\10.0.200\Sdks\Microsoft.NET.Sdk\targets\Microsoft.NET.Sdk.targets(220,5): message :       Build;
       C:\Program Files\dotnet\sdk\10.0.200\Sdks\Microsoft.NET.Sdk\targets\Microsoft.NET.Sdk.targets(220,5): message :       AfterRebuild;
       C:\Program Files\dotnet\sdk\10.0.200\Sdks\Microsoft.NET.Sdk\targets\Microsoft.NET.Sdk.targets(220,5): message :     
       C:\Program Files\dotnet\sdk\10.0.200\Sdks\Microsoft.NET.Sdk\targets\Microsoft.NET.Sdk.targets(220,5): message :     " (предыдущее значение: "
       C:\Program Files\dotnet\sdk\10.0.200\Sdks\Microsoft.NET.Sdk\targets\Microsoft.NET.Sdk.targets(220,5): message :       BeforeRebuild;
       C:\Program Files\dotnet\sdk\10.0.200\Sdks\Microsoft.NET.Sdk\targets\Microsoft.NET.Sdk.targets(220,5): message :       Clean;
       C:\Program Files\dotnet\sdk\10.0.200\Sdks\Microsoft.NET.Sdk\targets\Microsoft.NET.Sdk.targets(220,5): message :       Build;
       C:\Program Files\dotnet\sdk\10.0.200\Sdks\Microsoft.NET.Sdk\targets\Microsoft.NET.Sdk.targets(220,5): message :       AfterRebuild;
       C:\Program Files\dotnet\sdk\10.0.200\Sdks\Microsoft.NET.Sdk\targets\Microsoft.NET.Sdk.targets(220,5): message :     ") для C:\Program Files\dotnet\sdk\10.0.200\Sdks\Microsoft.NET.Sdk\targets\Microsoft.NET.Sdk.targets (220,5)
       C:\Program Files\dotnet\sdk\10.0.200\Sdks\Microsoft.NET.Sdk\targets\Microsoft.NET.Sdk.targets(799,5): message : Повторное назначение свойства: $(CompileDependsOn)="
       C:\Program Files\dotnet\sdk\10.0.200\Sdks\Microsoft.NET.Sdk\targets\Microsoft.NET.Sdk.targets(799,5): message :       
       C:\Program Files\dotnet\sdk\10.0.200\Sdks\Microsoft.NET.Sdk\targets\Microsoft.NET.Sdk.targets(799,5): message :       ResolveReferences;
       C:\Program Files\dotnet\sdk\10.0.200\Sdks\Microsoft.NET.Sdk\targets\Microsoft.NET.Sdk.targets(799,5): message :       ResolveKeySource;
       C:\Program Files\dotnet\sdk\10.0.200\Sdks\Microsoft.NET.Sdk\targets\Microsoft.NET.Sdk.targets(799,5): message :       SetWin32ManifestProperties;
       C:\Program Files\dotnet\sdk\10.0.200\Sdks\Microsoft.NET.Sdk\targets\Microsoft.NET.Sdk.targets(799,5): message :       _SetPreferNativeArm64Win32ManifestProperties;
       C:\Program Files\dotnet\sdk\10.0.200\Sdks\Microsoft.NET.Sdk\targets\Microsoft.NET.Sdk.targets(799,5): message :       FindReferenceAssembliesForReferences;
       C:\Program Files\dotnet\sdk\10.0.200\Sdks\Microsoft.NET.Sdk\targets\Microsoft.NET.Sdk.targets(799,5): message :       _GenerateCompileInputs;
       C:\Program Files\dotnet\sdk\10.0.200\Sdks\Microsoft.NET.Sdk\targets\Microsoft.NET.Sdk.targets(799,5): message :       BeforeCompile;
       C:\Program Files\dotnet\sdk\10.0.200\Sdks\Microsoft.NET.Sdk\targets\Microsoft.NET.Sdk.targets(799,5): message :       _TimeStampBeforeCompile;
       C:\Program Files\dotnet\sdk\10.0.200\Sdks\Microsoft.NET.Sdk\targets\Microsoft.NET.Sdk.targets(799,5): message :       _GenerateCompileDependencyCache;
       C:\Program Files\dotnet\sdk\10.0.200\Sdks\Microsoft.NET.Sdk\targets\Microsoft.NET.Sdk.targets(799,5): message :       CoreCompile;
       C:\Program Files\dotnet\sdk\10.0.200\Sdks\Microsoft.NET.Sdk\targets\Microsoft.NET.Sdk.targets(799,5): message :       _TimeStampAfterCompile;
       C:\Program Files\dotnet\sdk\10.0.200\Sdks\Microsoft.NET.Sdk\targets\Microsoft.NET.Sdk.targets(799,5): message :       AfterCompile;
       C:\Program Files\dotnet\sdk\10.0.200\Sdks\Microsoft.NET.Sdk\targets\Microsoft.NET.Sdk.targets(799,5): message :     ;
       C:\Program Files\dotnet\sdk\10.0.200\Sdks\Microsoft.NET.Sdk\targets\Microsoft.NET.Sdk.targets(799,5): message :       _CreateAppHost;
       C:\Program Files\dotnet\sdk\10.0.200\Sdks\Microsoft.NET.Sdk\targets\Microsoft.NET.Sdk.targets(799,5): message :       _CreateComHost;
       C:\Program Files\dotnet\sdk\10.0.200\Sdks\Microsoft.NET.Sdk\targets\Microsoft.NET.Sdk.targets(799,5): message :       _GetIjwHostPaths;
       C:\Program Files\dotnet\sdk\10.0.200\Sdks\Microsoft.NET.Sdk\targets\Microsoft.NET.Sdk.targets(799,5): message :     " (предыдущее значение: "
       C:\Program Files\dotnet\sdk\10.0.200\Sdks\Microsoft.NET.Sdk\targets\Microsoft.NET.Sdk.targets(799,5): message :       ResolveReferences;
       C:\Program Files\dotnet\sdk\10.0.200\Sdks\Microsoft.NET.Sdk\targets\Microsoft.NET.Sdk.targets(799,5): message :       ResolveKeySource;
       C:\Program Files\dotnet\sdk\10.0.200\Sdks\Microsoft.NET.Sdk\targets\Microsoft.NET.Sdk.targets(799,5): message :       SetWin32ManifestProperties;
       C:\Program Files\dotnet\sdk\10.0.200\Sdks\Microsoft.NET.Sdk\targets\Microsoft.NET.Sdk.targets(799,5): message :       _SetPreferNativeArm64Win32ManifestProperties;
       C:\Program Files\dotnet\sdk\10.0.200\Sdks\Microsoft.NET.Sdk\targets\Microsoft.NET.Sdk.targets(799,5): message :       FindReferenceAssembliesForReferences;
       C:\Program Files\dotnet\sdk\10.0.200\Sdks\Microsoft.NET.Sdk\targets\Microsoft.NET.Sdk.targets(799,5): message :       _GenerateCompileInputs;
       C:\Program Files\dotnet\sdk\10.0.200\Sdks\Microsoft.NET.Sdk\targets\Microsoft.NET.Sdk.targets(799,5): message :       BeforeCompile;
       C:\Program Files\dotnet\sdk\10.0.200\Sdks\Microsoft.NET.Sdk\targets\Microsoft.NET.Sdk.targets(799,5): message :       _TimeStampBeforeCompile;
       C:\Program Files\dotnet\sdk\10.0.200\Sdks\Microsoft.NET.Sdk\targets\Microsoft.NET.Sdk.targets(799,5): message :       _GenerateCompileDependencyCache;
       C:\Program Files\dotnet\sdk\10.0.200\Sdks\Microsoft.NET.Sdk\targets\Microsoft.NET.Sdk.targets(799,5): message :       CoreCompile;
       C:\Program Files\dotnet\sdk\10.0.200\Sdks\Microsoft.NET.Sdk\targets\Microsoft.NET.Sdk.targets(799,5): message :       _TimeStampAfterCompile;
       C:\Program Files\dotnet\sdk\10.0.200\Sdks\Microsoft.NET.Sdk\targets\Microsoft.NET.Sdk.targets(799,5): message :       AfterCompile;
       C:\Program Files\dotnet\sdk\10.0.200\Sdks\Microsoft.NET.Sdk\targets\Microsoft.NET.Sdk.targets(799,5): message :     ") для C:\Program Files\dotnet\sdk\10.0.200\Sdks\Microsoft.NET.Sdk\targets\Microsoft.NET.Sdk.targets (799,5)
       C:\Program Files\dotnet\sdk\10.0.200\Sdks\Microsoft.NET.Sdk\targets\Microsoft.NET.Sdk.targets(1131,5): message : Повторное назначение свойства: $(CreateSatelliteAssembliesDependsOn)="
       C:\Program Files\dotnet\sdk\10.0.200\Sdks\Microsoft.NET.Sdk\targets\Microsoft.NET.Sdk.targets(1131,5): message :       
       C:\Program Files\dotnet\sdk\10.0.200\Sdks\Microsoft.NET.Sdk\targets\Microsoft.NET.Sdk.targets(1131,5): message :       ;
       C:\Program Files\dotnet\sdk\10.0.200\Sdks\Microsoft.NET.Sdk\targets\Microsoft.NET.Sdk.targets(1131,5): message :       _GenerateSatelliteAssemblyInputs;
       C:\Program Files\dotnet\sdk\10.0.200\Sdks\Microsoft.NET.Sdk\targets\Microsoft.NET.Sdk.targets(1131,5): message :       ComputeIntermediateSatelliteAssemblies;
       C:\Program Files\dotnet\sdk\10.0.200\Sdks\Microsoft.NET.Sdk\targets\Microsoft.NET.Sdk.targets(1131,5): message :       GenerateSatelliteAssemblies
       C:\Program Files\dotnet\sdk\10.0.200\Sdks\Microsoft.NET.Sdk\targets\Microsoft.NET.Sdk.targets(1131,5): message :     ;
       C:\Program Files\dotnet\sdk\10.0.200\Sdks\Microsoft.NET.Sdk\targets\Microsoft.NET.Sdk.targets(1131,5): message :       CoreGenerateSatelliteAssemblies
       C:\Program Files\dotnet\sdk\10.0.200\Sdks\Microsoft.NET.Sdk\targets\Microsoft.NET.Sdk.targets(1131,5): message :     " (предыдущее значение: "
       C:\Program Files\dotnet\sdk\10.0.200\Sdks\Microsoft.NET.Sdk\targets\Microsoft.NET.Sdk.targets(1131,5): message :       ;
       C:\Program Files\dotnet\sdk\10.0.200\Sdks\Microsoft.NET.Sdk\targets\Microsoft.NET.Sdk.targets(1131,5): message :       _GenerateSatelliteAssemblyInputs;
       C:\Program Files\dotnet\sdk\10.0.200\Sdks\Microsoft.NET.Sdk\targets\Microsoft.NET.Sdk.targets(1131,5): message :       ComputeIntermediateSatelliteAssemblies;
       C:\Program Files\dotnet\sdk\10.0.200\Sdks\Microsoft.NET.Sdk\targets\Microsoft.NET.Sdk.targets(1131,5): message :       GenerateSatelliteAssemblies
       C:\Program Files\dotnet\sdk\10.0.200\Sdks\Microsoft.NET.Sdk\targets\Microsoft.NET.Sdk.targets(1131,5): message :     ") для C:\Program Files\dotnet\sdk\10.0.200\Sdks\Microsoft.NET.Sdk\targets\Microsoft.NET.Sdk.targets (1131,5)
       C:\Program Files\dotnet\sdk\10.0.200\Sdks\Microsoft.SourceLink.GitLab\build\Microsoft.SourceLink.GitLab.targets(12,5): message : Повторное назначение свойства: $(SourceLinkUrlInitializerTargets)=";_InitializeGitHubSourceLinkUrl;_InitializeGitLabSourceLinkUrl" (предыдущее значение: ";_InitializeGitHubSourceLinkUrl") для C:\Program Files\dotnet\sdk\10.0.200\Sdks\Microsoft.SourceLink.GitLab\build\Microsoft.SourceLink.GitLab.targets (12,5)
       C:\Program Files\dotnet\sdk\10.0.200\Sdks\Microsoft.SourceLink.GitLab\build\Microsoft.SourceLink.GitLab.targets(13,5): message : Повторное назначение свойства: $(SourceControlManagerUrlTranslationTargets)=";TranslateGitHubUrlsInSourceControlInformation;TranslateGitLabUrlsInSourceControlInformation" (предыдущее значение: ";TranslateGitHubUrlsInSourceControlInformation") для C:\Program Files\dotnet\sdk\10.0.200\Sdks\Microsoft.SourceLink.GitLab\build\Microsoft.SourceLink.GitLab.targets (13,5)
       C:\Program Files\dotnet\sdk\10.0.200\Sdks\Microsoft.SourceLink.AzureRepos.Git\build\Microsoft.SourceLink.AzureRepos.Git.targets(12,5): message : Повторное назначение свойства: $(SourceLinkUrlInitializerTargets)=";_InitializeGitHubSourceLinkUrl;_InitializeGitLabSourceLinkUrl;_InitializeAzureReposGitSourceLinkUrl" (предыдущее значение: ";_InitializeGitHubSourceLinkUrl;_InitializeGitLabSourceLinkUrl") для C:\Program Files\dotnet\sdk\10.0.200\Sdks\Microsoft.SourceLink.AzureRepos.Git\build\Microsoft.SourceLink.AzureRepos.Git.targets (12,5)
       C:\Program Files\dotnet\sdk\10.0.200\Sdks\Microsoft.SourceLink.AzureRepos.Git\build\Microsoft.SourceLink.AzureRepos.Git.targets(13,5): message : Повторное назначение свойства: $(SourceControlManagerUrlTranslationTargets)=";TranslateGitHubUrlsInSourceControlInformation;TranslateGitLabUrlsInSourceControlInformation;TranslateAzureReposGitUrlsInSourceControlInformation" (предыдущее значение: ";TranslateGitHubUrlsInSourceControlInformation;TranslateGitLabUrlsInSourceControlInformation") для C:\Program Files\dotnet\sdk\10.0.200\Sdks\Microsoft.SourceLink.AzureRepos.Git\build\Microsoft.SourceLink.AzureRepos.Git.targets (13,5)
       C:\Program Files\dotnet\sdk\10.0.200\Sdks\Microsoft.SourceLink.Bitbucket.Git\build\Microsoft.SourceLink.Bitbucket.Git.targets(12,5): message : Повторное назначение свойства: $(SourceLinkUrlInitializerTargets)=";_InitializeGitHubSourceLinkUrl;_InitializeGitLabSourceLinkUrl;_InitializeAzureReposGitSourceLinkUrl;_InitializeBitbucketGitSourceLinkUrl" (предыдущее значение: ";_InitializeGitHubSourceLinkUrl;_InitializeGitLabSourceLinkUrl;_InitializeAzureReposGitSourceLinkUrl") для C:\Program Files\dotnet\sdk\10.0.200\Sdks\Microsoft.SourceLink.Bitbucket.Git\build\Microsoft.SourceLink.Bitbucket.Git.targets (12,5)
       C:\Program Files\dotnet\sdk\10.0.200\Sdks\Microsoft.SourceLink.Bitbucket.Git\build\Microsoft.SourceLink.Bitbucket.Git.targets(13,5): message : Повторное назначение свойства: $(SourceControlManagerUrlTranslationTargets)=";TranslateGitHubUrlsInSourceControlInformation;TranslateGitLabUrlsInSourceControlInformation;TranslateAzureReposGitUrlsInSourceControlInformation;TranslateBitbucketGitUrlsInSourceControlInformation" (предыдущее значение: ";TranslateGitHubUrlsInSourceControlInformation;TranslateGitLabUrlsInSourceControlInformation;TranslateAzureReposGitUrlsInSourceControlInformation") для C:\Program Files\dotnet\sdk\10.0.200\Sdks\Microsoft.SourceLink.Bitbucket.Git\build\Microsoft.SourceLink.Bitbucket.Git.targets (13,5)
       C:\Program Files\dotnet\sdk\10.0.200\Sdks\Microsoft.NET.Sdk\targets\Microsoft.NET.DesignerSupport.targets(21,5): message : Повторное назначение свойства: $(DesignerRuntimeImplementationProjectOutputGroupDependsOn)="
       C:\Program Files\dotnet\sdk\10.0.200\Sdks\Microsoft.NET.Sdk\targets\Microsoft.NET.DesignerSupport.targets(21,5): message :       
       C:\Program Files\dotnet\sdk\10.0.200\Sdks\Microsoft.NET.Sdk\targets\Microsoft.NET.DesignerSupport.targets(21,5): message :       ;
       C:\Program Files\dotnet\sdk\10.0.200\Sdks\Microsoft.NET.Sdk\targets\Microsoft.NET.DesignerSupport.targets(21,5): message :       
       C:\Program Files\dotnet\sdk\10.0.200\Sdks\Microsoft.NET.Sdk\targets\Microsoft.NET.DesignerSupport.targets(21,5): message :       ;
       C:\Program Files\dotnet\sdk\10.0.200\Sdks\Microsoft.NET.Sdk\targets\Microsoft.NET.DesignerSupport.targets(21,5): message :       BuildOnlySettings;
       C:\Program Files\dotnet\sdk\10.0.200\Sdks\Microsoft.NET.Sdk\targets\Microsoft.NET.DesignerSupport.targets(21,5): message :       PrepareForBuild;
       C:\Program Files\dotnet\sdk\10.0.200\Sdks\Microsoft.NET.Sdk\targets\Microsoft.NET.DesignerSupport.targets(21,5): message :       AssignTargetPaths;
       C:\Program Files\dotnet\sdk\10.0.200\Sdks\Microsoft.NET.Sdk\targets\Microsoft.NET.DesignerSupport.targets(21,5): message :       ResolveReferences
       C:\Program Files\dotnet\sdk\10.0.200\Sdks\Microsoft.NET.Sdk\targets\Microsoft.NET.DesignerSupport.targets(21,5): message :     
       C:\Program Files\dotnet\sdk\10.0.200\Sdks\Microsoft.NET.Sdk\targets\Microsoft.NET.DesignerSupport.targets(21,5): message :     ;
       C:\Program Files\dotnet\sdk\10.0.200\Sdks\Microsoft.NET.Sdk\targets\Microsoft.NET.DesignerSupport.targets(21,5): message :       _GenerateDesignerDepsFile;
       C:\Program Files\dotnet\sdk\10.0.200\Sdks\Microsoft.NET.Sdk\targets\Microsoft.NET.DesignerSupport.targets(21,5): message :       _GenerateDesignerRuntimeConfigFile;
       C:\Program Files\dotnet\sdk\10.0.200\Sdks\Microsoft.NET.Sdk\targets\Microsoft.NET.DesignerSupport.targets(21,5): message :       GetCopyToOutputDirectoryItems;
       C:\Program Files\dotnet\sdk\10.0.200\Sdks\Microsoft.NET.Sdk\targets\Microsoft.NET.DesignerSupport.targets(21,5): message :       _GatherDesignerShadowCopyFiles;
       C:\Program Files\dotnet\sdk\10.0.200\Sdks\Microsoft.NET.Sdk\targets\Microsoft.NET.DesignerSupport.targets(21,5): message :     " (предыдущее значение: "
       C:\Program Files\dotnet\sdk\10.0.200\Sdks\Microsoft.NET.Sdk\targets\Microsoft.NET.DesignerSupport.targets(21,5): message :       ;
       C:\Program Files\dotnet\sdk\10.0.200\Sdks\Microsoft.NET.Sdk\targets\Microsoft.NET.DesignerSupport.targets(21,5): message :       
       C:\Program Files\dotnet\sdk\10.0.200\Sdks\Microsoft.NET.Sdk\targets\Microsoft.NET.DesignerSupport.targets(21,5): message :       ;
       C:\Program Files\dotnet\sdk\10.0.200\Sdks\Microsoft.NET.Sdk\targets\Microsoft.NET.DesignerSupport.targets(21,5): message :       BuildOnlySettings;
       C:\Program Files\dotnet\sdk\10.0.200\Sdks\Microsoft.NET.Sdk\targets\Microsoft.NET.DesignerSupport.targets(21,5): message :       PrepareForBuild;
       C:\Program Files\dotnet\sdk\10.0.200\Sdks\Microsoft.NET.Sdk\targets\Microsoft.NET.DesignerSupport.targets(21,5): message :       AssignTargetPaths;
       C:\Program Files\dotnet\sdk\10.0.200\Sdks\Microsoft.NET.Sdk\targets\Microsoft.NET.DesignerSupport.targets(21,5): message :       ResolveReferences
       C:\Program Files\dotnet\sdk\10.0.200\Sdks\Microsoft.NET.Sdk\targets\Microsoft.NET.DesignerSupport.targets(21,5): message :     
       C:\Program Files\dotnet\sdk\10.0.200\Sdks\Microsoft.NET.Sdk\targets\Microsoft.NET.DesignerSupport.targets(21,5): message :     ") для C:\Program Files\dotnet\sdk\10.0.200\Sdks\Microsoft.NET.Sdk\targets\Microsoft.NET.DesignerSupport.targets (21,5)
       C:\Program Files\dotnet\sdk\10.0.200\Sdks\Microsoft.NET.Sdk\targets\Microsoft.NET.Sdk.CSharp.targets(31,5): message : Повторное назначение свойства: $(DefineConstants)="TRACE;DEBUG" (предыдущее значение: "TRACE") для C:\Program Files\dotnet\sdk\10.0.200\Sdks\Microsoft.NET.Sdk\targets\Microsoft.NET.Sdk.CSharp.targets (31,5)
       C:\Program Files\dotnet\sdk\10.0.200\Sdks\Microsoft.NET.Sdk\targets\Microsoft.NET.Sdk.CSharp.targets(45,5): message : Повторное назначение свойства: $(WarningsAsErrors)=";NU1605;SYSLIB0011" (предыдущее значение: ";NU1605") для C:\Program Files\dotnet\sdk\10.0.200\Sdks\Microsoft.NET.Sdk\targets\Microsoft.NET.Sdk.CSharp.targets (45,5)
       C:\Program Files\dotnet\sdk\10.0.200\Sdks\Microsoft.NET.Sdk\targets\Microsoft.NET.Windows.targets(49,5): message : Повторное назначение свойства: $(TargetPlatformVersion)="7.0" (предыдущее значение: "") для C:\Program Files\dotnet\sdk\10.0.200\Sdks\Microsoft.NET.Sdk\targets\Microsoft.NET.Windows.targets (49,5)
       C:\Program Files\dotnet\sdk\10.0.200\Sdks\Microsoft.NET.Sdk\targets\Microsoft.NET.Windows.targets(50,5): message : Повторное назначение свойства: $(EffectiveTargetPlatformVersion)="7.0" (предыдущее значение: "") для C:\Program Files\dotnet\sdk\10.0.200\Sdks\Microsoft.NET.Sdk\targets\Microsoft.NET.Windows.targets (50,5)
       C:\Program Files\dotnet\sdk\10.0.200\Sdks\Microsoft.NET.Sdk\targets\Microsoft.NET.Windows.targets(60,5): message : Повторное назначение свойства: $(SupportedOSPlatformVersion)="7.0" (предыдущее значение: "") для C:\Program Files\dotnet\sdk\10.0.200\Sdks\Microsoft.NET.Sdk\targets\Microsoft.NET.Windows.targets (60,5)
       C:\Program Files\dotnet\sdk\10.0.200\Sdks\Microsoft.NET.Sdk\targets\Microsoft.NET.Windows.targets(61,5): message : Повторное назначение свойства: $(TargetPlatformMinVersion)="7.0" (предыдущее значение: "") для C:\Program Files\dotnet\sdk\10.0.200\Sdks\Microsoft.NET.Sdk\targets\Microsoft.NET.Windows.targets (61,5)
       C:\Program Files\dotnet\sdk\10.0.200\Sdks\Microsoft.NET.Sdk\targets\Microsoft.NET.Windows.targets(239,5): message : Повторное назначение свойства: $(_RunCsWinRTGeneratorPropertyInputsCachePath)="I:\WEAKEST LINK SOPFTWARE AI TESTERING FINALE\obj\Debug\net10.0-windows\WeakestLink.cswinrtgen.cache" (предыдущее значение: "obj\Debug\net10.0-windows\WeakestLink.cswinrtgen.cache") для C:\Program Files\dotnet\sdk\10.0.200\Sdks\Microsoft.NET.Sdk\targets\Microsoft.NET.Windows.targets (239,5)
       C:\Program Files\dotnet\sdk\10.0.200\Sdks\Microsoft.NET.Sdk\targets\Microsoft.NET.Sdk.targets(1497,5): message : Повторное назначение свойства: $(TargetPlatformDisplayName)="Windows 7.0" (предыдущее значение: "Windows ") для C:\Program Files\dotnet\sdk\10.0.200\Sdks\Microsoft.NET.Sdk\targets\Microsoft.NET.Sdk.targets (1497,5)
       C:\Program Files\dotnet\sdk\10.0.200\Sdks\Microsoft.NET.Sdk.WindowsDesktop\targets\Microsoft.NET.Sdk.WindowsDesktop.targets(51,5): message : Повторное назначение свойства: $(_TargetFrameworkVersionValue)="10.0" (предыдущее значение: "0.0") для C:\Program Files\dotnet\sdk\10.0.200\Sdks\Microsoft.NET.Sdk.WindowsDesktop\targets\Microsoft.NET.Sdk.WindowsDesktop.targets (51,5)
       C:\Program Files\dotnet\sdk\10.0.200\Sdks\Microsoft.NET.Sdk.WindowsDesktop\targets\Microsoft.WinFX.targets(61,7): message : Повторное назначение свойства: $(PrepareResourceNamesDependsOn)="
       C:\Program Files\dotnet\sdk\10.0.200\Sdks\Microsoft.NET.Sdk.WindowsDesktop\targets\Microsoft.WinFX.targets(61,7): message :                     AssignWinFXEmbeddedResource;
       C:\Program Files\dotnet\sdk\10.0.200\Sdks\Microsoft.NET.Sdk.WindowsDesktop\targets\Microsoft.WinFX.targets(61,7): message :                     
       C:\Program Files\dotnet\sdk\10.0.200\Sdks\Microsoft.NET.Sdk.WindowsDesktop\targets\Microsoft.WinFX.targets(61,7): message :       AssignTargetPaths;
       C:\Program Files\dotnet\sdk\10.0.200\Sdks\Microsoft.NET.Sdk.WindowsDesktop\targets\Microsoft.WinFX.targets(61,7): message :       SplitResourcesByCulture;
       C:\Program Files\dotnet\sdk\10.0.200\Sdks\Microsoft.NET.Sdk.WindowsDesktop\targets\Microsoft.WinFX.targets(61,7): message :       CreateManifestResourceNames;
       C:\Program Files\dotnet\sdk\10.0.200\Sdks\Microsoft.NET.Sdk.WindowsDesktop\targets\Microsoft.WinFX.targets(61,7): message :       CreateCustomManifestResourceNames
       C:\Program Files\dotnet\sdk\10.0.200\Sdks\Microsoft.NET.Sdk.WindowsDesktop\targets\Microsoft.WinFX.targets(61,7): message :     
       C:\Program Files\dotnet\sdk\10.0.200\Sdks\Microsoft.NET.Sdk.WindowsDesktop\targets\Microsoft.WinFX.targets(61,7): message :       " (предыдущее значение: "
       C:\Program Files\dotnet\sdk\10.0.200\Sdks\Microsoft.NET.Sdk.WindowsDesktop\targets\Microsoft.WinFX.targets(61,7): message :       AssignTargetPaths;
       C:\Program Files\dotnet\sdk\10.0.200\Sdks\Microsoft.NET.Sdk.WindowsDesktop\targets\Microsoft.WinFX.targets(61,7): message :       SplitResourcesByCulture;
       C:\Program Files\dotnet\sdk\10.0.200\Sdks\Microsoft.NET.Sdk.WindowsDesktop\targets\Microsoft.WinFX.targets(61,7): message :       CreateManifestResourceNames;
       C:\Program Files\dotnet\sdk\10.0.200\Sdks\Microsoft.NET.Sdk.WindowsDesktop\targets\Microsoft.WinFX.targets(61,7): message :       CreateCustomManifestResourceNames
       C:\Program Files\dotnet\sdk\10.0.200\Sdks\Microsoft.NET.Sdk.WindowsDesktop\targets\Microsoft.WinFX.targets(61,7): message :     ") для C:\Program Files\dotnet\sdk\10.0.200\Sdks\Microsoft.NET.Sdk.WindowsDesktop\targets\Microsoft.WinFX.targets (61,7)
       C:\Program Files\dotnet\sdk\10.0.200\Sdks\Microsoft.NET.Sdk.WindowsDesktop\targets\Microsoft.WinFX.targets(69,7): message : Повторное назначение свойства: $(PrepareResourcesDependsOn)="
       C:\Program Files\dotnet\sdk\10.0.200\Sdks\Microsoft.NET.Sdk.WindowsDesktop\targets\Microsoft.WinFX.targets(69,7): message :                 MarkupCompilePass1;
       C:\Program Files\dotnet\sdk\10.0.200\Sdks\Microsoft.NET.Sdk.WindowsDesktop\targets\Microsoft.WinFX.targets(69,7): message :                 AfterMarkupCompilePass1;
       C:\Program Files\dotnet\sdk\10.0.200\Sdks\Microsoft.NET.Sdk.WindowsDesktop\targets\Microsoft.WinFX.targets(69,7): message :                 MarkupCompilePass2ForMainAssembly;
       C:\Program Files\dotnet\sdk\10.0.200\Sdks\Microsoft.NET.Sdk.WindowsDesktop\targets\Microsoft.WinFX.targets(69,7): message :                 FileClassification;
       C:\Program Files\dotnet\sdk\10.0.200\Sdks\Microsoft.NET.Sdk.WindowsDesktop\targets\Microsoft.WinFX.targets(69,7): message :                 MainResourcesGeneration;
       C:\Program Files\dotnet\sdk\10.0.200\Sdks\Microsoft.NET.Sdk.WindowsDesktop\targets\Microsoft.WinFX.targets(69,7): message :                 
       C:\Program Files\dotnet\sdk\10.0.200\Sdks\Microsoft.NET.Sdk.WindowsDesktop\targets\Microsoft.WinFX.targets(69,7): message :       ResolvePackageDependenciesForBuild;
       C:\Program Files\dotnet\sdk\10.0.200\Sdks\Microsoft.NET.Sdk.WindowsDesktop\targets\Microsoft.WinFX.targets(69,7): message :       _HandlePackageFileConflicts;
       C:\Program Files\dotnet\sdk\10.0.200\Sdks\Microsoft.NET.Sdk.WindowsDesktop\targets\Microsoft.WinFX.targets(69,7): message :       
       C:\Program Files\dotnet\sdk\10.0.200\Sdks\Microsoft.NET.Sdk.WindowsDesktop\targets\Microsoft.WinFX.targets(69,7): message :       ;
       C:\Program Files\dotnet\sdk\10.0.200\Sdks\Microsoft.NET.Sdk.WindowsDesktop\targets\Microsoft.WinFX.targets(69,7): message :       PrepareResourceNames;
       C:\Program Files\dotnet\sdk\10.0.200\Sdks\Microsoft.NET.Sdk.WindowsDesktop\targets\Microsoft.WinFX.targets(69,7): message :       ResGen;
       C:\Program Files\dotnet\sdk\10.0.200\Sdks\Microsoft.NET.Sdk.WindowsDesktop\targets\Microsoft.WinFX.targets(69,7): message :       CompileLicxFiles
       C:\Program Files\dotnet\sdk\10.0.200\Sdks\Microsoft.NET.Sdk.WindowsDesktop\targets\Microsoft.WinFX.targets(69,7): message :     
       C:\Program Files\dotnet\sdk\10.0.200\Sdks\Microsoft.NET.Sdk.WindowsDesktop\targets\Microsoft.WinFX.targets(69,7): message :     
       C:\Program Files\dotnet\sdk\10.0.200\Sdks\Microsoft.NET.Sdk.WindowsDesktop\targets\Microsoft.WinFX.targets(69,7): message :       " (предыдущее значение: "
       C:\Program Files\dotnet\sdk\10.0.200\Sdks\Microsoft.NET.Sdk.WindowsDesktop\targets\Microsoft.WinFX.targets(69,7): message :       ResolvePackageDependenciesForBuild;
       C:\Program Files\dotnet\sdk\10.0.200\Sdks\Microsoft.NET.Sdk.WindowsDesktop\targets\Microsoft.WinFX.targets(69,7): message :       _HandlePackageFileConflicts;
       C:\Program Files\dotnet\sdk\10.0.200\Sdks\Microsoft.NET.Sdk.WindowsDesktop\targets\Microsoft.WinFX.targets(69,7): message :       
       C:\Program Files\dotnet\sdk\10.0.200\Sdks\Microsoft.NET.Sdk.WindowsDesktop\targets\Microsoft.WinFX.targets(69,7): message :       ;
       C:\Program Files\dotnet\sdk\10.0.200\Sdks\Microsoft.NET.Sdk.WindowsDesktop\targets\Microsoft.WinFX.targets(69,7): message :       PrepareResourceNames;
       C:\Program Files\dotnet\sdk\10.0.200\Sdks\Microsoft.NET.Sdk.WindowsDesktop\targets\Microsoft.WinFX.targets(69,7): message :       ResGen;
       C:\Program Files\dotnet\sdk\10.0.200\Sdks\Microsoft.NET.Sdk.WindowsDesktop\targets\Microsoft.WinFX.targets(69,7): message :       CompileLicxFiles
       C:\Program Files\dotnet\sdk\10.0.200\Sdks\Microsoft.NET.Sdk.WindowsDesktop\targets\Microsoft.WinFX.targets(69,7): message :     
       C:\Program Files\dotnet\sdk\10.0.200\Sdks\Microsoft.NET.Sdk.WindowsDesktop\targets\Microsoft.WinFX.targets(69,7): message :     ") для C:\Program Files\dotnet\sdk\10.0.200\Sdks\Microsoft.NET.Sdk.WindowsDesktop\targets\Microsoft.WinFX.targets (69,7)
       C:\Program Files\dotnet\sdk\10.0.200\Sdks\Microsoft.NET.Sdk.WindowsDesktop\targets\Microsoft.WinFX.targets(136,5): message : Повторное назначение свойства: $(CompileDependsOn)="
       C:\Program Files\dotnet\sdk\10.0.200\Sdks\Microsoft.NET.Sdk.WindowsDesktop\targets\Microsoft.WinFX.targets(136,5): message :         
       C:\Program Files\dotnet\sdk\10.0.200\Sdks\Microsoft.NET.Sdk.WindowsDesktop\targets\Microsoft.WinFX.targets(136,5): message :       
       C:\Program Files\dotnet\sdk\10.0.200\Sdks\Microsoft.NET.Sdk.WindowsDesktop\targets\Microsoft.WinFX.targets(136,5): message :       ResolveReferences;
       C:\Program Files\dotnet\sdk\10.0.200\Sdks\Microsoft.NET.Sdk.WindowsDesktop\targets\Microsoft.WinFX.targets(136,5): message :       ResolveKeySource;
       C:\Program Files\dotnet\sdk\10.0.200\Sdks\Microsoft.NET.Sdk.WindowsDesktop\targets\Microsoft.WinFX.targets(136,5): message :       SetWin32ManifestProperties;
       C:\Program Files\dotnet\sdk\10.0.200\Sdks\Microsoft.NET.Sdk.WindowsDesktop\targets\Microsoft.WinFX.targets(136,5): message :       _SetPreferNativeArm64Win32ManifestProperties;
       C:\Program Files\dotnet\sdk\10.0.200\Sdks\Microsoft.NET.Sdk.WindowsDesktop\targets\Microsoft.WinFX.targets(136,5): message :       FindReferenceAssembliesForReferences;
       C:\Program Files\dotnet\sdk\10.0.200\Sdks\Microsoft.NET.Sdk.WindowsDesktop\targets\Microsoft.WinFX.targets(136,5): message :       _GenerateCompileInputs;
       C:\Program Files\dotnet\sdk\10.0.200\Sdks\Microsoft.NET.Sdk.WindowsDesktop\targets\Microsoft.WinFX.targets(136,5): message :       BeforeCompile;
       C:\Program Files\dotnet\sdk\10.0.200\Sdks\Microsoft.NET.Sdk.WindowsDesktop\targets\Microsoft.WinFX.targets(136,5): message :       _TimeStampBeforeCompile;
       C:\Program Files\dotnet\sdk\10.0.200\Sdks\Microsoft.NET.Sdk.WindowsDesktop\targets\Microsoft.WinFX.targets(136,5): message :       _GenerateCompileDependencyCache;
       C:\Program Files\dotnet\sdk\10.0.200\Sdks\Microsoft.NET.Sdk.WindowsDesktop\targets\Microsoft.WinFX.targets(136,5): message :       CoreCompile;
       C:\Program Files\dotnet\sdk\10.0.200\Sdks\Microsoft.NET.Sdk.WindowsDesktop\targets\Microsoft.WinFX.targets(136,5): message :       _TimeStampAfterCompile;
       C:\Program Files\dotnet\sdk\10.0.200\Sdks\Microsoft.NET.Sdk.WindowsDesktop\targets\Microsoft.WinFX.targets(136,5): message :       AfterCompile;
       C:\Program Files\dotnet\sdk\10.0.200\Sdks\Microsoft.NET.Sdk.WindowsDesktop\targets\Microsoft.WinFX.targets(136,5): message :     ;
       C:\Program Files\dotnet\sdk\10.0.200\Sdks\Microsoft.NET.Sdk.WindowsDesktop\targets\Microsoft.WinFX.targets(136,5): message :       _CreateAppHost;
       C:\Program Files\dotnet\sdk\10.0.200\Sdks\Microsoft.NET.Sdk.WindowsDesktop\targets\Microsoft.WinFX.targets(136,5): message :       _CreateComHost;
       C:\Program Files\dotnet\sdk\10.0.200\Sdks\Microsoft.NET.Sdk.WindowsDesktop\targets\Microsoft.WinFX.targets(136,5): message :       _GetIjwHostPaths;
       C:\Program Files\dotnet\sdk\10.0.200\Sdks\Microsoft.NET.Sdk.WindowsDesktop\targets\Microsoft.WinFX.targets(136,5): message :     ;
       C:\Program Files\dotnet\sdk\10.0.200\Sdks\Microsoft.NET.Sdk.WindowsDesktop\targets\Microsoft.WinFX.targets(136,5): message :         _AfterCompileWinFXInternal
       C:\Program Files\dotnet\sdk\10.0.200\Sdks\Microsoft.NET.Sdk.WindowsDesktop\targets\Microsoft.WinFX.targets(136,5): message :     " (предыдущее значение: "
       C:\Program Files\dotnet\sdk\10.0.200\Sdks\Microsoft.NET.Sdk.WindowsDesktop\targets\Microsoft.WinFX.targets(136,5): message :       
       C:\Program Files\dotnet\sdk\10.0.200\Sdks\Microsoft.NET.Sdk.WindowsDesktop\targets\Microsoft.WinFX.targets(136,5): message :       ResolveReferences;
       C:\Program Files\dotnet\sdk\10.0.200\Sdks\Microsoft.NET.Sdk.WindowsDesktop\targets\Microsoft.WinFX.targets(136,5): message :       ResolveKeySource;
       C:\Program Files\dotnet\sdk\10.0.200\Sdks\Microsoft.NET.Sdk.WindowsDesktop\targets\Microsoft.WinFX.targets(136,5): message :       SetWin32ManifestProperties;
       C:\Program Files\dotnet\sdk\10.0.200\Sdks\Microsoft.NET.Sdk.WindowsDesktop\targets\Microsoft.WinFX.targets(136,5): message :       _SetPreferNativeArm64Win32ManifestProperties;
       C:\Program Files\dotnet\sdk\10.0.200\Sdks\Microsoft.NET.Sdk.WindowsDesktop\targets\Microsoft.WinFX.targets(136,5): message :       FindReferenceAssembliesForReferences;
       C:\Program Files\dotnet\sdk\10.0.200\Sdks\Microsoft.NET.Sdk.WindowsDesktop\targets\Microsoft.WinFX.targets(136,5): message :       _GenerateCompileInputs;
       C:\Program Files\dotnet\sdk\10.0.200\Sdks\Microsoft.NET.Sdk.WindowsDesktop\targets\Microsoft.WinFX.targets(136,5): message :       BeforeCompile;
       C:\Program Files\dotnet\sdk\10.0.200\Sdks\Microsoft.NET.Sdk.WindowsDesktop\targets\Microsoft.WinFX.targets(136,5): message :       _TimeStampBeforeCompile;
       C:\Program Files\dotnet\sdk\10.0.200\Sdks\Microsoft.NET.Sdk.WindowsDesktop\targets\Microsoft.WinFX.targets(136,5): message :       _GenerateCompileDependencyCache;
       C:\Program Files\dotnet\sdk\10.0.200\Sdks\Microsoft.NET.Sdk.WindowsDesktop\targets\Microsoft.WinFX.targets(136,5): message :       CoreCompile;
       C:\Program Files\dotnet\sdk\10.0.200\Sdks\Microsoft.NET.Sdk.WindowsDesktop\targets\Microsoft.WinFX.targets(136,5): message :       _TimeStampAfterCompile;
       C:\Program Files\dotnet\sdk\10.0.200\Sdks\Microsoft.NET.Sdk.WindowsDesktop\targets\Microsoft.WinFX.targets(136,5): message :       AfterCompile;
       C:\Program Files\dotnet\sdk\10.0.200\Sdks\Microsoft.NET.Sdk.WindowsDesktop\targets\Microsoft.WinFX.targets(136,5): message :     ;
       C:\Program Files\dotnet\sdk\10.0.200\Sdks\Microsoft.NET.Sdk.WindowsDesktop\targets\Microsoft.WinFX.targets(136,5): message :       _CreateAppHost;
       C:\Program Files\dotnet\sdk\10.0.200\Sdks\Microsoft.NET.Sdk.WindowsDesktop\targets\Microsoft.WinFX.targets(136,5): message :       _CreateComHost;
       C:\Program Files\dotnet\sdk\10.0.200\Sdks\Microsoft.NET.Sdk.WindowsDesktop\targets\Microsoft.WinFX.targets(136,5): message :       _GetIjwHostPaths;
       C:\Program Files\dotnet\sdk\10.0.200\Sdks\Microsoft.NET.Sdk.WindowsDesktop\targets\Microsoft.WinFX.targets(136,5): message :     ") для C:\Program Files\dotnet\sdk\10.0.200\Sdks\Microsoft.NET.Sdk.WindowsDesktop\targets\Microsoft.WinFX.targets (136,5)
       C:\Program Files\dotnet\sdk\10.0.200\Sdks\Microsoft.NET.Sdk.WindowsDesktop\targets\Microsoft.WinFX.targets(803,9): message : Повторное назначение свойства: $(PublishBuildDependsOn)="
       C:\Program Files\dotnet\sdk\10.0.200\Sdks\Microsoft.NET.Sdk.WindowsDesktop\targets\Microsoft.WinFX.targets(803,9): message :             BuildOnlySettings;
       C:\Program Files\dotnet\sdk\10.0.200\Sdks\Microsoft.NET.Sdk.WindowsDesktop\targets\Microsoft.WinFX.targets(803,9): message :             PrepareForBuild;
       C:\Program Files\dotnet\sdk\10.0.200\Sdks\Microsoft.NET.Sdk.WindowsDesktop\targets\Microsoft.WinFX.targets(803,9): message :             ResolveReferences;
       C:\Program Files\dotnet\sdk\10.0.200\Sdks\Microsoft.NET.Sdk.WindowsDesktop\targets\Microsoft.WinFX.targets(803,9): message :             PrepareResources;
       C:\Program Files\dotnet\sdk\10.0.200\Sdks\Microsoft.NET.Sdk.WindowsDesktop\targets\Microsoft.WinFX.targets(803,9): message :             ResolveKeySource;
       C:\Program Files\dotnet\sdk\10.0.200\Sdks\Microsoft.NET.Sdk.WindowsDesktop\targets\Microsoft.WinFX.targets(803,9): message :             PrepareResourcesForSatelliteAssemblies;
       C:\Program Files\dotnet\sdk\10.0.200\Sdks\Microsoft.NET.Sdk.WindowsDesktop\targets\Microsoft.WinFX.targets(803,9): message :             GenerateSerializationAssemblies;
       C:\Program Files\dotnet\sdk\10.0.200\Sdks\Microsoft.NET.Sdk.WindowsDesktop\targets\Microsoft.WinFX.targets(803,9): message :             CreateSatelliteAssemblies;
       C:\Program Files\dotnet\sdk\10.0.200\Sdks\Microsoft.NET.Sdk.WindowsDesktop\targets\Microsoft.WinFX.targets(803,9): message :         " (предыдущее значение: "
       C:\Program Files\dotnet\sdk\10.0.200\Sdks\Microsoft.NET.Sdk.WindowsDesktop\targets\Microsoft.WinFX.targets(803,9): message :       BuildOnlySettings;
       C:\Program Files\dotnet\sdk\10.0.200\Sdks\Microsoft.NET.Sdk.WindowsDesktop\targets\Microsoft.WinFX.targets(803,9): message :       PrepareForBuild;
       C:\Program Files\dotnet\sdk\10.0.200\Sdks\Microsoft.NET.Sdk.WindowsDesktop\targets\Microsoft.WinFX.targets(803,9): message :       ResolveReferences;
       C:\Program Files\dotnet\sdk\10.0.200\Sdks\Microsoft.NET.Sdk.WindowsDesktop\targets\Microsoft.WinFX.targets(803,9): message :       PrepareResources;
       C:\Program Files\dotnet\sdk\10.0.200\Sdks\Microsoft.NET.Sdk.WindowsDesktop\targets\Microsoft.WinFX.targets(803,9): message :       ResolveKeySource;
       C:\Program Files\dotnet\sdk\10.0.200\Sdks\Microsoft.NET.Sdk.WindowsDesktop\targets\Microsoft.WinFX.targets(803,9): message :       GenerateSerializationAssemblies;
       C:\Program Files\dotnet\sdk\10.0.200\Sdks\Microsoft.NET.Sdk.WindowsDesktop\targets\Microsoft.WinFX.targets(803,9): message :       CreateSatelliteAssemblies;
       C:\Program Files\dotnet\sdk\10.0.200\Sdks\Microsoft.NET.Sdk.WindowsDesktop\targets\Microsoft.WinFX.targets(803,9): message :     ") для C:\Program Files\dotnet\sdk\10.0.200\Sdks\Microsoft.NET.Sdk.WindowsDesktop\targets\Microsoft.WinFX.targets (803,9)
       C:\Program Files\dotnet\sdk\10.0.200\NuGet.Build.Tasks.Pack.targets(34,5): message : Повторное назначение свойства: $(PackageDescription)="Package Description" (предыдущее значение: "") для C:\Program Files\dotnet\sdk\10.0.200\NuGet.Build.Tasks.Pack.targets (34,5)
       C:\Program Files\dotnet\sdk\10.0.200\NuGet.Build.Tasks.Pack.targets(59,5): message : Повторное назначение свойства: $(GenerateNuspecDependsOn)="Build;_LoadPackInputItems; _GetTargetFrameworksOutput; _WalkEachTargetPerFramework; _GetPackageFiles; " (предыдущее значение: "_LoadPackInputItems; _GetTargetFrameworksOutput; _WalkEachTargetPerFramework; _GetPackageFiles; ") для C:\Program Files\dotnet\sdk\10.0.200\NuGet.Build.Tasks.Pack.targets (59,5)
       C:\Program Files\dotnet\sdk\10.0.200\Sdks\Microsoft.NET.Sdk\Sdk\Sdk.targets(59,5): message : Повторное назначение свойства: $(_IsNotSetContainersTargetsDir)="true" (предыдущее значение: "false") для C:\Program Files\dotnet\sdk\10.0.200\Sdks\Microsoft.NET.Sdk\Sdk\Sdk.targets (59,5)
       C:\Program Files\dotnet\sdk\10.0.200\Containers\build\Microsoft.NET.Build.Containers.targets(5,5): message : Повторное назначение свойства: $(_IsSDKContainerAllowedVersion)="true" (предыдущее значение: "false") для C:\Program Files\dotnet\sdk\10.0.200\Containers\build\Microsoft.NET.Build.Containers.targets (5,5)
       C:\Program Files\dotnet\sdk\10.0.200\Containers\build\Microsoft.NET.Build.Containers.targets(15,5): message : Повторное назначение свойства: $(_ContainerIsTargetingNet8TFM)="true" (предыдущее значение: "false") для C:\Program Files\dotnet\sdk\10.0.200\Containers\build\Microsoft.NET.Build.Containers.targets (15,5)
       Переопределение целевого объекта "ResolveFrameworkReferences" в проекте "C:\Program Files\dotnet\sdk\10.0.200\Microsoft.Common.CurrentVersion.targets" целевым объект "ResolveFrameworkReferences" из проекта "C:\Program Files\dotnet\sdk\10.0.200\Sdks\Microsoft.NET.Sdk\targets\Microsoft.NET.Sdk.FrameworkReferenceResolution.targets".
       Переопределение целевого объекта "GenerateSupportedTargetFrameworkAlias" в проекте "C:\Program Files\dotnet\sdk\10.0.200\Microsoft.Common.CurrentVersion.targets" целевым объект "GenerateSupportedTargetFrameworkAlias" из проекта "C:\Program Files\dotnet\sdk\10.0.200\Sdks\Microsoft.NET.Sdk\targets\Microsoft.NET.Sdk.targets".
       Переопределение целевого объекта "GetReferenceAssemblyPaths" в проекте "C:\Program Files\dotnet\sdk\10.0.200\Microsoft.Common.CurrentVersion.targets" целевым объект "GetReferenceAssemblyPaths" из проекта "C:\Program Files\dotnet\sdk\10.0.200\Sdks\Microsoft.NET.Sdk\targets\Microsoft.NET.DisableStandardFrameworkResolution.targets".
       Переопределение целевого объекта "GetFrameworkPaths" в проекте "C:\Program Files\dotnet\sdk\10.0.200\Microsoft.Common.CurrentVersion.targets" целевым объект "GetFrameworkPaths" из проекта "C:\Program Files\dotnet\sdk\10.0.200\Sdks\Microsoft.NET.Sdk\targets\Microsoft.NET.DisableStandardFrameworkResolution.targets".
       Переопределение целевого объекта "DesignerRuntimeImplementationProjectOutputGroup" в проекте "C:\Program Files\dotnet\sdk\10.0.200\Microsoft.Common.CurrentVersion.targets" целевым объект "DesignerRuntimeImplementationProjectOutputGroup" из проекта "C:\Program Files\dotnet\sdk\10.0.200\Sdks\Microsoft.NET.Sdk\targets\Microsoft.NET.DesignerSupport.targets".
       Переопределение целевого объекта "Publish" в проекте "C:\Program Files\dotnet\sdk\10.0.200\Microsoft.Common.CurrentVersion.targets" целевым объект "Publish" из проекта "C:\Program Files\dotnet\sdk\10.0.200\Sdks\Microsoft.NET.Sdk\targets\Microsoft.NET.Publish.targets".
       Переопределение целевого объекта "ResolveReadyToRunCompilers" в проекте "C:\Program Files\dotnet\sdk\10.0.200\Sdks\Microsoft.NET.Sdk\targets\Microsoft.NET.CrossGen.targets" целевым объект "ResolveReadyToRunCompilers" из проекта "C:\Program Files\dotnet\sdk\10.0.200\Sdks\Microsoft.NET.Sdk\targets\Microsoft.NET.Publish.targets".
       Переопределение целевого объекта "GetCopyToPublishDirectoryItems" в проекте "C:\Program Files\dotnet\sdk\10.0.200\Microsoft.Common.CurrentVersion.targets" целевым объект "GetCopyToPublishDirectoryItems" из проекта "C:\Program Files\dotnet\sdk\10.0.200\Sdks\Microsoft.NET.Sdk\targets\Microsoft.NET.Publish.targets".
       Переопределение целевого объекта "Run" в проекте "C:\Program Files\dotnet\sdk\10.0.200\Microsoft.Common.CurrentVersion.targets" целевым объект "Run" из проекта "C:\Program Files\dotnet\sdk\10.0.200\Sdks\Microsoft.NET.Sdk\targets\Microsoft.NET.Sdk.targets".
       Переопределение целевого объекта "SatelliteDllsProjectOutputGroup" в проекте "C:\Program Files\dotnet\sdk\10.0.200\Microsoft.Common.CurrentVersion.targets" целевым объект "SatelliteDllsProjectOutputGroup" из проекта "C:\Program Files\dotnet\sdk\10.0.200\Sdks\Microsoft.NET.Sdk.WindowsDesktop\targets\Microsoft.WinFX.targets".
     1>Проект "I:\WEAKEST LINK SOPFTWARE AI TESTERING FINALE\WeakestLink.csproj" (1) выполняет сборку "I:\WEAKEST LINK SOPFTWARE AI TESTERING FINALE\WeakestLink.csproj" (1:2) в узле 1 (целевые объекты _IsProjectRestoreSupported).
   1:2>Целевой объект "_IsProjectRestoreSupported" в файле "C:\Program Files\dotnet\sdk\10.0.200\NuGet.targets" из проекта "I:\WEAKEST LINK SOPFTWARE AI TESTERING FINALE\WeakestLink.csproj" (точка входа):
   1:2>Сборка целевого объекта "_IsProjectRestoreSupported" в проекте "WeakestLink.csproj" завершена.
   1:2>Сборка проекта "I:\WEAKEST LINK SOPFTWARE AI TESTERING FINALE\WeakestLink.csproj" завершена (целевые объекты _IsProjectRestoreSupported).
     1>Выполнение задачи "MSBuild" завершено.
       Сборка загружена во время TaskRun: NuGet.Build.Tasks, Version=7.3.0.0, Culture=neutral, PublicKeyToken=31bf3856ad364e35 (расположение: C:\Program Files\dotnet\sdk\10.0.200\NuGet.Build.Tasks.dll, MVID: bbd56c58-98b4-4724-9e15-f2b2a2886ce6, AssemblyLoadContext: MSBuild plugin C:\Program Files\dotnet\sdk\10.0.200\NuGet.Build.Tasks.dll)
       Сборка загружена во время TaskRun: NuGet.Common, Version=7.3.0.0, Culture=neutral, PublicKeyToken=31bf3856ad364e35 (расположение: C:\Program Files\dotnet\sdk\10.0.200\NuGet.Common.dll, MVID: 7648ae89-fe6f-49b7-bfd7-f9115392510e, AssemblyLoadContext: MSBuild plugin C:\Program Files\dotnet\sdk\10.0.200\NuGet.Build.Tasks.dll)
       Сборка загружена во время TaskRun: NuGet.Commands, Version=7.3.0.0, Culture=neutral, PublicKeyToken=31bf3856ad364e35 (расположение: C:\Program Files\dotnet\sdk\10.0.200\NuGet.Commands.dll, MVID: 9c198a45-31ec-41c3-b00d-2e9d432ae234, AssemblyLoadContext: MSBuild plugin C:\Program Files\dotnet\sdk\10.0.200\NuGet.Build.Tasks.dll)
       Сборка загружена во время TaskRun: NuGet.ProjectModel, Version=7.3.0.0, Culture=neutral, PublicKeyToken=31bf3856ad364e35 (расположение: C:\Program Files\dotnet\sdk\10.0.200\NuGet.ProjectModel.dll, MVID: 8aa0679a-4963-4b1b-95d0-340436c4ae3c, AssemblyLoadContext: MSBuild plugin C:\Program Files\dotnet\sdk\10.0.200\NuGet.Build.Tasks.dll)
       Используется задача "WarnForInvalidProjectsTask" из сборки "C:\Program Files\dotnet\sdk\10.0.200\NuGet.Build.Tasks.dll".
       Задача "WarnForInvalidProjectsTask"
       Выполнение задачи "WarnForInvalidProjectsTask" завершено.
     1>Сборка целевого объекта "_FilterRestoreGraphProjectInputItems" в проекте "WeakestLink.csproj" завершена.
       Целевой объект "_FilterRestoreGraphProjectInputItems" пропущен. Предыдущая сборка успешна.
     1>Целевой объект "_GetAllRestoreProjectPathItems" в файле "C:\Program Files\dotnet\sdk\10.0.200\NuGet.targets" из проекта "I:\WEAKEST LINK SOPFTWARE AI TESTERING FINALE\WeakestLink.csproj" (целевой объект "_GenerateRestoreGraph" зависит от него):
       Используется задача "NuGetMessageTask" из сборки "C:\Program Files\dotnet\sdk\10.0.200\NuGet.Build.Tasks.dll".
       Задача "NuGetMessageTask"
         Сборка загружена во время TaskRun (NuGet.Build.Tasks.NuGetMessageTask): NuGet.Build.Tasks.resources, Version=7.3.0.0, Culture=ru, PublicKeyToken=31bf3856ad364e35 (расположение: C:\Program Files\dotnet\sdk\10.0.200\ru\NuGet.Build.Tasks.resources.dll, MVID: 2c280555-44f6-40c2-83c7-16670773997e, AssemblyLoadContext: MSBuild plugin C:\Program Files\dotnet\sdk\10.0.200\NuGet.Build.Tasks.dll)
         Определение проектов для восстановления...
       Выполнение задачи "NuGetMessageTask" завершено.
       Задача "MSBuild"
         Глобальные свойства:
           ExcludeRestorePackageImports=true
     1>Проект "I:\WEAKEST LINK SOPFTWARE AI TESTERING FINALE\WeakestLink.csproj" (1) выполняет сборку "I:\WEAKEST LINK SOPFTWARE AI TESTERING FINALE\WeakestLink.csproj" (1:3) в узле 1 (целевые объекты _GenerateRestoreProjectPathWalk).
   1:3>Целевой объект "_GenerateRestoreProjectPathItemsPerFramework" в файле "C:\Program Files\dotnet\sdk\10.0.200\NuGet.targets" из проекта "I:\WEAKEST LINK SOPFTWARE AI TESTERING FINALE\WeakestLink.csproj" (целевой объект "_GenerateRestoreProjectPathItemsCurrentProject" зависит от него):
   1:3>Используется задача "ConvertToAbsolutePath" из сборки "Microsoft.Build.Tasks.Core, Version=15.1.0.0, Culture=neutral, PublicKeyToken=b03f5f7f11d50a3a".
       Задача "ConvertToAbsolutePath"
       Выполнение задачи "ConvertToAbsolutePath" завершено.
   1:3>Сборка целевого объекта "_GenerateRestoreProjectPathItemsPerFramework" в проекте "WeakestLink.csproj" завершена.
   1:3>Целевой объект "_GenerateRestoreProjectPathItemsCurrentProject" в файле "C:\Program Files\dotnet\sdk\10.0.200\NuGet.targets" из проекта "I:\WEAKEST LINK SOPFTWARE AI TESTERING FINALE\WeakestLink.csproj" (целевой объект "_GenerateRestoreProjectPathItems" зависит от него):
   1:3>Сборка целевого объекта "_GenerateRestoreProjectPathItemsCurrentProject" в проекте "WeakestLink.csproj" завершена.
   1:3>Целевой объект "_GenerateRestoreProjectPathItems" в файле "C:\Program Files\dotnet\sdk\10.0.200\NuGet.targets" из проекта "I:\WEAKEST LINK SOPFTWARE AI TESTERING FINALE\WeakestLink.csproj" (целевой объект "_GenerateRestoreProjectPathWalk" зависит от него):
       Задача "RemoveDuplicates"
       Выполнение задачи "RemoveDuplicates" завершено.
   1:3>Сборка целевого объекта "_GenerateRestoreProjectPathItems" в проекте "WeakestLink.csproj" завершена.
   1:3>Целевой объект "_GenerateRestoreProjectPathWalk" в файле "C:\Program Files\dotnet\sdk\10.0.200\NuGet.targets" из проекта "I:\WEAKEST LINK SOPFTWARE AI TESTERING FINALE\WeakestLink.csproj" (точка входа):
       Задача "MSBuild"
       Выполнение задачи "MSBuild" завершено.
       Задача "RemoveDuplicates"
       Выполнение задачи "RemoveDuplicates" завершено.
   1:3>Сборка целевого объекта "_GenerateRestoreProjectPathWalk" в проекте "WeakestLink.csproj" завершена.
   1:3>Сборка проекта "I:\WEAKEST LINK SOPFTWARE AI TESTERING FINALE\WeakestLink.csproj" завершена (целевые объекты _GenerateRestoreProjectPathWalk).
     1>Выполнение задачи "MSBuild" завершено.
       Задача "RemoveDuplicates"
       Выполнение задачи "RemoveDuplicates" завершено.
       Задача "MSBuild"
         Глобальные свойства:
           ExcludeRestorePackageImports=true
     1>Проект "I:\WEAKEST LINK SOPFTWARE AI TESTERING FINALE\WeakestLink.csproj" (1) выполняет сборку "I:\WEAKEST LINK SOPFTWARE AI TESTERING FINALE\WeakestLink.csproj" (1:4) в узле 1 (целевые объекты _IsProjectRestoreSupported).
   1:4>Целевой объект "_IsProjectRestoreSupported" пропущен. Предыдущая сборка успешна.
   1:4>Сборка проекта "I:\WEAKEST LINK SOPFTWARE AI TESTERING FINALE\WeakestLink.csproj" завершена (целевые объекты _IsProjectRestoreSupported).
     1>Выполнение задачи "MSBuild" завершено.
     1>Сборка целевого объекта "_GetAllRestoreProjectPathItems" в проекте "WeakestLink.csproj" завершена.
     1>Целевой объект "_GenerateRestoreGraph" в файле "C:\Program Files\dotnet\sdk\10.0.200\NuGet.targets" из проекта "I:\WEAKEST LINK SOPFTWARE AI TESTERING FINALE\WeakestLink.csproj" (целевой объект "Restore" зависит от него):
       Используется задача "Message" из сборки "Microsoft.Build.Tasks.Core, Version=15.1.0.0, Culture=neutral, PublicKeyToken=b03f5f7f11d50a3a".
       Задача "Message"
         Generating dg file
       Выполнение задачи "Message" завершено.
       Задача "Message"
         I:\WEAKEST LINK SOPFTWARE AI TESTERING FINALE\WeakestLink.csproj
       Выполнение задачи "Message" завершено.
       Задача "MSBuild"
         Глобальные свойства:
           ExcludeRestorePackageImports=true
     1>Проект "I:\WEAKEST LINK SOPFTWARE AI TESTERING FINALE\WeakestLink.csproj" (1) выполняет сборку "I:\WEAKEST LINK SOPFTWARE AI TESTERING FINALE\WeakestLink.csproj" (1:5) в узле 1 (целевые объекты _GenerateRestoreGraphProjectEntry).
   1:5>Целевой объект "_CheckForUnsupportedTargetPlatformIdentifier" в файле "C:\Program Files\dotnet\sdk\10.0.200\Sdks\Microsoft.NET.Sdk\targets\Microsoft.NET.TargetFrameworkInference.targets" из проекта "I:\WEAKEST LINK SOPFTWARE AI TESTERING FINALE\WeakestLink.csproj" (целевой объект "CollectPackageReferences" зависит от него):
   1:5>Сборка целевого объекта "_CheckForUnsupportedTargetPlatformIdentifier" в проекте "WeakestLink.csproj" завершена.
   1:5>Целевой объект "_CheckForUnsupportedNETCoreVersion" в файле "C:\Program Files\dotnet\sdk\10.0.200\Sdks\Microsoft.NET.Sdk\targets\Microsoft.NET.TargetFrameworkInference.targets" из проекта "I:\WEAKEST LINK SOPFTWARE AI TESTERING FINALE\WeakestLink.csproj" (целевой объект "CollectPackageReferences" зависит от него):
   1:5>Сборка целевого объекта "_CheckForUnsupportedNETCoreVersion" в проекте "WeakestLink.csproj" завершена.
   1:5>Целевой объект "_CheckForUnsupportedCppNETCoreVersion" в файле "C:\Program Files\dotnet\sdk\10.0.200\Sdks\Microsoft.NET.Sdk\targets\Microsoft.NET.TargetFrameworkInference.targets" из проекта "I:\WEAKEST LINK SOPFTWARE AI TESTERING FINALE\WeakestLink.csproj" (целевой объект "CollectPackageReferences" зависит от него):
   1:5>Сборка целевого объекта "_CheckForUnsupportedCppNETCoreVersion" в проекте "WeakestLink.csproj" завершена.
   1:5>Целевой объект "UpdateAspNetToFrameworkReference" в файле "C:\Program Files\dotnet\sdk\10.0.200\Sdks\Microsoft.NET.Sdk\targets\Microsoft.NET.Sdk.DefaultItems.Shared.targets" из проекта "I:\WEAKEST LINK SOPFTWARE AI TESTERING FINALE\WeakestLink.csproj" (целевой объект "ApplyImplicitVersions" зависит от него):
       Используется задача "CheckIfPackageReferenceShouldBeFrameworkReference" из сборки "C:\Program Files\dotnet\sdk\10.0.200\Sdks\Microsoft.NET.Sdk\targets\..\tools\net10.0\Microsoft.NET.Build.Tasks.dll".
       Задача "CheckIfPackageReferenceShouldBeFrameworkReference"
       Выполнение задачи "CheckIfPackageReferenceShouldBeFrameworkReference" завершено.
       Задача "CheckIfPackageReferenceShouldBeFrameworkReference"
       Выполнение задачи "CheckIfPackageReferenceShouldBeFrameworkReference" завершено.
   1:5>Сборка целевого объекта "UpdateAspNetToFrameworkReference" в проекте "WeakestLink.csproj" завершена.
   1:5>Целевой объект "CheckForImplicitPackageReferenceOverrides" в файле "C:\Program Files\dotnet\sdk\10.0.200\Sdks\Microsoft.NET.Sdk\targets\Microsoft.NET.Sdk.DefaultItems.Shared.targets" из проекта "I:\WEAKEST LINK SOPFTWARE AI TESTERING FINALE\WeakestLink.csproj" (целевой объект "ApplyImplicitVersions" зависит от него):
       Используется задача "CheckForImplicitPackageReferenceOverrides" из сборки "C:\Program Files\dotnet\sdk\10.0.200\Sdks\Microsoft.NET.Sdk\targets\..\tools\net10.0\Microsoft.NET.Build.Tasks.dll".
       Задача "CheckForImplicitPackageReferenceOverrides"
       Выполнение задачи "CheckForImplicitPackageReferenceOverrides" завершено.
   1:5>Сборка целевого объекта "CheckForImplicitPackageReferenceOverrides" в проекте "WeakestLink.csproj" завершена.
   1:5>Целевой объект "ApplyImplicitVersions" в файле "C:\Program Files\dotnet\sdk\10.0.200\Sdks\Microsoft.NET.Sdk\targets\Microsoft.NET.Sdk.DefaultItems.Shared.targets" из проекта "I:\WEAKEST LINK SOPFTWARE AI TESTERING FINALE\WeakestLink.csproj" (целевой объект "CollectPackageReferences" зависит от него):
       Используется задача "ApplyImplicitVersions" из сборки "C:\Program Files\dotnet\sdk\10.0.200\Sdks\Microsoft.NET.Sdk\targets\..\tools\net10.0\Microsoft.NET.Build.Tasks.dll".
       Задача "ApplyImplicitVersions"
       Выполнение задачи "ApplyImplicitVersions" завершено.
   1:5>Сборка целевого объекта "ApplyImplicitVersions" в проекте "WeakestLink.csproj" завершена.
       Целевой объект "CheckForImplicitPackageReferenceOverrides" пропущен. Предыдущая сборка успешна.
   1:5>Целевой объект "AddWindowsSdkKnownFrameworkReferences" в файле "C:\Program Files\dotnet\sdk\10.0.200\Sdks\Microsoft.NET.Sdk\targets\Microsoft.NET.Sdk.FrameworkReferenceResolution.targets" из проекта "I:\WEAKEST LINK SOPFTWARE AI TESTERING FINALE\WeakestLink.csproj" (целевой объект "ProcessFrameworkReferences" зависит от него):
       Используется задача "CreateWindowsSdkKnownFrameworkReferences" из сборки "C:\Program Files\dotnet\sdk\10.0.200\Sdks\Microsoft.NET.Sdk\targets\..\tools\net10.0\Microsoft.NET.Build.Tasks.dll".
       Задача "CreateWindowsSdkKnownFrameworkReferences"
       Выполнение задачи "CreateWindowsSdkKnownFrameworkReferences" завершено.
   1:5>Сборка целевого объекта "AddWindowsSdkKnownFrameworkReferences" в проекте "WeakestLink.csproj" завершена.
   1:5>Целевой объект "_NormalizeTargetPlatformVersion" в файле "C:\Program Files\dotnet\sdk\10.0.200\Sdks\Microsoft.NET.Sdk\targets\Microsoft.NET.TargetFrameworkInference.targets" из проекта "I:\WEAKEST LINK SOPFTWARE AI TESTERING FINALE\WeakestLink.csproj" (целевой объект "ProcessFrameworkReferences" зависит от него):
   1:5>Сборка целевого объекта "_NormalizeTargetPlatformVersion" в проекте "WeakestLink.csproj" завершена.
   1:5>Целевой объект "_CheckForLanguageAndFeatureCombinationSupport" в файле "C:\Program Files\dotnet\sdk\10.0.200\Sdks\Microsoft.NET.Sdk\targets\Microsoft.NET.RuntimeIdentifierInference.targets" из проекта "I:\WEAKEST LINK SOPFTWARE AI TESTERING FINALE\WeakestLink.csproj" (целевой объект "ProcessFrameworkReferences" зависит от него):
   1:5>Сборка целевого объекта "_CheckForLanguageAndFeatureCombinationSupport" в проекте "WeakestLink.csproj" завершена.
   1:5>Целевой объект "_ComputeToolPackInputsToProcessFrameworkReferences" в файле "C:\Program Files\dotnet\sdk\10.0.200\Sdks\Microsoft.NET.Sdk\targets\Microsoft.NET.Publish.targets" из проекта "I:\WEAKEST LINK SOPFTWARE AI TESTERING FINALE\WeakestLink.csproj" (целевой объект "ProcessFrameworkReferences" зависит от него):
   1:5>Сборка целевого объекта "_ComputeToolPackInputsToProcessFrameworkReferences" в проекте "WeakestLink.csproj" завершена.
   1:5>Целевой объект "ProcessFrameworkReferences" в файле "C:\Program Files\dotnet\sdk\10.0.200\Sdks\Microsoft.NET.Sdk\targets\Microsoft.NET.Sdk.FrameworkReferenceResolution.targets" из проекта "I:\WEAKEST LINK SOPFTWARE AI TESTERING FINALE\WeakestLink.csproj" (целевой объект "CollectPackageReferences" зависит от него):
       Используется задача "CheckForDuplicateFrameworkReferences" из сборки "C:\Program Files\dotnet\sdk\10.0.200\Sdks\Microsoft.NET.Sdk\targets\..\tools\net10.0\Microsoft.NET.Build.Tasks.dll".
       Задача "CheckForDuplicateFrameworkReferences"
       Выполнение задачи "CheckForDuplicateFrameworkReferences" завершено.
       Используется задача "ProcessFrameworkReferences" из сборки "C:\Program Files\dotnet\sdk\10.0.200\Sdks\Microsoft.NET.Sdk\targets\..\tools\net10.0\Microsoft.NET.Build.Tasks.dll".
       Задача "ProcessFrameworkReferences"
         Found 2 known framework references for target framework .NETCoreApp
         Found 5 known runtime packs for target framework .NETCoreApp
         Selected Microsoft.NETCore.App with RIDs 'linux-arm;linux-arm64;linux-musl-arm64;linux-musl-x64;linux-x64;osx-x64;tizen.4.0.0-armel;tizen.5.0.0-armel;win-arm64;win-x64;win-x86;linux-musl-arm;osx-arm64;linux-s390x;linux-loongarch64;linux-bionic-arm;linux-bionic-arm64;linux-bionic-x64;linux-bionic-x86;linux-ppc64le;freebsd-x64;freebsd-arm64;linux-riscv64;linux-musl-riscv64;linux-musl-loongarch64;android-arm64;android-x64'
         Selected targeting pack 'Microsoft.NETCore.App@10.0.4'
         Added runtime framework 'Microsoft.NETCore.App@10.0.0'
         Selected Microsoft.WindowsDesktop.App with RIDs 'win-x64;win-x86;win-arm64'
         Selected targeting pack 'Microsoft.WindowsDesktop.App@10.0.4'
         Added runtime framework 'Microsoft.WindowsDesktop.App@10.0.0'
         Selected Microsoft.WindowsDesktop.App with RIDs 'win-x64;win-x86;win-arm64'
         Selected targeting pack 'Microsoft.WindowsDesktop.App.WPF@10.0.4'
         Added runtime framework 'Microsoft.WindowsDesktop.App@10.0.0'
         Selected Microsoft.WindowsDesktop.App with RIDs 'win-x64;win-x86;win-arm64'
         Selected targeting pack 'Microsoft.WindowsDesktop.App.WindowsForms@10.0.4'
         Added runtime framework 'Microsoft.WindowsDesktop.App@10.0.0'
         Selected Microsoft.AspNetCore.App with RIDs 'win-x64;win-x86;osx-x64;linux-musl-x64;linux-musl-arm64;linux-x64;linux-arm;linux-arm64;linux-musl-arm;win-arm64;osx-arm64;linux-s390x;linux-loongarch64;linux-ppc64le;freebsd-x64;freebsd-arm64;linux-riscv64;linux-musl-riscv64;linux-loongarch64;linux-musl-loongarch64'
         Selected targeting pack 'Microsoft.AspNetCore.App@10.0.4'
         Added runtime framework 'Microsoft.AspNetCore.App@10.0.0'
       Выполнение задачи "ProcessFrameworkReferences" завершено.
       Используется задача "ResolveAppHosts" из сборки "C:\Program Files\dotnet\sdk\10.0.200\Sdks\Microsoft.NET.Sdk\targets\..\tools\net10.0\Microsoft.NET.Build.Tasks.dll".
       Задача "ResolveAppHosts"
       Выполнение задачи "ResolveAppHosts" завершено.
   1:5>Сборка целевого объекта "ProcessFrameworkReferences" в проекте "WeakestLink.csproj" завершена.
   1:5>Целевой объект "_CheckForObsoleteDotNetCliToolReferences" в файле "C:\Program Files\dotnet\sdk\10.0.200\Sdks\Microsoft.NET.Sdk\targets\Microsoft.NET.ObsoleteReferences.targets" из проекта "I:\WEAKEST LINK SOPFTWARE AI TESTERING FINALE\WeakestLink.csproj" (целевой объект "CollectPackageReferences" зависит от него):
   1:5>Сборка целевого объекта "_CheckForObsoleteDotNetCliToolReferences" в проекте "WeakestLink.csproj" завершена.
   1:5>Целевой объект "CollectPackageReferences" в файле "C:\Program Files\dotnet\sdk\10.0.200\NuGet.targets" из проекта "I:\WEAKEST LINK SOPFTWARE AI TESTERING FINALE\WeakestLink.csproj" (целевой объект "_GetRestoreProjectStyle" зависит от него):
       Используется задача "CheckForDuplicateNuGetItemsTask" из сборки "C:\Program Files\dotnet\sdk\10.0.200\NuGet.Build.Tasks.dll".
       Задача "CheckForDuplicateNuGetItemsTask"
       Выполнение задачи "CheckForDuplicateNuGetItemsTask" завершено.
   1:5>Сборка целевого объекта "CollectPackageReferences" в проекте "WeakestLink.csproj" завершена.
   1:5>Целевой объект "_GetRestoreProjectStyle" в файле "C:\Program Files\dotnet\sdk\10.0.200\NuGet.targets" из проекта "I:\WEAKEST LINK SOPFTWARE AI TESTERING FINALE\WeakestLink.csproj" (целевой объект "_GenerateRestoreSpecs" зависит от него):
       Используется задача "GetRestoreProjectStyleTask" из сборки "C:\Program Files\dotnet\sdk\10.0.200\NuGet.Build.Tasks.dll".
       Задача "GetRestoreProjectStyleTask"
       Выполнение задачи "GetRestoreProjectStyleTask" завершено.
   1:5>Сборка целевого объекта "_GetRestoreProjectStyle" в проекте "WeakestLink.csproj" завершена.
   1:5>Целевой объект "_GenerateRestoreSpecs" в файле "C:\Program Files\dotnet\sdk\10.0.200\NuGet.targets" из проекта "I:\WEAKEST LINK SOPFTWARE AI TESTERING FINALE\WeakestLink.csproj" (целевой объект "_GenerateRestoreGraphProjectEntry" зависит от него):
       Задача "Message"
         Restore entry point I:\WEAKEST LINK SOPFTWARE AI TESTERING FINALE\WeakestLink.csproj
       Выполнение задачи "Message" завершено.
   1:5>Сборка целевого объекта "_GenerateRestoreSpecs" в проекте "WeakestLink.csproj" завершена.
   1:5>Целевой объект "_GetRestoreSettingsOverrides" в файле "C:\Program Files\dotnet\sdk\10.0.200\NuGet.targets" из проекта "I:\WEAKEST LINK SOPFTWARE AI TESTERING FINALE\WeakestLink.csproj" (целевой объект "_GetRestoreSettings" зависит от него):
   1:5>Сборка целевого объекта "_GetRestoreSettingsOverrides" в проекте "WeakestLink.csproj" завершена.
   1:5>Целевой объект "_GetRestoreSettingsPerFramework" в файле "C:\Program Files\dotnet\sdk\10.0.200\NuGet.targets" из проекта "I:\WEAKEST LINK SOPFTWARE AI TESTERING FINALE\WeakestLink.csproj" (целевой объект "_GetRestoreSettingsCurrentProject" зависит от него):
   1:5>Сборка целевого объекта "_GetRestoreSettingsPerFramework" в проекте "WeakestLink.csproj" завершена.
   1:5>Целевой объект "_GetRestoreSettingsCurrentProject" в файле "C:\Program Files\dotnet\sdk\10.0.200\NuGet.targets" из проекта "I:\WEAKEST LINK SOPFTWARE AI TESTERING FINALE\WeakestLink.csproj" (целевой объект "_GetRestoreSettings" зависит от него):
   1:5>Сборка целевого объекта "_GetRestoreSettingsCurrentProject" в проекте "WeakestLink.csproj" завершена.
   1:5>Целевой объект "_GetRestoreSettings" в файле "C:\Program Files\dotnet\sdk\10.0.200\NuGet.targets" из проекта "I:\WEAKEST LINK SOPFTWARE AI TESTERING FINALE\WeakestLink.csproj" (целевой объект "_GenerateDotnetCliToolReferenceSpecs" зависит от него):
       Используется задача "GetRestoreSettingsTask" из сборки "C:\Program Files\dotnet\sdk\10.0.200\NuGet.Build.Tasks.dll".
       Задача "GetRestoreSettingsTask"
         Сборка загружена во время TaskRun (NuGet.Build.Tasks.GetRestoreSettingsTask): NuGet.Configuration, Version=7.3.0.0, Culture=neutral, PublicKeyToken=31bf3856ad364e35 (расположение: C:\Program Files\dotnet\sdk\10.0.200\NuGet.Configuration.dll, MVID: 9b110865-101f-4cc8-b049-e7ac72d2885a, AssemblyLoadContext: MSBuild plugin C:\Program Files\dotnet\sdk\10.0.200\NuGet.Build.Tasks.dll)
       Выполнение задачи "GetRestoreSettingsTask" завершено.
   1:5>Сборка целевого объекта "_GetRestoreSettings" в проекте "WeakestLink.csproj" завершена.
   1:5>Целевой объект "_GenerateDotnetCliToolReferenceSpecs" в файле "C:\Program Files\dotnet\sdk\10.0.200\NuGet.targets" из проекта "I:\WEAKEST LINK SOPFTWARE AI TESTERING FINALE\WeakestLink.csproj" (целевой объект "_GenerateRestoreGraphProjectEntry" зависит от него):
       Используется задача "GetRestoreDotnetCliToolsTask" из сборки "C:\Program Files\dotnet\sdk\10.0.200\NuGet.Build.Tasks.dll".
       Задача "GetRestoreDotnetCliToolsTask"
       Выполнение задачи "GetRestoreDotnetCliToolsTask" завершено.
   1:5>Сборка целевого объекта "_GenerateDotnetCliToolReferenceSpecs" в проекте "WeakestLink.csproj" завершена.
   1:5>Целевой объект "_GenerateRestoreGraphProjectEntry" в файле "C:\Program Files\dotnet\sdk\10.0.200\NuGet.targets" из проекта "I:\WEAKEST LINK SOPFTWARE AI TESTERING FINALE\WeakestLink.csproj" (точка входа):
   1:5>Сборка целевого объекта "_GenerateRestoreGraphProjectEntry" в проекте "WeakestLink.csproj" завершена.
   1:5>Сборка проекта "I:\WEAKEST LINK SOPFTWARE AI TESTERING FINALE\WeakestLink.csproj" завершена (целевые объекты _GenerateRestoreGraphProjectEntry).
     1>Выполнение задачи "MSBuild" завершено.
       Задача "MSBuild"
         Глобальные свойства:
           ExcludeRestorePackageImports=true
     1>Проект "I:\WEAKEST LINK SOPFTWARE AI TESTERING FINALE\WeakestLink.csproj" (1) выполняет сборку "I:\WEAKEST LINK SOPFTWARE AI TESTERING FINALE\WeakestLink.csproj" (1:6) в узле 1 (целевые объекты _GenerateProjectRestoreGraph).
   1:6>Целевой объект "_GetRestoreProjectStyle" пропущен. Предыдущая сборка успешна.
       Целевой объект "_GetRestoreProjectStyle" пропущен. Предыдущая сборка успешна.
       Целевой объект "_GetRestoreProjectStyle" пропущен. Предыдущая сборка успешна.
   1:6>Целевой объект "_GetRestoreTargetFrameworkOverride" в файле "C:\Program Files\dotnet\sdk\10.0.200\NuGet.targets" из проекта "I:\WEAKEST LINK SOPFTWARE AI TESTERING FINALE\WeakestLink.csproj" (целевой объект "_GetRestoreTargetFrameworksOutput" зависит от него):
   1:6>Сборка целевого объекта "_GetRestoreTargetFrameworkOverride" в проекте "WeakestLink.csproj" завершена.
   1:6>Целевой объект "_GetRestoreTargetFrameworksOutput" в файле "C:\Program Files\dotnet\sdk\10.0.200\NuGet.targets" из проекта "I:\WEAKEST LINK SOPFTWARE AI TESTERING FINALE\WeakestLink.csproj" (целевой объект "_GenerateRestoreProjectSpec" зависит от него):
       Используется задача "GetProjectTargetFrameworksTask" из сборки "C:\Program Files\dotnet\sdk\10.0.200\NuGet.Build.Tasks.dll".
       Задача "GetProjectTargetFrameworksTask"
       Выполнение задачи "GetProjectTargetFrameworksTask" завершено.
   1:6>Сборка целевого объекта "_GetRestoreTargetFrameworksOutput" в проекте "WeakestLink.csproj" завершена.
       Целевой объект "_GetRestoreSettings" пропущен. Предыдущая сборка успешна.
   1:6>Целевой объект "_GenerateRestoreProjectSpec" в файле "C:\Program Files\dotnet\sdk\10.0.200\NuGet.targets" из проекта "I:\WEAKEST LINK SOPFTWARE AI TESTERING FINALE\WeakestLink.csproj" (целевой объект "_GenerateProjectRestoreGraph" зависит от него):
       Задача "ConvertToAbsolutePath"
       Выполнение задачи "ConvertToAbsolutePath" завершено.
   1:6>Сборка целевого объекта "_GenerateRestoreProjectSpec" в проекте "WeakestLink.csproj" завершена.
       Целевой объект "_GetRestoreProjectStyle" пропущен. Предыдущая сборка успешна.
       Целевой объект "CollectPackageReferences" пропущен. Предыдущая сборка успешна.
   1:6>Целевой объект "CollectPackageDownloads" в файле "C:\Program Files\dotnet\sdk\10.0.200\NuGet.targets" из проекта "I:\WEAKEST LINK SOPFTWARE AI TESTERING FINALE\WeakestLink.csproj" (целевой объект "_CollectRestoreInputs" зависит от него):
       Задача "CheckForDuplicateNuGetItemsTask"
       Выполнение задачи "CheckForDuplicateNuGetItemsTask" завершено.
   1:6>Сборка целевого объекта "CollectPackageDownloads" в проекте "WeakestLink.csproj" завершена.
   1:6>Целевой объект "CollectFrameworkReferences" в файле "C:\Program Files\dotnet\sdk\10.0.200\NuGet.targets" из проекта "I:\WEAKEST LINK SOPFTWARE AI TESTERING FINALE\WeakestLink.csproj" (целевой объект "_CollectRestoreInputs" зависит от него):
   1:6>Сборка целевого объекта "CollectFrameworkReferences" в проекте "WeakestLink.csproj" завершена.
   1:6>Целевой объект "CollectCentralPackageVersions" в файле "C:\Program Files\dotnet\sdk\10.0.200\NuGet.targets" из проекта "I:\WEAKEST LINK SOPFTWARE AI TESTERING FINALE\WeakestLink.csproj" (целевой объект "_CollectRestoreInputs" зависит от него):
       Задача "CheckForDuplicateNuGetItemsTask"
       Выполнение задачи "CheckForDuplicateNuGetItemsTask" завершено.
   1:6>Сборка целевого объекта "CollectCentralPackageVersions" в проекте "WeakestLink.csproj" завершена.
   1:6>Целевой объект "CollectNuGetAuditSuppressions" в файле "C:\Program Files\dotnet\sdk\10.0.200\NuGet.targets" из проекта "I:\WEAKEST LINK SOPFTWARE AI TESTERING FINALE\WeakestLink.csproj" (целевой объект "_CollectRestoreInputs" зависит от него):
       Задача "CheckForDuplicateNuGetItemsTask"
       Выполнение задачи "CheckForDuplicateNuGetItemsTask" завершено.
   1:6>Сборка целевого объекта "CollectNuGetAuditSuppressions" в проекте "WeakestLink.csproj" завершена.
       Целевой объект "ProcessFrameworkReferences" пропущен. Предыдущая сборка успешна.
   1:6>Целевой объект "AddPrunePackageReferences" в файле "C:\Program Files\dotnet\sdk\10.0.200\Sdks\Microsoft.NET.Sdk\targets\Microsoft.NET.Sdk.FrameworkReferenceResolution.targets" из проекта "I:\WEAKEST LINK SOPFTWARE AI TESTERING FINALE\WeakestLink.csproj" (целевой объект "CollectPrunePackageReferences" зависит от него):
       Используется задача "GetPackagesToPrune" из сборки "C:\Program Files\dotnet\sdk\10.0.200\Sdks\Microsoft.NET.Sdk\targets\..\tools\net10.0\Microsoft.NET.Build.Tasks.dll".
       Задача "GetPackagesToPrune"
         Loading packages to prune for .NETCoreApp 10.0 Microsoft.NETCore.App
         Loading prune package data from PrunePackageData folder
         Failed to load prune package data from PrunePackageData folder, loading from targeting packs instead
         Looking for targeting packs in C:\Program Files\dotnet\packs\Microsoft.NETCore.App.Ref
         Pack directories found: C:\Program Files\dotnet\packs\Microsoft.NETCore.App.Ref\10.0.4
         Found package overrides file C:\Program Files\dotnet\packs\Microsoft.NETCore.App.Ref\10.0.4\data\PackageOverrides.txt
         Loading packages to prune for .NETCoreApp 10.0 Microsoft.WindowsDesktop.App
         Loading prune package data from PrunePackageData folder
         Failed to load prune package data from PrunePackageData folder, loading from targeting packs instead
         Looking for targeting packs in C:\Program Files\dotnet\packs\Microsoft.WindowsDesktop.App.Ref
         Pack directories found: C:\Program Files\dotnet\packs\Microsoft.WindowsDesktop.App.Ref\10.0.4
         Found package overrides file C:\Program Files\dotnet\packs\Microsoft.WindowsDesktop.App.Ref\10.0.4\data\PackageOverrides.txt
       Выполнение задачи "GetPackagesToPrune" завершено.
   1:6>Сборка целевого объекта "AddPrunePackageReferences" в проекте "WeakestLink.csproj" завершена.
   1:6>Целевой объект "CollectPrunePackageReferences" в файле "C:\Program Files\dotnet\sdk\10.0.200\NuGet.targets" из проекта "I:\WEAKEST LINK SOPFTWARE AI TESTERING FINALE\WeakestLink.csproj" (целевой объект "_CollectRestoreInputs" зависит от него):
       Задача "CheckForDuplicateNuGetItemsTask"
       Выполнение задачи "CheckForDuplicateNuGetItemsTask" завершено.
   1:6>Сборка целевого объекта "CollectPrunePackageReferences" в проекте "WeakestLink.csproj" завершена.
   1:6>Целевой объект "_CollectRestoreInputs" в файле "C:\Program Files\dotnet\sdk\10.0.200\NuGet.targets" из проекта "I:\WEAKEST LINK SOPFTWARE AI TESTERING FINALE\WeakestLink.csproj" (целевой объект "_GenerateProjectRestoreGraphPerFramework" зависит от него):
   1:6>Сборка целевого объекта "_CollectRestoreInputs" в проекте "WeakestLink.csproj" завершена.
   1:6>Целевой объект "_GenerateProjectRestoreGraphPerFramework" в файле "C:\Program Files\dotnet\sdk\10.0.200\NuGet.targets" из проекта "I:\WEAKEST LINK SOPFTWARE AI TESTERING FINALE\WeakestLink.csproj" (целевой объект "_GenerateProjectRestoreGraphCurrentProject" зависит от него):
       Используется задача "GetRestoreProjectReferencesTask" из сборки "C:\Program Files\dotnet\sdk\10.0.200\NuGet.Build.Tasks.dll".
       Задача "GetRestoreProjectReferencesTask"
       Выполнение задачи "GetRestoreProjectReferencesTask" завершено.
       Используется задача "GetRestorePackageReferencesTask" из сборки "C:\Program Files\dotnet\sdk\10.0.200\NuGet.Build.Tasks.dll".
       Задача "GetRestorePackageReferencesTask"
       Выполнение задачи "GetRestorePackageReferencesTask" завершено.
       Используется задача "GetRestorePackageDownloadsTask" из сборки "C:\Program Files\dotnet\sdk\10.0.200\NuGet.Build.Tasks.dll".
       Задача "GetRestorePackageDownloadsTask"
       Выполнение задачи "GetRestorePackageDownloadsTask" завершено.
       Используется задача "GetRestoreFrameworkReferencesTask" из сборки "C:\Program Files\dotnet\sdk\10.0.200\NuGet.Build.Tasks.dll".
       Задача "GetRestoreFrameworkReferencesTask"
       Выполнение задачи "GetRestoreFrameworkReferencesTask" завершено.
       Используется задача "GetRestoreNuGetAuditSuppressionsTask" из сборки "C:\Program Files\dotnet\sdk\10.0.200\NuGet.Build.Tasks.dll".
       Задача "GetRestoreNuGetAuditSuppressionsTask"
       Выполнение задачи "GetRestoreNuGetAuditSuppressionsTask" завершено.
       Используется задача "GetRestorePrunePackageReferencesTask" из сборки "C:\Program Files\dotnet\sdk\10.0.200\NuGet.Build.Tasks.dll".
       Задача "GetRestorePrunePackageReferencesTask"
       Выполнение задачи "GetRestorePrunePackageReferencesTask" завершено.
   1:6>Сборка целевого объекта "_GenerateProjectRestoreGraphPerFramework" в проекте "WeakestLink.csproj" завершена.
   1:6>Целевой объект "_GenerateProjectRestoreGraphCurrentProject" в файле "C:\Program Files\dotnet\sdk\10.0.200\NuGet.targets" из проекта "I:\WEAKEST LINK SOPFTWARE AI TESTERING FINALE\WeakestLink.csproj" (целевой объект "_GenerateRestoreDependencies" зависит от него):
   1:6>Сборка целевого объекта "_GenerateProjectRestoreGraphCurrentProject" в проекте "WeakestLink.csproj" завершена.
   1:6>Целевой объект "_GenerateRestoreDependencies" в файле "C:\Program Files\dotnet\sdk\10.0.200\NuGet.targets" из проекта "I:\WEAKEST LINK SOPFTWARE AI TESTERING FINALE\WeakestLink.csproj" (целевой объект "_GenerateProjectRestoreGraph" зависит от него):
   1:6>Сборка целевого объекта "_GenerateRestoreDependencies" в проекте "WeakestLink.csproj" завершена.
   1:6>Целевой объект "_GenerateProjectRestoreGraph" в файле "C:\Program Files\dotnet\sdk\10.0.200\NuGet.targets" из проекта "I:\WEAKEST LINK SOPFTWARE AI TESTERING FINALE\WeakestLink.csproj" (точка входа):
   1:6>Сборка целевого объекта "_GenerateProjectRestoreGraph" в проекте "WeakestLink.csproj" завершена.
   1:6>Сборка проекта "I:\WEAKEST LINK SOPFTWARE AI TESTERING FINALE\WeakestLink.csproj" завершена (целевые объекты _GenerateProjectRestoreGraph).
     1>Выполнение задачи "MSBuild" завершено.
     1>Сборка целевого объекта "_GenerateRestoreGraph" в проекте "WeakestLink.csproj" завершена.
     1>Целевой объект "_CollectTargetFrameworkForTelemetry" в файле "C:\Program Files\dotnet\sdk\10.0.200\Sdks\Microsoft.NET.Sdk\targets\Microsoft.NET.TargetFrameworkInference.targets" из проекта "I:\WEAKEST LINK SOPFTWARE AI TESTERING FINALE\WeakestLink.csproj" (целевой объект "Restore" зависит от него):
       Используется задача "AllowEmptyTelemetry" из сборки "C:\Program Files\dotnet\sdk\10.0.200\Sdks\Microsoft.NET.Sdk\targets\..\tools\net10.0\Microsoft.NET.Build.Tasks.dll".
       Задача "AllowEmptyTelemetry"
       Выполнение задачи "AllowEmptyTelemetry" завершено.
     1>Сборка целевого объекта "_CollectTargetFrameworkForTelemetry" в проекте "WeakestLink.csproj" завершена.
     1>Целевой объект "_CheckForUnsupportedNETCoreVersion" в файле "C:\Program Files\dotnet\sdk\10.0.200\Sdks\Microsoft.NET.Sdk\targets\Microsoft.NET.TargetFrameworkInference.targets" из проекта "I:\WEAKEST LINK SOPFTWARE AI TESTERING FINALE\WeakestLink.csproj" (целевой объект "Restore" зависит от него):
     1>Сборка целевого объекта "_CheckForUnsupportedNETCoreVersion" в проекте "WeakestLink.csproj" завершена.
     1>Целевой объект "_CheckForUnsupportedCppNETCoreVersion" в файле "C:\Program Files\dotnet\sdk\10.0.200\Sdks\Microsoft.NET.Sdk\targets\Microsoft.NET.TargetFrameworkInference.targets" из проекта "I:\WEAKEST LINK SOPFTWARE AI TESTERING FINALE\WeakestLink.csproj" (целевой объект "Restore" зависит от него):
     1>Сборка целевого объекта "_CheckForUnsupportedCppNETCoreVersion" в проекте "WeakestLink.csproj" завершена.
     1>Целевой объект "Restore" в файле "C:\Program Files\dotnet\sdk\10.0.200\NuGet.targets" из проекта "I:\WEAKEST LINK SOPFTWARE AI TESTERING FINALE\WeakestLink.csproj" (точка входа):
       Задача "RemoveDuplicates"
       Выполнение задачи "RemoveDuplicates" завершено.
       Используется задача "RestoreTask" из сборки "C:\Program Files\dotnet\sdk\10.0.200\NuGet.Build.Tasks.dll".
       Задача "RestoreTask"
         Сборка загружена во время TaskRun (NuGet.Build.Tasks.RestoreTask): NuGet.Packaging, Version=7.3.0.0, Culture=neutral, PublicKeyToken=31bf3856ad364e35 (расположение: C:\Program Files\dotnet\sdk\10.0.200\NuGet.Packaging.dll, MVID: 96fd2243-fbe0-4269-9bc5-5532b630a641, AssemblyLoadContext: MSBuild plugin C:\Program Files\dotnet\sdk\10.0.200\NuGet.Build.Tasks.dll)
         Сборка загружена во время TaskRun (NuGet.Build.Tasks.RestoreTask): NuGet.Versioning, Version=7.3.0.0, Culture=neutral, PublicKeyToken=31bf3856ad364e35 (расположение: C:\Program Files\dotnet\sdk\10.0.200\NuGet.Versioning.dll, MVID: 6eea7cf5-5b45-4d6f-b6db-3fa57480f461, AssemblyLoadContext: MSBuild plugin C:\Program Files\dotnet\sdk\10.0.200\NuGet.Build.Tasks.dll)
         Сборка загружена во время TaskRun (NuGet.Build.Tasks.RestoreTask): NuGet.Frameworks, Version=7.3.0.0, Culture=neutral, PublicKeyToken=31bf3856ad364e35 (расположение: C:\Program Files\dotnet\sdk\10.0.200\NuGet.Frameworks.dll, MVID: abd19947-3c78-4918-9662-1555c69e2e91, AssemblyLoadContext: MSBuild plugin C:\Program Files\dotnet\sdk\10.0.200\NuGet.Build.Tasks.dll)
         Сборка загружена во время TaskRun (NuGet.Build.Tasks.RestoreTask): NuGet.LibraryModel, Version=7.3.0.0, Culture=neutral, PublicKeyToken=31bf3856ad364e35 (расположение: C:\Program Files\dotnet\sdk\10.0.200\NuGet.LibraryModel.dll, MVID: 3fc67262-790d-42f5-bd77-6d1e69bb379c, AssemblyLoadContext: MSBuild plugin C:\Program Files\dotnet\sdk\10.0.200\NuGet.Build.Tasks.dll)
         Сборка загружена во время TaskRun (NuGet.Build.Tasks.RestoreTask): NuGet.Protocol, Version=7.3.0.0, Culture=neutral, PublicKeyToken=31bf3856ad364e35 (расположение: C:\Program Files\dotnet\sdk\10.0.200\NuGet.Protocol.dll, MVID: 544e87f2-0879-4c73-bde0-b92d4c3e09b4, AssemblyLoadContext: MSBuild plugin C:\Program Files\dotnet\sdk\10.0.200\NuGet.Build.Tasks.dll)
         Сборка загружена во время TaskRun (NuGet.Build.Tasks.RestoreTask): NuGet.Credentials, Version=7.3.0.0, Culture=neutral, PublicKeyToken=31bf3856ad364e35 (расположение: C:\Program Files\dotnet\sdk\10.0.200\NuGet.Credentials.dll, MVID: bf5e171f-cac9-425f-9e95-eade287d310f, AssemblyLoadContext: MSBuild plugin C:\Program Files\dotnet\sdk\10.0.200\NuGet.Build.Tasks.dll)
         Сборка загружена во время TaskRun (NuGet.Build.Tasks.RestoreTask): NuGet.Packaging.resources, Version=7.3.0.0, Culture=ru, PublicKeyToken=31bf3856ad364e35 (расположение: C:\Program Files\dotnet\sdk\10.0.200\ru\NuGet.Packaging.resources.dll, MVID: 78356bf2-0305-4090-8349-405207dd52c1, AssemblyLoadContext: MSBuild plugin C:\Program Files\dotnet\sdk\10.0.200\NuGet.Build.Tasks.dll)
         При проверке цепочки сертификатов X.509 будет использоваться хранилище доверия по умолчанию, выбранное .NET для подписывания кода.
         При проверке цепочки сертификатов X.509 будет использоваться хранилище доверия по умолчанию, выбранное .NET для установки метки времени.
         Сборка загружена во время TaskRun (NuGet.Build.Tasks.RestoreTask): NuGet.DependencyResolver.Core, Version=7.3.0.0, Culture=neutral, PublicKeyToken=31bf3856ad364e35 (расположение: C:\Program Files\dotnet\sdk\10.0.200\NuGet.DependencyResolver.Core.dll, MVID: d18c72cd-6991-41ae-835f-4f79efa36fde, AssemblyLoadContext: MSBuild plugin C:\Program Files\dotnet\sdk\10.0.200\NuGet.Build.Tasks.dll)
         Сборка загружена во время TaskRun (NuGet.Build.Tasks.RestoreTask): NuGet.Commands.resources, Version=7.3.0.0, Culture=ru, PublicKeyToken=31bf3856ad364e35 (расположение: C:\Program Files\dotnet\sdk\10.0.200\ru\NuGet.Commands.resources.dll, MVID: c36f8e32-3a44-459d-a8dd-b51b1a574518, AssemblyLoadContext: MSBuild plugin C:\Program Files\dotnet\sdk\10.0.200\NuGet.Build.Tasks.dll)
         Выполняется восстановление со следующим числом параллельных заданий: 16.
         Чтение файла проекта I:\WEAKEST LINK SOPFTWARE AI TESTERING FINALE\WeakestLink.csproj.
         Сборка загружена во время TaskRun (NuGet.Build.Tasks.RestoreTask): Newtonsoft.Json, Version=13.0.0.0, Culture=neutral, PublicKeyToken=30ad4fe6b2a6aeed (расположение: C:\Program Files\dotnet\sdk\10.0.200\Newtonsoft.Json.dll, MVID: 7e62198b-eab2-4380-bbac-29171862d1d8, AssemblyLoadContext: MSBuild plugin C:\Program Files\dotnet\sdk\10.0.200\NuGet.Build.Tasks.dll)
         Сборка загружена во время TaskRun (NuGet.Build.Tasks.RestoreTask): System.Runtime.Serialization.Primitives, Version=10.0.0.0, Culture=neutral, PublicKeyToken=b03f5f7f11d50a3a (расположение: C:\Program Files\dotnet\shared\Microsoft.NETCore.App\10.0.4\System.Runtime.Serialization.Primitives.dll, MVID: e772f334-70f1-44e1-b2f8-c38d9b6692d4, AssemblyLoadContext: Default)
         Сборка загружена во время TaskRun (NuGet.Build.Tasks.RestoreTask): System.Runtime.Numerics, Version=10.0.0.0, Culture=neutral, PublicKeyToken=b03f5f7f11d50a3a (расположение: C:\Program Files\dotnet\shared\Microsoft.NETCore.App\10.0.4\System.Runtime.Numerics.dll, MVID: c832bef8-c4dc-4a9b-80fd-125e8f9f638b, AssemblyLoadContext: Default)
         Сборка загружена во время TaskRun (NuGet.Build.Tasks.RestoreTask): System.Text.Encodings.Web, Version=10.0.0.0, Culture=neutral, PublicKeyToken=cc7b13ffcd2ddd51 (расположение: C:\Program Files\dotnet\shared\Microsoft.NETCore.App\10.0.4\System.Text.Encodings.Web.dll, MVID: fedde5b1-94fe-434b-820a-f02fcf06f409, AssemblyLoadContext: Default)
         Сборка загружена во время TaskRun (NuGet.Build.Tasks.RestoreTask): System.Reflection.Emit.Lightweight, Version=10.0.0.0, Culture=neutral, PublicKeyToken=b03f5f7f11d50a3a (расположение: C:\Program Files\dotnet\shared\Microsoft.NETCore.App\10.0.4\System.Reflection.Emit.Lightweight.dll, MVID: 8193a8c6-f243-4889-8fd3-49e32826dd7f, AssemblyLoadContext: Default)
         Сборка загружена во время TaskRun (NuGet.Build.Tasks.RestoreTask): System.Reflection.Primitives, Version=10.0.0.0, Culture=neutral, PublicKeyToken=b03f5f7f11d50a3a (расположение: C:\Program Files\dotnet\shared\Microsoft.NETCore.App\10.0.4\System.Reflection.Primitives.dll, MVID: 01a59a12-f784-4dde-ad45-4c56edf2b39a, AssemblyLoadContext: Default)
         Сборка загружена во время TaskRun (NuGet.Build.Tasks.RestoreTask): System.Reflection.Emit.ILGeneration, Version=10.0.0.0, Culture=neutral, PublicKeyToken=b03f5f7f11d50a3a (расположение: C:\Program Files\dotnet\shared\Microsoft.NETCore.App\10.0.4\System.Reflection.Emit.ILGeneration.dll, MVID: 28ebe579-205a-47cf-ae9e-952d90a479ec, AssemblyLoadContext: Default)
         Входные данные восстановления для "WeakestLink" не были изменены. Дальнейших действий для завершения восстановления не требуется.
         Фиксация восстановления...
         Файл ресурсов не был изменен. Пропуск записи файла ресурсов. Путь: I:\WEAKEST LINK SOPFTWARE AI TESTERING FINALE\obj\project.assets.json
         Холостое восстановление. Кэш не будет обновлен. Путь: I:\WEAKEST LINK SOPFTWARE AI TESTERING FINALE\obj\project.nuget.cache
         Сборка загружена во время TaskRun (NuGet.Build.Tasks.RestoreTask): NuGet.Common.resources, Version=7.3.0.0, Culture=ru, PublicKeyToken=31bf3856ad364e35 (расположение: C:\Program Files\dotnet\sdk\10.0.200\ru\NuGet.Common.resources.dll, MVID: 5636c8d4-6e58-4013-b67a-6db73134c1a7, AssemblyLoadContext: MSBuild plugin C:\Program Files\dotnet\sdk\10.0.200\NuGet.Build.Tasks.dll)
         Восстановлен I:\WEAKEST LINK SOPFTWARE AI TESTERING FINALE\WeakestLink.csproj (за 54 мс).
         
         Использованные файлы конфигурации NuGet:
             C:\Users\Timontiy\AppData\Roaming\NuGet\NuGet.Config
             C:\Program Files (x86)\NuGet\Config\Microsoft.VisualStudio.FallbackLocation.config
             C:\Program Files (x86)\NuGet\Config\Microsoft.VisualStudio.Offline.config
         
         Использованные веб-каналы:
             https://api.nuget.org/v3/index.json
             C:\Program Files (x86)\Microsoft SDKs\NuGetPackages\
         Все проекты обновлены для восстановления.
       Выполнение задачи "RestoreTask" завершено.
     1>Сборка целевого объекта "Restore" в проекте "WeakestLink.csproj" завершена.
     1>Сборка проекта "I:\WEAKEST LINK SOPFTWARE AI TESTERING FINALE\WeakestLink.csproj" завершена (целевые объекты Restore).
     0>SDK "Microsoft.NET.Sdk" успешно разрешен преобразователем "DefaultSdkResolver" в расположение "C:\Program Files\dotnet\sdk\10.0.200\Sdks\Microsoft.NET.Sdk\Sdk" и версию "".
       C:\Program Files\dotnet\sdk\10.0.200\Sdks\Microsoft.NET.Sdk\Sdk\Sdk.props(49,11): message : Свойство "MSBuildExtensionsPath" со значением "C:\Program Files\dotnet\sdk\10.0.200\" развернуто из окружения.
       C:\Program Files\dotnet\sdk\10.0.200\Current\Microsoft.Common.props(60,5): message : Повторное назначение свойства: $(MSBuildProjectExtensionsPath)="I:\WEAKEST LINK SOPFTWARE AI TESTERING FINALE\obj\" (предыдущее значение: "obj\") для C:\Program Files\dotnet\sdk\10.0.200\Current\Microsoft.Common.props (60,5)
       I:\WEAKEST LINK SOPFTWARE AI TESTERING FINALE\obj\WeakestLink.csproj.nuget.g.props(7,5): message : Свойство "USERPROFILE" со значением "C:\Users\Timontiy" развернуто из окружения.
       C:\Program Files\dotnet\sdk\10.0.200\Current\Microsoft.Common.props(84,119): message : Свойство "MSBuildUserExtensionsPath" со значением "C:\Users\Timontiy\AppData\Local\Microsoft\MSBuild" развернуто из окружения.
       C:\Program Files\dotnet\sdk\10.0.200\Sdks\Microsoft.NET.Sdk\targets\Microsoft.NET.Sdk.props(90,5): message : Повторное назначение свойства: $(AssemblySearchPaths)="{CandidateAssemblyFiles};{HintPathFromItem}" (предыдущее значение: "{CandidateAssemblyFiles}") для C:\Program Files\dotnet\sdk\10.0.200\Sdks\Microsoft.NET.Sdk\targets\Microsoft.NET.Sdk.props (90,5)
       C:\Program Files\dotnet\sdk\10.0.200\Sdks\Microsoft.NET.Sdk\targets\Microsoft.NET.Sdk.props(91,5): message : Повторное назначение свойства: $(AssemblySearchPaths)="{CandidateAssemblyFiles};{HintPathFromItem};{TargetFrameworkDirectory}" (предыдущее значение: "{CandidateAssemblyFiles};{HintPathFromItem}") для C:\Program Files\dotnet\sdk\10.0.200\Sdks\Microsoft.NET.Sdk\targets\Microsoft.NET.Sdk.props (91,5)
       C:\Program Files\dotnet\sdk\10.0.200\Sdks\Microsoft.NET.Sdk\targets\Microsoft.NET.Sdk.props(92,5): message : Повторное назначение свойства: $(AssemblySearchPaths)="{CandidateAssemblyFiles};{HintPathFromItem};{TargetFrameworkDirectory};{RawFileName}" (предыдущее значение: "{CandidateAssemblyFiles};{HintPathFromItem};{TargetFrameworkDirectory}") для C:\Program Files\dotnet\sdk\10.0.200\Sdks\Microsoft.NET.Sdk\targets\Microsoft.NET.Sdk.props (92,5)
       Преобразователь "DefaultSdkResolver" попытался разрешить SDK "Microsoft.NET.SDK.WorkloadAutoImportPropsLocator".
       Предупреждения: null
       Ошибок: MSB4276: стандартному сопоставителю пакетов SDK не удалось разрешить пакет SDK "Microsoft.NET.SDK.WorkloadAutoImportPropsLocator", так как каталог "C:\Program Files\dotnet\sdk\10.0.200\Sdks\Microsoft.NET.SDK.WorkloadAutoImportPropsLocator\Sdk" не существует.
       SDK "Microsoft.NET.SDK.WorkloadAutoImportPropsLocator" успешно разрешен преобразователем "Microsoft.DotNet.MSBuildWorkloadSdkResolver" в расположение "null" и версию "null".
       I:\WEAKEST LINK SOPFTWARE AI TESTERING FINALE\WeakestLink.csproj(30,5): message : Повторное назначение свойства: $(OutputType)="WinExe" (предыдущее значение: "Library") для I:\WEAKEST LINK SOPFTWARE AI TESTERING FINALE\WeakestLink.csproj (30,5)
       I:\WEAKEST LINK SOPFTWARE AI TESTERING FINALE\WeakestLink.csproj(37,5): message : Повторное назначение свойства: $(NoWarn)="CS8632" (предыдущее значение: "1701;1702") для I:\WEAKEST LINK SOPFTWARE AI TESTERING FINALE\WeakestLink.csproj (37,5)
       C:\Program Files\dotnet\sdk\10.0.200\Sdks\Microsoft.NET.Sdk\targets\Microsoft.NET.Sdk.ImportPublishProfile.targets(28,5): message : Повторное назначение свойства: $(PublishProfileImported)="false" (предыдущее значение: "true") для C:\Program Files\dotnet\sdk\10.0.200\Sdks\Microsoft.NET.Sdk\targets\Microsoft.NET.Sdk.ImportPublishProfile.targets (28,5)
       C:\Program Files\dotnet\sdk\10.0.200\Sdks\Microsoft.NET.Sdk\targets\Microsoft.NET.TargetFrameworkInference.targets(80,5): message : Повторное назначение свойства: $(TargetPlatformVersion)="0.0" (предыдущее значение: "0.0.0.0") для C:\Program Files\dotnet\sdk\10.0.200\Sdks\Microsoft.NET.Sdk\targets\Microsoft.NET.TargetFrameworkInference.targets (80,5)
       C:\Program Files\dotnet\sdk\10.0.200\Sdks\Microsoft.NET.Sdk\targets\Microsoft.NET.TargetFrameworkInference.targets(81,5): message : Повторное назначение свойства: $(TargetPlatformVersion)="" (предыдущее значение: "0.0") для C:\Program Files\dotnet\sdk\10.0.200\Sdks\Microsoft.NET.Sdk\targets\Microsoft.NET.TargetFrameworkInference.targets (81,5)
       C:\Program Files\dotnet\sdk\10.0.200\Sdks\Microsoft.NET.Sdk\targets\Microsoft.NET.TargetFrameworkInference.targets(84,5): message : Повторное назначение свойства: $(TargetPlatformIdentifier)="Windows" (предыдущее значение: "windows") для C:\Program Files\dotnet\sdk\10.0.200\Sdks\Microsoft.NET.Sdk\targets\Microsoft.NET.TargetFrameworkInference.targets (84,5)
       C:\Program Files\dotnet\sdk\10.0.200\Sdks\Microsoft.NET.Sdk\targets\Microsoft.NET.DefaultOutputPaths.targets(127,5): message : Повторное назначение свойства: $(DefaultItemExcludes)=";I:\WEAKEST LINK SOPFTWARE AI TESTERING FINALE\SuperDist\/**;obj\Debug\/**" (предыдущее значение: ";I:\WEAKEST LINK SOPFTWARE AI TESTERING FINALE\SuperDist\/**") для C:\Program Files\dotnet\sdk\10.0.200\Sdks\Microsoft.NET.Sdk\targets\Microsoft.NET.DefaultOutputPaths.targets (127,5)
       C:\Program Files\dotnet\sdk\10.0.200\Sdks\Microsoft.NET.Sdk\targets\Microsoft.NET.DefaultOutputPaths.targets(142,5): message : Повторное назначение свойства: $(OutputPath)="I:\WEAKEST LINK SOPFTWARE AI TESTERING FINALE\SuperDist\net10.0-windows\" (предыдущее значение: "I:\WEAKEST LINK SOPFTWARE AI TESTERING FINALE\SuperDist\") для C:\Program Files\dotnet\sdk\10.0.200\Sdks\Microsoft.NET.Sdk\targets\Microsoft.NET.DefaultOutputPaths.targets (142,5)
       C:\Program Files\dotnet\sdk\10.0.200\Sdks\Microsoft.NET.Sdk\targets\Microsoft.NET.DefaultOutputPaths.targets(147,5): message : Повторное назначение свойства: $(IntermediateOutputPath)="obj\Debug\net10.0-windows\" (предыдущее значение: "obj\Debug\") для C:\Program Files\dotnet\sdk\10.0.200\Sdks\Microsoft.NET.Sdk\targets\Microsoft.NET.DefaultOutputPaths.targets (147,5)
       Преобразователь "DefaultSdkResolver" попытался разрешить SDK "Microsoft.NET.SDK.WorkloadManifestTargetsLocator".
       Предупреждения: null
       Ошибок: MSB4276: стандартному сопоставителю пакетов SDK не удалось разрешить пакет SDK "Microsoft.NET.SDK.WorkloadManifestTargetsLocator", так как каталог "C:\Program Files\dotnet\sdk\10.0.200\Sdks\Microsoft.NET.SDK.WorkloadManifestTargetsLocator\Sdk" не существует.
       SDK "Microsoft.NET.SDK.WorkloadManifestTargetsLocator" успешно разрешен преобразователем "Microsoft.DotNet.MSBuildWorkloadSdkResolver" в расположение "C:\Program Files\dotnet\sdk-manifests\10.0.100\microsoft.net.sdk.android\36.1.30" и версию "null".
       C:\Program Files\dotnet\sdk\10.0.200\Sdks\Microsoft.NET.Sdk\targets\Microsoft.NET.Sdk.BeforeCommon.targets(379,5): message : Повторное назначение свойства: $(RoslynTargetsPath)="C:\Program Files\dotnet\sdk\10.0.200\Sdks\Microsoft.NET.Sdk\targets\..\..\..\Roslyn" (предыдущее значение: "C:\Program Files\dotnet\sdk\10.0.200\Roslyn") для C:\Program Files\dotnet\sdk\10.0.200\Sdks\Microsoft.NET.Sdk\targets\Microsoft.NET.Sdk.BeforeCommon.targets (379,5)
       C:\Program Files\dotnet\sdk\10.0.200\Roslyn\Microsoft.Managed.Core.targets(6,5): message : Повторное назначение свойства: $(_BuildTasksDirectory)="C:\Program Files\dotnet\sdk\10.0.200\Sdks\Microsoft.NET.Sdk\targets\..\..\..\Roslyn\" (предыдущее значение: "C:\Program Files\dotnet\sdk\10.0.200\Roslyn\") для C:\Program Files\dotnet\sdk\10.0.200\Roslyn\Microsoft.Managed.Core.targets (6,5)
       C:\Program Files\dotnet\sdk\10.0.200\Roslyn\Microsoft.CSharp.Core.targets(205,5): message : Повторное назначение свойства: $(CommandLineArgsForDesignTimeEvaluation)="-langversion:14.0 -define:TRACE" (предыдущее значение: "-langversion:14.0") для C:\Program Files\dotnet\sdk\10.0.200\Roslyn\Microsoft.CSharp.Core.targets (205,5)
       C:\Program Files\dotnet\sdk\10.0.200\Microsoft.Common.CurrentVersion.targets(175,5): message : Повторное назначение свойства: $(_DebugSymbolsProduced)="true" (предыдущее значение: "false") для C:\Program Files\dotnet\sdk\10.0.200\Microsoft.Common.CurrentVersion.targets (175,5)
       C:\Program Files\dotnet\sdk\10.0.200\Microsoft.Common.CurrentVersion.targets(185,5): message : Повторное назначение свойства: $(_DocumentationFileProduced)="false" (предыдущее значение: "true") для C:\Program Files\dotnet\sdk\10.0.200\Microsoft.Common.CurrentVersion.targets (185,5)
       C:\Program Files\dotnet\sdk\10.0.200\Microsoft.Common.CurrentVersion.targets(392,5): message : Повторное назначение свойства: $(MSBuildCopyMarkerName)="WeakestL.AF97E3AE" (предыдущее значение: "WeakestLink.csproj") для C:\Program Files\dotnet\sdk\10.0.200\Microsoft.Common.CurrentVersion.targets (392,5)
       C:\Program Files\dotnet\sdk\10.0.200\Microsoft.Common.CurrentVersion.targets(393,5): message : Повторное назначение свойства: $(MSBuildCopyMarkerName)="WeakestL.AF97E3AE.Up2Date" (предыдущее значение: "WeakestL.AF97E3AE") для C:\Program Files\dotnet\sdk\10.0.200\Microsoft.Common.CurrentVersion.targets (393,5)
       C:\Program Files\dotnet\sdk\10.0.200\Microsoft.Common.CurrentVersion.targets(541,5): message : Повторное назначение свойства: $(ProcessorArchitecture)="msil" (предыдущее значение: "") для C:\Program Files\dotnet\sdk\10.0.200\Microsoft.Common.CurrentVersion.targets (541,5)
       C:\Program Files\dotnet\sdk\10.0.200\Microsoft.Common.CurrentVersion.targets(580,5): message : Повторное назначение свойства: $(DelaySign)="" (предыдущее значение: "false") для C:\Program Files\dotnet\sdk\10.0.200\Microsoft.Common.CurrentVersion.targets (580,5)
       C:\Program Files\dotnet\sdk\10.0.200\Microsoft.Common.CurrentVersion.targets(2620,5): message : Свойство "LOCALAPPDATA" со значением "C:\Users\Timontiy\AppData\Local" развернуто из окружения.
       C:\Program Files\dotnet\sdk\10.0.200\Microsoft.Common.CurrentVersion.targets(3948,5): message : Повторное назначение свойства: $(_SGenGenerateSerializationAssembliesConfig)="Auto" (предыдущее значение: "") для C:\Program Files\dotnet\sdk\10.0.200\Microsoft.Common.CurrentVersion.targets (3948,5)
       C:\Program Files\dotnet\sdk\10.0.200\Microsoft.Common.CurrentVersion.targets(3949,5): message : Повторное назначение свойства: $(_SGenGenerateSerializationAssembliesConfig)="Off" (предыдущее значение: "Auto") для C:\Program Files\dotnet\sdk\10.0.200\Microsoft.Common.CurrentVersion.targets (3949,5)
       C:\Program Files\dotnet\sdk\10.0.200\Microsoft.Common.CurrentVersion.targets(5160,5): message : Повторное назначение свойства: $(_TargetsThatPrepareProjectReferences)="
       C:\Program Files\dotnet\sdk\10.0.200\Microsoft.Common.CurrentVersion.targets(5160,5): message :       AssignProjectConfiguration;
       C:\Program Files\dotnet\sdk\10.0.200\Microsoft.Common.CurrentVersion.targets(5160,5): message :       _SplitProjectReferencesByFileExistence
       C:\Program Files\dotnet\sdk\10.0.200\Microsoft.Common.CurrentVersion.targets(5160,5): message :     " (предыдущее значение: "_SplitProjectReferencesByFileExistence") для C:\Program Files\dotnet\sdk\10.0.200\Microsoft.Common.CurrentVersion.targets (5160,5)
       C:\Program Files\dotnet\sdk\10.0.200\Microsoft.Common.CurrentVersion.targets(6973,5): message : Свойство "MSBuildExtensionsPath32" со значением "C:\Program Files\dotnet\sdk\10.0.200" развернуто из окружения.
       Свойство "NuGetInteractive" является глобальным и не подлежит изменению.
       C:\Program Files\dotnet\sdk\10.0.200\Sdks\Microsoft.NET.Sdk\targets\Microsoft.PackageDependencyResolution.targets(29,5): message : Повторное назначение свойства: $(ProjectAssetsCacheFile)="I:\WEAKEST LINK SOPFTWARE AI TESTERING FINALE\obj\Debug\net10.0-windows\WeakestLink.assets.cache" (предыдущее значение: "obj\Debug\net10.0-windows\WeakestLink.assets.cache") для C:\Program Files\dotnet\sdk\10.0.200\Sdks\Microsoft.NET.Sdk\targets\Microsoft.PackageDependencyResolution.targets (29,5)
       C:\Program Files\dotnet\sdk\10.0.200\Sdks\Microsoft.NET.Sdk\targets\Microsoft.PackageDependencyResolution.targets(80,5): message : Повторное назначение свойства: $(ResolveAssemblyReferencesDependsOn)="
       C:\Program Files\dotnet\sdk\10.0.200\Sdks\Microsoft.NET.Sdk\targets\Microsoft.PackageDependencyResolution.targets(80,5): message :       
       C:\Program Files\dotnet\sdk\10.0.200\Sdks\Microsoft.NET.Sdk\targets\Microsoft.PackageDependencyResolution.targets(80,5): message :       ResolveProjectReferences;
       C:\Program Files\dotnet\sdk\10.0.200\Sdks\Microsoft.NET.Sdk\targets\Microsoft.PackageDependencyResolution.targets(80,5): message :       FindInvalidProjectReferences;
       C:\Program Files\dotnet\sdk\10.0.200\Sdks\Microsoft.NET.Sdk\targets\Microsoft.PackageDependencyResolution.targets(80,5): message :       GetFrameworkPaths;
       C:\Program Files\dotnet\sdk\10.0.200\Sdks\Microsoft.NET.Sdk\targets\Microsoft.PackageDependencyResolution.targets(80,5): message :       GetReferenceAssemblyPaths;
       C:\Program Files\dotnet\sdk\10.0.200\Sdks\Microsoft.NET.Sdk\targets\Microsoft.PackageDependencyResolution.targets(80,5): message :       PrepareForBuild;
       C:\Program Files\dotnet\sdk\10.0.200\Sdks\Microsoft.NET.Sdk\targets\Microsoft.PackageDependencyResolution.targets(80,5): message :       ResolveSDKReferences;
       C:\Program Files\dotnet\sdk\10.0.200\Sdks\Microsoft.NET.Sdk\targets\Microsoft.PackageDependencyResolution.targets(80,5): message :       ExpandSDKReferences;
       C:\Program Files\dotnet\sdk\10.0.200\Sdks\Microsoft.NET.Sdk\targets\Microsoft.PackageDependencyResolution.targets(80,5): message :     ;
       C:\Program Files\dotnet\sdk\10.0.200\Sdks\Microsoft.NET.Sdk\targets\Microsoft.PackageDependencyResolution.targets(80,5): message :       ResolvePackageDependenciesForBuild;
       C:\Program Files\dotnet\sdk\10.0.200\Sdks\Microsoft.NET.Sdk\targets\Microsoft.PackageDependencyResolution.targets(80,5): message :       _HandlePackageFileConflicts;
       C:\Program Files\dotnet\sdk\10.0.200\Sdks\Microsoft.NET.Sdk\targets\Microsoft.PackageDependencyResolution.targets(80,5): message :     " (предыдущее значение: "
       C:\Program Files\dotnet\sdk\10.0.200\Sdks\Microsoft.NET.Sdk\targets\Microsoft.PackageDependencyResolution.targets(80,5): message :       ResolveProjectReferences;
       C:\Program Files\dotnet\sdk\10.0.200\Sdks\Microsoft.NET.Sdk\targets\Microsoft.PackageDependencyResolution.targets(80,5): message :       FindInvalidProjectReferences;
       C:\Program Files\dotnet\sdk\10.0.200\Sdks\Microsoft.NET.Sdk\targets\Microsoft.PackageDependencyResolution.targets(80,5): message :       GetFrameworkPaths;
       C:\Program Files\dotnet\sdk\10.0.200\Sdks\Microsoft.NET.Sdk\targets\Microsoft.PackageDependencyResolution.targets(80,5): message :       GetReferenceAssemblyPaths;
       C:\Program Files\dotnet\sdk\10.0.200\Sdks\Microsoft.NET.Sdk\targets\Microsoft.PackageDependencyResolution.targets(80,5): message :       PrepareForBuild;
       C:\Program Files\dotnet\sdk\10.0.200\Sdks\Microsoft.NET.Sdk\targets\Microsoft.PackageDependencyResolution.targets(80,5): message :       ResolveSDKReferences;
       C:\Program Files\dotnet\sdk\10.0.200\Sdks\Microsoft.NET.Sdk\targets\Microsoft.PackageDependencyResolution.targets(80,5): message :       ExpandSDKReferences;
       C:\Program Files\dotnet\sdk\10.0.200\Sdks\Microsoft.NET.Sdk\targets\Microsoft.PackageDependencyResolution.targets(80,5): message :     ") для C:\Program Files\dotnet\sdk\10.0.200\Sdks\Microsoft.NET.Sdk\targets\Microsoft.PackageDependencyResolution.targets (80,5)
       C:\Program Files\dotnet\sdk\10.0.200\Sdks\Microsoft.NET.Sdk\targets\Microsoft.PackageDependencyResolution.targets(86,5): message : Повторное назначение свойства: $(PrepareResourcesDependsOn)="
       C:\Program Files\dotnet\sdk\10.0.200\Sdks\Microsoft.NET.Sdk\targets\Microsoft.PackageDependencyResolution.targets(86,5): message :       ResolvePackageDependenciesForBuild;
       C:\Program Files\dotnet\sdk\10.0.200\Sdks\Microsoft.NET.Sdk\targets\Microsoft.PackageDependencyResolution.targets(86,5): message :       _HandlePackageFileConflicts;
       C:\Program Files\dotnet\sdk\10.0.200\Sdks\Microsoft.NET.Sdk\targets\Microsoft.PackageDependencyResolution.targets(86,5): message :       
       C:\Program Files\dotnet\sdk\10.0.200\Sdks\Microsoft.NET.Sdk\targets\Microsoft.PackageDependencyResolution.targets(86,5): message :       ;
       C:\Program Files\dotnet\sdk\10.0.200\Sdks\Microsoft.NET.Sdk\targets\Microsoft.PackageDependencyResolution.targets(86,5): message :       PrepareResourceNames;
       C:\Program Files\dotnet\sdk\10.0.200\Sdks\Microsoft.NET.Sdk\targets\Microsoft.PackageDependencyResolution.targets(86,5): message :       ResGen;
       C:\Program Files\dotnet\sdk\10.0.200\Sdks\Microsoft.NET.Sdk\targets\Microsoft.PackageDependencyResolution.targets(86,5): message :       CompileLicxFiles
       C:\Program Files\dotnet\sdk\10.0.200\Sdks\Microsoft.NET.Sdk\targets\Microsoft.PackageDependencyResolution.targets(86,5): message :     
       C:\Program Files\dotnet\sdk\10.0.200\Sdks\Microsoft.NET.Sdk\targets\Microsoft.PackageDependencyResolution.targets(86,5): message :     " (предыдущее значение: "
       C:\Program Files\dotnet\sdk\10.0.200\Sdks\Microsoft.NET.Sdk\targets\Microsoft.PackageDependencyResolution.targets(86,5): message :       ;
       C:\Program Files\dotnet\sdk\10.0.200\Sdks\Microsoft.NET.Sdk\targets\Microsoft.PackageDependencyResolution.targets(86,5): message :       PrepareResourceNames;
       C:\Program Files\dotnet\sdk\10.0.200\Sdks\Microsoft.NET.Sdk\targets\Microsoft.PackageDependencyResolution.targets(86,5): message :       ResGen;
       C:\Program Files\dotnet\sdk\10.0.200\Sdks\Microsoft.NET.Sdk\targets\Microsoft.PackageDependencyResolution.targets(86,5): message :       CompileLicxFiles
       C:\Program Files\dotnet\sdk\10.0.200\Sdks\Microsoft.NET.Sdk\targets\Microsoft.PackageDependencyResolution.targets(86,5): message :     ") для C:\Program Files\dotnet\sdk\10.0.200\Sdks\Microsoft.NET.Sdk\targets\Microsoft.PackageDependencyResolution.targets (86,5)
       C:\Program Files\dotnet\sdk\10.0.200\Sdks\Microsoft.NET.Sdk\targets\Microsoft.NET.Sdk.DefaultItems.targets(35,5): message : Повторное назначение свойства: $(DefaultItemExcludes)=";I:\WEAKEST LINK SOPFTWARE AI TESTERING FINALE\SuperDist\/**;obj\Debug\/**;bin\/**" (предыдущее значение: ";I:\WEAKEST LINK SOPFTWARE AI TESTERING FINALE\SuperDist\/**;obj\Debug\/**") для C:\Program Files\dotnet\sdk\10.0.200\Sdks\Microsoft.NET.Sdk\targets\Microsoft.NET.Sdk.DefaultItems.targets (35,5)
       C:\Program Files\dotnet\sdk\10.0.200\Sdks\Microsoft.NET.Sdk\targets\Microsoft.NET.Sdk.DefaultItems.targets(37,5): message : Повторное назначение свойства: $(DefaultItemExcludes)=";I:\WEAKEST LINK SOPFTWARE AI TESTERING FINALE\SuperDist\/**;obj\Debug\/**;bin\/**;obj\/**" (предыдущее значение: ";I:\WEAKEST LINK SOPFTWARE AI TESTERING FINALE\SuperDist\/**;obj\Debug\/**;bin\/**") для C:\Program Files\dotnet\sdk\10.0.200\Sdks\Microsoft.NET.Sdk\targets\Microsoft.NET.Sdk.DefaultItems.targets (37,5)
       C:\Program Files\dotnet\sdk\10.0.200\Sdks\Microsoft.NET.Sdk\targets\Microsoft.NET.Sdk.DefaultItems.targets(41,5): message : Повторное назначение свойства: $(DefaultItemExcludes)=";I:\WEAKEST LINK SOPFTWARE AI TESTERING FINALE\SuperDist\/**;obj\Debug\/**;bin\/**;obj\/**;I:\WEAKEST LINK SOPFTWARE AI TESTERING FINALE\SuperDist\net10.0-windows\publish\/**" (предыдущее значение: ";I:\WEAKEST LINK SOPFTWARE AI TESTERING FINALE\SuperDist\/**;obj\Debug\/**;bin\/**;obj\/**") для C:\Program Files\dotnet\sdk\10.0.200\Sdks\Microsoft.NET.Sdk\targets\Microsoft.NET.Sdk.DefaultItems.targets (41,5)
       C:\Program Files\dotnet\sdk\10.0.200\Sdks\Microsoft.NET.Sdk\targets\Microsoft.NET.Sdk.DefaultItems.targets(44,5): message : Повторное назначение свойства: $(DefaultItemExcludes)=";I:\WEAKEST LINK SOPFTWARE AI TESTERING FINALE\SuperDist\/**;obj\Debug\/**;bin\/**;obj\/**;I:\WEAKEST LINK SOPFTWARE AI TESTERING FINALE\SuperDist\net10.0-windows\publish\/**;**/*.user" (предыдущее значение: ";I:\WEAKEST LINK SOPFTWARE AI TESTERING FINALE\SuperDist\/**;obj\Debug\/**;bin\/**;obj\/**;I:\WEAKEST LINK SOPFTWARE AI TESTERING FINALE\SuperDist\net10.0-windows\publish\/**") для C:\Program Files\dotnet\sdk\10.0.200\Sdks\Microsoft.NET.Sdk\targets\Microsoft.NET.Sdk.DefaultItems.targets (44,5)
       C:\Program Files\dotnet\sdk\10.0.200\Sdks\Microsoft.NET.Sdk\targets\Microsoft.NET.Sdk.DefaultItems.targets(45,5): message : Повторное назначение свойства: $(DefaultItemExcludes)=";I:\WEAKEST LINK SOPFTWARE AI TESTERING FINALE\SuperDist\/**;obj\Debug\/**;bin\/**;obj\/**;I:\WEAKEST LINK SOPFTWARE AI TESTERING FINALE\SuperDist\net10.0-windows\publish\/**;**/*.user;**/*.*proj" (предыдущее значение: ";I:\WEAKEST LINK SOPFTWARE AI TESTERING FINALE\SuperDist\/**;obj\Debug\/**;bin\/**;obj\/**;I:\WEAKEST LINK SOPFTWARE AI TESTERING FINALE\SuperDist\net10.0-windows\publish\/**;**/*.user") для C:\Program Files\dotnet\sdk\10.0.200\Sdks\Microsoft.NET.Sdk\targets\Microsoft.NET.Sdk.DefaultItems.targets (45,5)
       C:\Program Files\dotnet\sdk\10.0.200\Sdks\Microsoft.NET.Sdk\targets\Microsoft.NET.Sdk.DefaultItems.targets(46,5): message : Повторное назначение свойства: $(DefaultItemExcludes)=";I:\WEAKEST LINK SOPFTWARE AI TESTERING FINALE\SuperDist\/**;obj\Debug\/**;bin\/**;obj\/**;I:\WEAKEST LINK SOPFTWARE AI TESTERING FINALE\SuperDist\net10.0-windows\publish\/**;**/*.user;**/*.*proj;**/*.sln" (предыдущее значение: ";I:\WEAKEST LINK SOPFTWARE AI TESTERING FINALE\SuperDist\/**;obj\Debug\/**;bin\/**;obj\/**;I:\WEAKEST LINK SOPFTWARE AI TESTERING FINALE\SuperDist\net10.0-windows\publish\/**;**/*.user;**/*.*proj") для C:\Program Files\dotnet\sdk\10.0.200\Sdks\Microsoft.NET.Sdk\targets\Microsoft.NET.Sdk.DefaultItems.targets (46,5)
       C:\Program Files\dotnet\sdk\10.0.200\Sdks\Microsoft.NET.Sdk\targets\Microsoft.NET.Sdk.DefaultItems.targets(47,5): message : Повторное назначение свойства: $(DefaultItemExcludes)=";I:\WEAKEST LINK SOPFTWARE AI TESTERING FINALE\SuperDist\/**;obj\Debug\/**;bin\/**;obj\/**;I:\WEAKEST LINK SOPFTWARE AI TESTERING FINALE\SuperDist\net10.0-windows\publish\/**;**/*.user;**/*.*proj;**/*.sln;**/*.slnx" (предыдущее значение: ";I:\WEAKEST LINK SOPFTWARE AI TESTERING FINALE\SuperDist\/**;obj\Debug\/**;bin\/**;obj\/**;I:\WEAKEST LINK SOPFTWARE AI TESTERING FINALE\SuperDist\net10.0-windows\publish\/**;**/*.user;**/*.*proj;**/*.sln") для C:\Program Files\dotnet\sdk\10.0.200\Sdks\Microsoft.NET.Sdk\targets\Microsoft.NET.Sdk.DefaultItems.targets (47,5)
       C:\Program Files\dotnet\sdk\10.0.200\Sdks\Microsoft.NET.Sdk\targets\Microsoft.NET.Sdk.DefaultItems.targets(48,5): message : Повторное назначение свойства: $(DefaultItemExcludes)=";I:\WEAKEST LINK SOPFTWARE AI TESTERING FINALE\SuperDist\/**;obj\Debug\/**;bin\/**;obj\/**;I:\WEAKEST LINK SOPFTWARE AI TESTERING FINALE\SuperDist\net10.0-windows\publish\/**;**/*.user;**/*.*proj;**/*.sln;**/*.slnx;**/*.vssscc" (предыдущее значение: ";I:\WEAKEST LINK SOPFTWARE AI TESTERING FINALE\SuperDist\/**;obj\Debug\/**;bin\/**;obj\/**;I:\WEAKEST LINK SOPFTWARE AI TESTERING FINALE\SuperDist\net10.0-windows\publish\/**;**/*.user;**/*.*proj;**/*.sln;**/*.slnx") для C:\Program Files\dotnet\sdk\10.0.200\Sdks\Microsoft.NET.Sdk\targets\Microsoft.NET.Sdk.DefaultItems.targets (48,5)
       C:\Program Files\dotnet\sdk\10.0.200\Sdks\Microsoft.NET.Sdk\targets\Microsoft.NET.Sdk.DefaultItems.targets(49,5): message : Повторное назначение свойства: $(DefaultItemExcludes)=";I:\WEAKEST LINK SOPFTWARE AI TESTERING FINALE\SuperDist\/**;obj\Debug\/**;bin\/**;obj\/**;I:\WEAKEST LINK SOPFTWARE AI TESTERING FINALE\SuperDist\net10.0-windows\publish\/**;**/*.user;**/*.*proj;**/*.sln;**/*.slnx;**/*.vssscc;**/.DS_Store" (предыдущее значение: ";I:\WEAKEST LINK SOPFTWARE AI TESTERING FINALE\SuperDist\/**;obj\Debug\/**;bin\/**;obj\/**;I:\WEAKEST LINK SOPFTWARE AI TESTERING FINALE\SuperDist\net10.0-windows\publish\/**;**/*.user;**/*.*proj;**/*.sln;**/*.slnx;**/*.vssscc") для C:\Program Files\dotnet\sdk\10.0.200\Sdks\Microsoft.NET.Sdk\targets\Microsoft.NET.Sdk.DefaultItems.targets (49,5)
       C:\Program Files\dotnet\sdk\10.0.200\Sdks\Microsoft.NET.Sdk\targets\Microsoft.NET.Sdk.FrameworkReferenceResolution.targets(14,5): message : Повторное назначение свойства: $(ResolveAssemblyReferencesDependsOn)="
       C:\Program Files\dotnet\sdk\10.0.200\Sdks\Microsoft.NET.Sdk\targets\Microsoft.NET.Sdk.FrameworkReferenceResolution.targets(14,5): message :       
       C:\Program Files\dotnet\sdk\10.0.200\Sdks\Microsoft.NET.Sdk\targets\Microsoft.NET.Sdk.FrameworkReferenceResolution.targets(14,5): message :       
       C:\Program Files\dotnet\sdk\10.0.200\Sdks\Microsoft.NET.Sdk\targets\Microsoft.NET.Sdk.FrameworkReferenceResolution.targets(14,5): message :       ResolveProjectReferences;
       C:\Program Files\dotnet\sdk\10.0.200\Sdks\Microsoft.NET.Sdk\targets\Microsoft.NET.Sdk.FrameworkReferenceResolution.targets(14,5): message :       FindInvalidProjectReferences;
       C:\Program Files\dotnet\sdk\10.0.200\Sdks\Microsoft.NET.Sdk\targets\Microsoft.NET.Sdk.FrameworkReferenceResolution.targets(14,5): message :       GetFrameworkPaths;
       C:\Program Files\dotnet\sdk\10.0.200\Sdks\Microsoft.NET.Sdk\targets\Microsoft.NET.Sdk.FrameworkReferenceResolution.targets(14,5): message :       GetReferenceAssemblyPaths;
       C:\Program Files\dotnet\sdk\10.0.200\Sdks\Microsoft.NET.Sdk\targets\Microsoft.NET.Sdk.FrameworkReferenceResolution.targets(14,5): message :       PrepareForBuild;
       C:\Program Files\dotnet\sdk\10.0.200\Sdks\Microsoft.NET.Sdk\targets\Microsoft.NET.Sdk.FrameworkReferenceResolution.targets(14,5): message :       ResolveSDKReferences;
       C:\Program Files\dotnet\sdk\10.0.200\Sdks\Microsoft.NET.Sdk\targets\Microsoft.NET.Sdk.FrameworkReferenceResolution.targets(14,5): message :       ExpandSDKReferences;
       C:\Program Files\dotnet\sdk\10.0.200\Sdks\Microsoft.NET.Sdk\targets\Microsoft.NET.Sdk.FrameworkReferenceResolution.targets(14,5): message :     ;
       C:\Program Files\dotnet\sdk\10.0.200\Sdks\Microsoft.NET.Sdk\targets\Microsoft.NET.Sdk.FrameworkReferenceResolution.targets(14,5): message :       ResolvePackageDependenciesForBuild;
       C:\Program Files\dotnet\sdk\10.0.200\Sdks\Microsoft.NET.Sdk\targets\Microsoft.NET.Sdk.FrameworkReferenceResolution.targets(14,5): message :       _HandlePackageFileConflicts;
       C:\Program Files\dotnet\sdk\10.0.200\Sdks\Microsoft.NET.Sdk\targets\Microsoft.NET.Sdk.FrameworkReferenceResolution.targets(14,5): message :     ;
       C:\Program Files\dotnet\sdk\10.0.200\Sdks\Microsoft.NET.Sdk\targets\Microsoft.NET.Sdk.FrameworkReferenceResolution.targets(14,5): message :       ResolveTargetingPackAssets;
       C:\Program Files\dotnet\sdk\10.0.200\Sdks\Microsoft.NET.Sdk\targets\Microsoft.NET.Sdk.FrameworkReferenceResolution.targets(14,5): message :     " (предыдущее значение: "
       C:\Program Files\dotnet\sdk\10.0.200\Sdks\Microsoft.NET.Sdk\targets\Microsoft.NET.Sdk.FrameworkReferenceResolution.targets(14,5): message :       
       C:\Program Files\dotnet\sdk\10.0.200\Sdks\Microsoft.NET.Sdk\targets\Microsoft.NET.Sdk.FrameworkReferenceResolution.targets(14,5): message :       ResolveProjectReferences;
       C:\Program Files\dotnet\sdk\10.0.200\Sdks\Microsoft.NET.Sdk\targets\Microsoft.NET.Sdk.FrameworkReferenceResolution.targets(14,5): message :       FindInvalidProjectReferences;
       C:\Program Files\dotnet\sdk\10.0.200\Sdks\Microsoft.NET.Sdk\targets\Microsoft.NET.Sdk.FrameworkReferenceResolution.targets(14,5): message :       GetFrameworkPaths;
       C:\Program Files\dotnet\sdk\10.0.200\Sdks\Microsoft.NET.Sdk\targets\Microsoft.NET.Sdk.FrameworkReferenceResolution.targets(14,5): message :       GetReferenceAssemblyPaths;
       C:\Program Files\dotnet\sdk\10.0.200\Sdks\Microsoft.NET.Sdk\targets\Microsoft.NET.Sdk.FrameworkReferenceResolution.targets(14,5): message :       PrepareForBuild;
       C:\Program Files\dotnet\sdk\10.0.200\Sdks\Microsoft.NET.Sdk\targets\Microsoft.NET.Sdk.FrameworkReferenceResolution.targets(14,5): message :       ResolveSDKReferences;
       C:\Program Files\dotnet\sdk\10.0.200\Sdks\Microsoft.NET.Sdk\targets\Microsoft.NET.Sdk.FrameworkReferenceResolution.targets(14,5): message :       ExpandSDKReferences;
       C:\Program Files\dotnet\sdk\10.0.200\Sdks\Microsoft.NET.Sdk\targets\Microsoft.NET.Sdk.FrameworkReferenceResolution.targets(14,5): message :     ;
       C:\Program Files\dotnet\sdk\10.0.200\Sdks\Microsoft.NET.Sdk\targets\Microsoft.NET.Sdk.FrameworkReferenceResolution.targets(14,5): message :       ResolvePackageDependenciesForBuild;
       C:\Program Files\dotnet\sdk\10.0.200\Sdks\Microsoft.NET.Sdk\targets\Microsoft.NET.Sdk.FrameworkReferenceResolution.targets(14,5): message :       _HandlePackageFileConflicts;
       C:\Program Files\dotnet\sdk\10.0.200\Sdks\Microsoft.NET.Sdk\targets\Microsoft.NET.Sdk.FrameworkReferenceResolution.targets(14,5): message :     ") для C:\Program Files\dotnet\sdk\10.0.200\Sdks\Microsoft.NET.Sdk\targets\Microsoft.NET.Sdk.FrameworkReferenceResolution.targets (14,5)
       C:\Program Files\dotnet\sdk\10.0.200\Sdks\Microsoft.NET.Sdk\targets\Microsoft.NET.Sdk.targets(44,5): message : Повторное назначение свойства: $(_GenerateRuntimeConfigurationPropertyInputsCache)="I:\WEAKEST LINK SOPFTWARE AI TESTERING FINALE\obj\Debug\net10.0-windows\WeakestLink.genruntimeconfig.cache" (предыдущее значение: "obj\Debug\net10.0-windows\WeakestLink.genruntimeconfig.cache") для C:\Program Files\dotnet\sdk\10.0.200\Sdks\Microsoft.NET.Sdk\targets\Microsoft.NET.Sdk.targets (44,5)
       C:\Program Files\dotnet\sdk\10.0.200\Sdks\Microsoft.NET.Sdk\targets\Microsoft.NET.Sdk.targets(46,5): message : Повторное назначение свойства: $(_GeneratePublishDependencyFilePropertyInputsCache)="I:\WEAKEST LINK SOPFTWARE AI TESTERING FINALE\obj\Debug\net10.0-windows\WeakestLink.genpublishdeps.cache" (предыдущее значение: "obj\Debug\net10.0-windows\WeakestLink.genpublishdeps.cache") для C:\Program Files\dotnet\sdk\10.0.200\Sdks\Microsoft.NET.Sdk\targets\Microsoft.NET.Sdk.targets (46,5)
       C:\Program Files\dotnet\sdk\10.0.200\Sdks\Microsoft.NET.Sdk\targets\Microsoft.NET.Sdk.targets(48,5): message : Повторное назначение свойства: $(_GenerateSingleFileBundlePropertyInputsCache)="I:\WEAKEST LINK SOPFTWARE AI TESTERING FINALE\obj\Debug\net10.0-windows\WeakestLink.genbundle.cache" (предыдущее значение: "obj\Debug\net10.0-windows\WeakestLink.genbundle.cache") для C:\Program Files\dotnet\sdk\10.0.200\Sdks\Microsoft.NET.Sdk\targets\Microsoft.NET.Sdk.targets (48,5)
       C:\Program Files\dotnet\sdk\10.0.200\Sdks\Microsoft.NET.Sdk\targets\Microsoft.NET.Sdk.targets(81,5): message : Повторное назначение свойства: $(GenerateRuntimeConfigDevFile)="false" (предыдущее значение: "true") для C:\Program Files\dotnet\sdk\10.0.200\Sdks\Microsoft.NET.Sdk\targets\Microsoft.NET.Sdk.targets (81,5)
       C:\Program Files\dotnet\sdk\10.0.200\Sdks\Microsoft.NET.Sdk\targets\Microsoft.NET.Sdk.targets(98,5): message : Повторное назначение свойства: $(_DefaultUserProfileRuntimeStorePath)="C:\Users\Timontiy" (предыдущее значение: "") для C:\Program Files\dotnet\sdk\10.0.200\Sdks\Microsoft.NET.Sdk\targets\Microsoft.NET.Sdk.targets (98,5)
       C:\Program Files\dotnet\sdk\10.0.200\Sdks\Microsoft.NET.Sdk\targets\Microsoft.NET.Sdk.targets(99,5): message : Повторное назначение свойства: $(_DefaultUserProfileRuntimeStorePath)="C:\Users\Timontiy\.dotnet\store" (предыдущее значение: "C:\Users\Timontiy") для C:\Program Files\dotnet\sdk\10.0.200\Sdks\Microsoft.NET.Sdk\targets\Microsoft.NET.Sdk.targets (99,5)
       C:\Program Files\dotnet\sdk\10.0.200\Sdks\Microsoft.NET.Sdk\targets\Microsoft.NET.Sdk.targets(144,5): message : Повторное назначение свойства: $(AvailablePlatforms)="Any CPU,x86,x64,ARM32" (предыдущее значение: "Any CPU,x86,x64") для C:\Program Files\dotnet\sdk\10.0.200\Sdks\Microsoft.NET.Sdk\targets\Microsoft.NET.Sdk.targets (144,5)
       C:\Program Files\dotnet\sdk\10.0.200\Sdks\Microsoft.NET.Sdk\targets\Microsoft.NET.Sdk.targets(148,5): message : Повторное назначение свойства: $(AvailablePlatforms)="Any CPU,x86,x64,ARM32,ARM64" (предыдущее значение: "Any CPU,x86,x64,ARM32") для C:\Program Files\dotnet\sdk\10.0.200\Sdks\Microsoft.NET.Sdk\targets\Microsoft.NET.Sdk.targets (148,5)
       C:\Program Files\dotnet\sdk\10.0.200\Sdks\Microsoft.NET.Sdk\targets\Microsoft.NET.Sdk.targets(204,5): message : Повторное назначение свойства: $(CoreBuildDependsOn)="
       C:\Program Files\dotnet\sdk\10.0.200\Sdks\Microsoft.NET.Sdk\targets\Microsoft.NET.Sdk.targets(204,5): message :       _CheckForBuildWithNoBuild;
       C:\Program Files\dotnet\sdk\10.0.200\Sdks\Microsoft.NET.Sdk\targets\Microsoft.NET.Sdk.targets(204,5): message :       
       C:\Program Files\dotnet\sdk\10.0.200\Sdks\Microsoft.NET.Sdk\targets\Microsoft.NET.Sdk.targets(204,5): message :       BuildOnlySettings;
       C:\Program Files\dotnet\sdk\10.0.200\Sdks\Microsoft.NET.Sdk\targets\Microsoft.NET.Sdk.targets(204,5): message :       PrepareForBuild;
       C:\Program Files\dotnet\sdk\10.0.200\Sdks\Microsoft.NET.Sdk\targets\Microsoft.NET.Sdk.targets(204,5): message :       PreBuildEvent;
       C:\Program Files\dotnet\sdk\10.0.200\Sdks\Microsoft.NET.Sdk\targets\Microsoft.NET.Sdk.targets(204,5): message :       ResolveReferences;
       C:\Program Files\dotnet\sdk\10.0.200\Sdks\Microsoft.NET.Sdk\targets\Microsoft.NET.Sdk.targets(204,5): message :       PrepareResources;
       C:\Program Files\dotnet\sdk\10.0.200\Sdks\Microsoft.NET.Sdk\targets\Microsoft.NET.Sdk.targets(204,5): message :       ResolveKeySource;
       C:\Program Files\dotnet\sdk\10.0.200\Sdks\Microsoft.NET.Sdk\targets\Microsoft.NET.Sdk.targets(204,5): message :       Compile;
       C:\Program Files\dotnet\sdk\10.0.200\Sdks\Microsoft.NET.Sdk\targets\Microsoft.NET.Sdk.targets(204,5): message :       ExportWindowsMDFile;
       C:\Program Files\dotnet\sdk\10.0.200\Sdks\Microsoft.NET.Sdk\targets\Microsoft.NET.Sdk.targets(204,5): message :       UnmanagedUnregistration;
       C:\Program Files\dotnet\sdk\10.0.200\Sdks\Microsoft.NET.Sdk\targets\Microsoft.NET.Sdk.targets(204,5): message :       GenerateSerializationAssemblies;
       C:\Program Files\dotnet\sdk\10.0.200\Sdks\Microsoft.NET.Sdk\targets\Microsoft.NET.Sdk.targets(204,5): message :       CreateSatelliteAssemblies;
       C:\Program Files\dotnet\sdk\10.0.200\Sdks\Microsoft.NET.Sdk\targets\Microsoft.NET.Sdk.targets(204,5): message :       GenerateManifests;
       C:\Program Files\dotnet\sdk\10.0.200\Sdks\Microsoft.NET.Sdk\targets\Microsoft.NET.Sdk.targets(204,5): message :       GetTargetPath;
       C:\Program Files\dotnet\sdk\10.0.200\Sdks\Microsoft.NET.Sdk\targets\Microsoft.NET.Sdk.targets(204,5): message :       PrepareForRun;
       C:\Program Files\dotnet\sdk\10.0.200\Sdks\Microsoft.NET.Sdk\targets\Microsoft.NET.Sdk.targets(204,5): message :       UnmanagedRegistration;
       C:\Program Files\dotnet\sdk\10.0.200\Sdks\Microsoft.NET.Sdk\targets\Microsoft.NET.Sdk.targets(204,5): message :       IncrementalClean;
       C:\Program Files\dotnet\sdk\10.0.200\Sdks\Microsoft.NET.Sdk\targets\Microsoft.NET.Sdk.targets(204,5): message :       PostBuildEvent
       C:\Program Files\dotnet\sdk\10.0.200\Sdks\Microsoft.NET.Sdk\targets\Microsoft.NET.Sdk.targets(204,5): message :     ;
       C:\Program Files\dotnet\sdk\10.0.200\Sdks\Microsoft.NET.Sdk\targets\Microsoft.NET.Sdk.targets(204,5): message :       GenerateBuildDependencyFile;
       C:\Program Files\dotnet\sdk\10.0.200\Sdks\Microsoft.NET.Sdk\targets\Microsoft.NET.Sdk.targets(204,5): message :       GenerateBuildRuntimeConfigurationFiles
       C:\Program Files\dotnet\sdk\10.0.200\Sdks\Microsoft.NET.Sdk\targets\Microsoft.NET.Sdk.targets(204,5): message :     " (предыдущее значение: "
       C:\Program Files\dotnet\sdk\10.0.200\Sdks\Microsoft.NET.Sdk\targets\Microsoft.NET.Sdk.targets(204,5): message :       BuildOnlySettings;
       C:\Program Files\dotnet\sdk\10.0.200\Sdks\Microsoft.NET.Sdk\targets\Microsoft.NET.Sdk.targets(204,5): message :       PrepareForBuild;
       C:\Program Files\dotnet\sdk\10.0.200\Sdks\Microsoft.NET.Sdk\targets\Microsoft.NET.Sdk.targets(204,5): message :       PreBuildEvent;
       C:\Program Files\dotnet\sdk\10.0.200\Sdks\Microsoft.NET.Sdk\targets\Microsoft.NET.Sdk.targets(204,5): message :       ResolveReferences;
       C:\Program Files\dotnet\sdk\10.0.200\Sdks\Microsoft.NET.Sdk\targets\Microsoft.NET.Sdk.targets(204,5): message :       PrepareResources;
       C:\Program Files\dotnet\sdk\10.0.200\Sdks\Microsoft.NET.Sdk\targets\Microsoft.NET.Sdk.targets(204,5): message :       ResolveKeySource;
       C:\Program Files\dotnet\sdk\10.0.200\Sdks\Microsoft.NET.Sdk\targets\Microsoft.NET.Sdk.targets(204,5): message :       Compile;
       C:\Program Files\dotnet\sdk\10.0.200\Sdks\Microsoft.NET.Sdk\targets\Microsoft.NET.Sdk.targets(204,5): message :       ExportWindowsMDFile;
       C:\Program Files\dotnet\sdk\10.0.200\Sdks\Microsoft.NET.Sdk\targets\Microsoft.NET.Sdk.targets(204,5): message :       UnmanagedUnregistration;
       C:\Program Files\dotnet\sdk\10.0.200\Sdks\Microsoft.NET.Sdk\targets\Microsoft.NET.Sdk.targets(204,5): message :       GenerateSerializationAssemblies;
       C:\Program Files\dotnet\sdk\10.0.200\Sdks\Microsoft.NET.Sdk\targets\Microsoft.NET.Sdk.targets(204,5): message :       CreateSatelliteAssemblies;
       C:\Program Files\dotnet\sdk\10.0.200\Sdks\Microsoft.NET.Sdk\targets\Microsoft.NET.Sdk.targets(204,5): message :       GenerateManifests;
       C:\Program Files\dotnet\sdk\10.0.200\Sdks\Microsoft.NET.Sdk\targets\Microsoft.NET.Sdk.targets(204,5): message :       GetTargetPath;
       C:\Program Files\dotnet\sdk\10.0.200\Sdks\Microsoft.NET.Sdk\targets\Microsoft.NET.Sdk.targets(204,5): message :       PrepareForRun;
       C:\Program Files\dotnet\sdk\10.0.200\Sdks\Microsoft.NET.Sdk\targets\Microsoft.NET.Sdk.targets(204,5): message :       UnmanagedRegistration;
       C:\Program Files\dotnet\sdk\10.0.200\Sdks\Microsoft.NET.Sdk\targets\Microsoft.NET.Sdk.targets(204,5): message :       IncrementalClean;
       C:\Program Files\dotnet\sdk\10.0.200\Sdks\Microsoft.NET.Sdk\targets\Microsoft.NET.Sdk.targets(204,5): message :       PostBuildEvent
       C:\Program Files\dotnet\sdk\10.0.200\Sdks\Microsoft.NET.Sdk\targets\Microsoft.NET.Sdk.targets(204,5): message :     ") для C:\Program Files\dotnet\sdk\10.0.200\Sdks\Microsoft.NET.Sdk\targets\Microsoft.NET.Sdk.targets (204,5)
       C:\Program Files\dotnet\sdk\10.0.200\Sdks\Microsoft.NET.Sdk\targets\Microsoft.NET.Sdk.targets(213,5): message : Повторное назначение свойства: $(CoreCleanDependsOn)="
       C:\Program Files\dotnet\sdk\10.0.200\Sdks\Microsoft.NET.Sdk\targets\Microsoft.NET.Sdk.targets(213,5): message :       _SdkBeforeClean;
       C:\Program Files\dotnet\sdk\10.0.200\Sdks\Microsoft.NET.Sdk\targets\Microsoft.NET.Sdk.targets(213,5): message :       
       C:\Program Files\dotnet\sdk\10.0.200\Sdks\Microsoft.NET.Sdk\targets\Microsoft.NET.Sdk.targets(213,5): message :     " (предыдущее значение: "") для C:\Program Files\dotnet\sdk\10.0.200\Sdks\Microsoft.NET.Sdk\targets\Microsoft.NET.Sdk.targets (213,5)
       C:\Program Files\dotnet\sdk\10.0.200\Sdks\Microsoft.NET.Sdk\targets\Microsoft.NET.Sdk.targets(220,5): message : Повторное назначение свойства: $(RebuildDependsOn)="
       C:\Program Files\dotnet\sdk\10.0.200\Sdks\Microsoft.NET.Sdk\targets\Microsoft.NET.Sdk.targets(220,5): message :       _SdkBeforeRebuild;
       C:\Program Files\dotnet\sdk\10.0.200\Sdks\Microsoft.NET.Sdk\targets\Microsoft.NET.Sdk.targets(220,5): message :       
       C:\Program Files\dotnet\sdk\10.0.200\Sdks\Microsoft.NET.Sdk\targets\Microsoft.NET.Sdk.targets(220,5): message :       BeforeRebuild;
       C:\Program Files\dotnet\sdk\10.0.200\Sdks\Microsoft.NET.Sdk\targets\Microsoft.NET.Sdk.targets(220,5): message :       Clean;
       C:\Program Files\dotnet\sdk\10.0.200\Sdks\Microsoft.NET.Sdk\targets\Microsoft.NET.Sdk.targets(220,5): message :       Build;
       C:\Program Files\dotnet\sdk\10.0.200\Sdks\Microsoft.NET.Sdk\targets\Microsoft.NET.Sdk.targets(220,5): message :       AfterRebuild;
       C:\Program Files\dotnet\sdk\10.0.200\Sdks\Microsoft.NET.Sdk\targets\Microsoft.NET.Sdk.targets(220,5): message :     
       C:\Program Files\dotnet\sdk\10.0.200\Sdks\Microsoft.NET.Sdk\targets\Microsoft.NET.Sdk.targets(220,5): message :     " (предыдущее значение: "
       C:\Program Files\dotnet\sdk\10.0.200\Sdks\Microsoft.NET.Sdk\targets\Microsoft.NET.Sdk.targets(220,5): message :       BeforeRebuild;
       C:\Program Files\dotnet\sdk\10.0.200\Sdks\Microsoft.NET.Sdk\targets\Microsoft.NET.Sdk.targets(220,5): message :       Clean;
       C:\Program Files\dotnet\sdk\10.0.200\Sdks\Microsoft.NET.Sdk\targets\Microsoft.NET.Sdk.targets(220,5): message :       Build;
       C:\Program Files\dotnet\sdk\10.0.200\Sdks\Microsoft.NET.Sdk\targets\Microsoft.NET.Sdk.targets(220,5): message :       AfterRebuild;
       C:\Program Files\dotnet\sdk\10.0.200\Sdks\Microsoft.NET.Sdk\targets\Microsoft.NET.Sdk.targets(220,5): message :     ") для C:\Program Files\dotnet\sdk\10.0.200\Sdks\Microsoft.NET.Sdk\targets\Microsoft.NET.Sdk.targets (220,5)
       C:\Program Files\dotnet\sdk\10.0.200\Sdks\Microsoft.NET.Sdk\targets\Microsoft.NET.Sdk.targets(799,5): message : Повторное назначение свойства: $(CompileDependsOn)="
       C:\Program Files\dotnet\sdk\10.0.200\Sdks\Microsoft.NET.Sdk\targets\Microsoft.NET.Sdk.targets(799,5): message :       
       C:\Program Files\dotnet\sdk\10.0.200\Sdks\Microsoft.NET.Sdk\targets\Microsoft.NET.Sdk.targets(799,5): message :       ResolveReferences;
       C:\Program Files\dotnet\sdk\10.0.200\Sdks\Microsoft.NET.Sdk\targets\Microsoft.NET.Sdk.targets(799,5): message :       ResolveKeySource;
       C:\Program Files\dotnet\sdk\10.0.200\Sdks\Microsoft.NET.Sdk\targets\Microsoft.NET.Sdk.targets(799,5): message :       SetWin32ManifestProperties;
       C:\Program Files\dotnet\sdk\10.0.200\Sdks\Microsoft.NET.Sdk\targets\Microsoft.NET.Sdk.targets(799,5): message :       _SetPreferNativeArm64Win32ManifestProperties;
       C:\Program Files\dotnet\sdk\10.0.200\Sdks\Microsoft.NET.Sdk\targets\Microsoft.NET.Sdk.targets(799,5): message :       FindReferenceAssembliesForReferences;
       C:\Program Files\dotnet\sdk\10.0.200\Sdks\Microsoft.NET.Sdk\targets\Microsoft.NET.Sdk.targets(799,5): message :       _GenerateCompileInputs;
       C:\Program Files\dotnet\sdk\10.0.200\Sdks\Microsoft.NET.Sdk\targets\Microsoft.NET.Sdk.targets(799,5): message :       BeforeCompile;
       C:\Program Files\dotnet\sdk\10.0.200\Sdks\Microsoft.NET.Sdk\targets\Microsoft.NET.Sdk.targets(799,5): message :       _TimeStampBeforeCompile;
       C:\Program Files\dotnet\sdk\10.0.200\Sdks\Microsoft.NET.Sdk\targets\Microsoft.NET.Sdk.targets(799,5): message :       _GenerateCompileDependencyCache;
       C:\Program Files\dotnet\sdk\10.0.200\Sdks\Microsoft.NET.Sdk\targets\Microsoft.NET.Sdk.targets(799,5): message :       CoreCompile;
       C:\Program Files\dotnet\sdk\10.0.200\Sdks\Microsoft.NET.Sdk\targets\Microsoft.NET.Sdk.targets(799,5): message :       _TimeStampAfterCompile;
       C:\Program Files\dotnet\sdk\10.0.200\Sdks\Microsoft.NET.Sdk\targets\Microsoft.NET.Sdk.targets(799,5): message :       AfterCompile;
       C:\Program Files\dotnet\sdk\10.0.200\Sdks\Microsoft.NET.Sdk\targets\Microsoft.NET.Sdk.targets(799,5): message :     ;
       C:\Program Files\dotnet\sdk\10.0.200\Sdks\Microsoft.NET.Sdk\targets\Microsoft.NET.Sdk.targets(799,5): message :       _CreateAppHost;
       C:\Program Files\dotnet\sdk\10.0.200\Sdks\Microsoft.NET.Sdk\targets\Microsoft.NET.Sdk.targets(799,5): message :       _CreateComHost;
       C:\Program Files\dotnet\sdk\10.0.200\Sdks\Microsoft.NET.Sdk\targets\Microsoft.NET.Sdk.targets(799,5): message :       _GetIjwHostPaths;
       C:\Program Files\dotnet\sdk\10.0.200\Sdks\Microsoft.NET.Sdk\targets\Microsoft.NET.Sdk.targets(799,5): message :     " (предыдущее значение: "
       C:\Program Files\dotnet\sdk\10.0.200\Sdks\Microsoft.NET.Sdk\targets\Microsoft.NET.Sdk.targets(799,5): message :       ResolveReferences;
       C:\Program Files\dotnet\sdk\10.0.200\Sdks\Microsoft.NET.Sdk\targets\Microsoft.NET.Sdk.targets(799,5): message :       ResolveKeySource;
       C:\Program Files\dotnet\sdk\10.0.200\Sdks\Microsoft.NET.Sdk\targets\Microsoft.NET.Sdk.targets(799,5): message :       SetWin32ManifestProperties;
       C:\Program Files\dotnet\sdk\10.0.200\Sdks\Microsoft.NET.Sdk\targets\Microsoft.NET.Sdk.targets(799,5): message :       _SetPreferNativeArm64Win32ManifestProperties;
       C:\Program Files\dotnet\sdk\10.0.200\Sdks\Microsoft.NET.Sdk\targets\Microsoft.NET.Sdk.targets(799,5): message :       FindReferenceAssembliesForReferences;
       C:\Program Files\dotnet\sdk\10.0.200\Sdks\Microsoft.NET.Sdk\targets\Microsoft.NET.Sdk.targets(799,5): message :       _GenerateCompileInputs;
       C:\Program Files\dotnet\sdk\10.0.200\Sdks\Microsoft.NET.Sdk\targets\Microsoft.NET.Sdk.targets(799,5): message :       BeforeCompile;
       C:\Program Files\dotnet\sdk\10.0.200\Sdks\Microsoft.NET.Sdk\targets\Microsoft.NET.Sdk.targets(799,5): message :       _TimeStampBeforeCompile;
       C:\Program Files\dotnet\sdk\10.0.200\Sdks\Microsoft.NET.Sdk\targets\Microsoft.NET.Sdk.targets(799,5): message :       _GenerateCompileDependencyCache;
       C:\Program Files\dotnet\sdk\10.0.200\Sdks\Microsoft.NET.Sdk\targets\Microsoft.NET.Sdk.targets(799,5): message :       CoreCompile;
       C:\Program Files\dotnet\sdk\10.0.200\Sdks\Microsoft.NET.Sdk\targets\Microsoft.NET.Sdk.targets(799,5): message :       _TimeStampAfterCompile;
       C:\Program Files\dotnet\sdk\10.0.200\Sdks\Microsoft.NET.Sdk\targets\Microsoft.NET.Sdk.targets(799,5): message :       AfterCompile;
       C:\Program Files\dotnet\sdk\10.0.200\Sdks\Microsoft.NET.Sdk\targets\Microsoft.NET.Sdk.targets(799,5): message :     ") для C:\Program Files\dotnet\sdk\10.0.200\Sdks\Microsoft.NET.Sdk\targets\Microsoft.NET.Sdk.targets (799,5)
       C:\Program Files\dotnet\sdk\10.0.200\Sdks\Microsoft.NET.Sdk\targets\Microsoft.NET.Sdk.targets(1131,5): message : Повторное назначение свойства: $(CreateSatelliteAssembliesDependsOn)="
       C:\Program Files\dotnet\sdk\10.0.200\Sdks\Microsoft.NET.Sdk\targets\Microsoft.NET.Sdk.targets(1131,5): message :       
       C:\Program Files\dotnet\sdk\10.0.200\Sdks\Microsoft.NET.Sdk\targets\Microsoft.NET.Sdk.targets(1131,5): message :       ;
       C:\Program Files\dotnet\sdk\10.0.200\Sdks\Microsoft.NET.Sdk\targets\Microsoft.NET.Sdk.targets(1131,5): message :       _GenerateSatelliteAssemblyInputs;
       C:\Program Files\dotnet\sdk\10.0.200\Sdks\Microsoft.NET.Sdk\targets\Microsoft.NET.Sdk.targets(1131,5): message :       ComputeIntermediateSatelliteAssemblies;
       C:\Program Files\dotnet\sdk\10.0.200\Sdks\Microsoft.NET.Sdk\targets\Microsoft.NET.Sdk.targets(1131,5): message :       GenerateSatelliteAssemblies
       C:\Program Files\dotnet\sdk\10.0.200\Sdks\Microsoft.NET.Sdk\targets\Microsoft.NET.Sdk.targets(1131,5): message :     ;
       C:\Program Files\dotnet\sdk\10.0.200\Sdks\Microsoft.NET.Sdk\targets\Microsoft.NET.Sdk.targets(1131,5): message :       CoreGenerateSatelliteAssemblies
       C:\Program Files\dotnet\sdk\10.0.200\Sdks\Microsoft.NET.Sdk\targets\Microsoft.NET.Sdk.targets(1131,5): message :     " (предыдущее значение: "
       C:\Program Files\dotnet\sdk\10.0.200\Sdks\Microsoft.NET.Sdk\targets\Microsoft.NET.Sdk.targets(1131,5): message :       ;
       C:\Program Files\dotnet\sdk\10.0.200\Sdks\Microsoft.NET.Sdk\targets\Microsoft.NET.Sdk.targets(1131,5): message :       _GenerateSatelliteAssemblyInputs;
       C:\Program Files\dotnet\sdk\10.0.200\Sdks\Microsoft.NET.Sdk\targets\Microsoft.NET.Sdk.targets(1131,5): message :       ComputeIntermediateSatelliteAssemblies;
       C:\Program Files\dotnet\sdk\10.0.200\Sdks\Microsoft.NET.Sdk\targets\Microsoft.NET.Sdk.targets(1131,5): message :       GenerateSatelliteAssemblies
       C:\Program Files\dotnet\sdk\10.0.200\Sdks\Microsoft.NET.Sdk\targets\Microsoft.NET.Sdk.targets(1131,5): message :     ") для C:\Program Files\dotnet\sdk\10.0.200\Sdks\Microsoft.NET.Sdk\targets\Microsoft.NET.Sdk.targets (1131,5)
       C:\Program Files\dotnet\sdk\10.0.200\Sdks\Microsoft.SourceLink.GitLab\build\Microsoft.SourceLink.GitLab.targets(12,5): message : Повторное назначение свойства: $(SourceLinkUrlInitializerTargets)=";_InitializeGitHubSourceLinkUrl;_InitializeGitLabSourceLinkUrl" (предыдущее значение: ";_InitializeGitHubSourceLinkUrl") для C:\Program Files\dotnet\sdk\10.0.200\Sdks\Microsoft.SourceLink.GitLab\build\Microsoft.SourceLink.GitLab.targets (12,5)
       C:\Program Files\dotnet\sdk\10.0.200\Sdks\Microsoft.SourceLink.GitLab\build\Microsoft.SourceLink.GitLab.targets(13,5): message : Повторное назначение свойства: $(SourceControlManagerUrlTranslationTargets)=";TranslateGitHubUrlsInSourceControlInformation;TranslateGitLabUrlsInSourceControlInformation" (предыдущее значение: ";TranslateGitHubUrlsInSourceControlInformation") для C:\Program Files\dotnet\sdk\10.0.200\Sdks\Microsoft.SourceLink.GitLab\build\Microsoft.SourceLink.GitLab.targets (13,5)
       C:\Program Files\dotnet\sdk\10.0.200\Sdks\Microsoft.SourceLink.AzureRepos.Git\build\Microsoft.SourceLink.AzureRepos.Git.targets(12,5): message : Повторное назначение свойства: $(SourceLinkUrlInitializerTargets)=";_InitializeGitHubSourceLinkUrl;_InitializeGitLabSourceLinkUrl;_InitializeAzureReposGitSourceLinkUrl" (предыдущее значение: ";_InitializeGitHubSourceLinkUrl;_InitializeGitLabSourceLinkUrl") для C:\Program Files\dotnet\sdk\10.0.200\Sdks\Microsoft.SourceLink.AzureRepos.Git\build\Microsoft.SourceLink.AzureRepos.Git.targets (12,5)
       C:\Program Files\dotnet\sdk\10.0.200\Sdks\Microsoft.SourceLink.AzureRepos.Git\build\Microsoft.SourceLink.AzureRepos.Git.targets(13,5): message : Повторное назначение свойства: $(SourceControlManagerUrlTranslationTargets)=";TranslateGitHubUrlsInSourceControlInformation;TranslateGitLabUrlsInSourceControlInformation;TranslateAzureReposGitUrlsInSourceControlInformation" (предыдущее значение: ";TranslateGitHubUrlsInSourceControlInformation;TranslateGitLabUrlsInSourceControlInformation") для C:\Program Files\dotnet\sdk\10.0.200\Sdks\Microsoft.SourceLink.AzureRepos.Git\build\Microsoft.SourceLink.AzureRepos.Git.targets (13,5)
       C:\Program Files\dotnet\sdk\10.0.200\Sdks\Microsoft.SourceLink.Bitbucket.Git\build\Microsoft.SourceLink.Bitbucket.Git.targets(12,5): message : Повторное назначение свойства: $(SourceLinkUrlInitializerTargets)=";_InitializeGitHubSourceLinkUrl;_InitializeGitLabSourceLinkUrl;_InitializeAzureReposGitSourceLinkUrl;_InitializeBitbucketGitSourceLinkUrl" (предыдущее значение: ";_InitializeGitHubSourceLinkUrl;_InitializeGitLabSourceLinkUrl;_InitializeAzureReposGitSourceLinkUrl") для C:\Program Files\dotnet\sdk\10.0.200\Sdks\Microsoft.SourceLink.Bitbucket.Git\build\Microsoft.SourceLink.Bitbucket.Git.targets (12,5)
       C:\Program Files\dotnet\sdk\10.0.200\Sdks\Microsoft.SourceLink.Bitbucket.Git\build\Microsoft.SourceLink.Bitbucket.Git.targets(13,5): message : Повторное назначение свойства: $(SourceControlManagerUrlTranslationTargets)=";TranslateGitHubUrlsInSourceControlInformation;TranslateGitLabUrlsInSourceControlInformation;TranslateAzureReposGitUrlsInSourceControlInformation;TranslateBitbucketGitUrlsInSourceControlInformation" (предыдущее значение: ";TranslateGitHubUrlsInSourceControlInformation;TranslateGitLabUrlsInSourceControlInformation;TranslateAzureReposGitUrlsInSourceControlInformation") для C:\Program Files\dotnet\sdk\10.0.200\Sdks\Microsoft.SourceLink.Bitbucket.Git\build\Microsoft.SourceLink.Bitbucket.Git.targets (13,5)
       C:\Program Files\dotnet\sdk\10.0.200\Sdks\Microsoft.NET.Sdk\targets\Microsoft.NET.DesignerSupport.targets(21,5): message : Повторное назначение свойства: $(DesignerRuntimeImplementationProjectOutputGroupDependsOn)="
       C:\Program Files\dotnet\sdk\10.0.200\Sdks\Microsoft.NET.Sdk\targets\Microsoft.NET.DesignerSupport.targets(21,5): message :       
       C:\Program Files\dotnet\sdk\10.0.200\Sdks\Microsoft.NET.Sdk\targets\Microsoft.NET.DesignerSupport.targets(21,5): message :       ;
       C:\Program Files\dotnet\sdk\10.0.200\Sdks\Microsoft.NET.Sdk\targets\Microsoft.NET.DesignerSupport.targets(21,5): message :       
       C:\Program Files\dotnet\sdk\10.0.200\Sdks\Microsoft.NET.Sdk\targets\Microsoft.NET.DesignerSupport.targets(21,5): message :       ;
       C:\Program Files\dotnet\sdk\10.0.200\Sdks\Microsoft.NET.Sdk\targets\Microsoft.NET.DesignerSupport.targets(21,5): message :       BuildOnlySettings;
       C:\Program Files\dotnet\sdk\10.0.200\Sdks\Microsoft.NET.Sdk\targets\Microsoft.NET.DesignerSupport.targets(21,5): message :       PrepareForBuild;
       C:\Program Files\dotnet\sdk\10.0.200\Sdks\Microsoft.NET.Sdk\targets\Microsoft.NET.DesignerSupport.targets(21,5): message :       AssignTargetPaths;
       C:\Program Files\dotnet\sdk\10.0.200\Sdks\Microsoft.NET.Sdk\targets\Microsoft.NET.DesignerSupport.targets(21,5): message :       ResolveReferences
       C:\Program Files\dotnet\sdk\10.0.200\Sdks\Microsoft.NET.Sdk\targets\Microsoft.NET.DesignerSupport.targets(21,5): message :     
       C:\Program Files\dotnet\sdk\10.0.200\Sdks\Microsoft.NET.Sdk\targets\Microsoft.NET.DesignerSupport.targets(21,5): message :     ;
       C:\Program Files\dotnet\sdk\10.0.200\Sdks\Microsoft.NET.Sdk\targets\Microsoft.NET.DesignerSupport.targets(21,5): message :       _GenerateDesignerDepsFile;
       C:\Program Files\dotnet\sdk\10.0.200\Sdks\Microsoft.NET.Sdk\targets\Microsoft.NET.DesignerSupport.targets(21,5): message :       _GenerateDesignerRuntimeConfigFile;
       C:\Program Files\dotnet\sdk\10.0.200\Sdks\Microsoft.NET.Sdk\targets\Microsoft.NET.DesignerSupport.targets(21,5): message :       GetCopyToOutputDirectoryItems;
       C:\Program Files\dotnet\sdk\10.0.200\Sdks\Microsoft.NET.Sdk\targets\Microsoft.NET.DesignerSupport.targets(21,5): message :       _GatherDesignerShadowCopyFiles;
       C:\Program Files\dotnet\sdk\10.0.200\Sdks\Microsoft.NET.Sdk\targets\Microsoft.NET.DesignerSupport.targets(21,5): message :     " (предыдущее значение: "
       C:\Program Files\dotnet\sdk\10.0.200\Sdks\Microsoft.NET.Sdk\targets\Microsoft.NET.DesignerSupport.targets(21,5): message :       ;
       C:\Program Files\dotnet\sdk\10.0.200\Sdks\Microsoft.NET.Sdk\targets\Microsoft.NET.DesignerSupport.targets(21,5): message :       
       C:\Program Files\dotnet\sdk\10.0.200\Sdks\Microsoft.NET.Sdk\targets\Microsoft.NET.DesignerSupport.targets(21,5): message :       ;
       C:\Program Files\dotnet\sdk\10.0.200\Sdks\Microsoft.NET.Sdk\targets\Microsoft.NET.DesignerSupport.targets(21,5): message :       BuildOnlySettings;
       C:\Program Files\dotnet\sdk\10.0.200\Sdks\Microsoft.NET.Sdk\targets\Microsoft.NET.DesignerSupport.targets(21,5): message :       PrepareForBuild;
       C:\Program Files\dotnet\sdk\10.0.200\Sdks\Microsoft.NET.Sdk\targets\Microsoft.NET.DesignerSupport.targets(21,5): message :       AssignTargetPaths;
       C:\Program Files\dotnet\sdk\10.0.200\Sdks\Microsoft.NET.Sdk\targets\Microsoft.NET.DesignerSupport.targets(21,5): message :       ResolveReferences
       C:\Program Files\dotnet\sdk\10.0.200\Sdks\Microsoft.NET.Sdk\targets\Microsoft.NET.DesignerSupport.targets(21,5): message :     
       C:\Program Files\dotnet\sdk\10.0.200\Sdks\Microsoft.NET.Sdk\targets\Microsoft.NET.DesignerSupport.targets(21,5): message :     ") для C:\Program Files\dotnet\sdk\10.0.200\Sdks\Microsoft.NET.Sdk\targets\Microsoft.NET.DesignerSupport.targets (21,5)
       C:\Program Files\dotnet\sdk\10.0.200\Sdks\Microsoft.NET.Sdk\targets\Microsoft.NET.Sdk.CSharp.targets(31,5): message : Повторное назначение свойства: $(DefineConstants)="TRACE;DEBUG" (предыдущее значение: "TRACE") для C:\Program Files\dotnet\sdk\10.0.200\Sdks\Microsoft.NET.Sdk\targets\Microsoft.NET.Sdk.CSharp.targets (31,5)
       C:\Program Files\dotnet\sdk\10.0.200\Sdks\Microsoft.NET.Sdk\targets\Microsoft.NET.Sdk.CSharp.targets(45,5): message : Повторное назначение свойства: $(WarningsAsErrors)=";NU1605;SYSLIB0011" (предыдущее значение: ";NU1605") для C:\Program Files\dotnet\sdk\10.0.200\Sdks\Microsoft.NET.Sdk\targets\Microsoft.NET.Sdk.CSharp.targets (45,5)
       C:\Program Files\dotnet\sdk\10.0.200\Sdks\Microsoft.NET.Sdk\targets\Microsoft.NET.Windows.targets(49,5): message : Повторное назначение свойства: $(TargetPlatformVersion)="7.0" (предыдущее значение: "") для C:\Program Files\dotnet\sdk\10.0.200\Sdks\Microsoft.NET.Sdk\targets\Microsoft.NET.Windows.targets (49,5)
       C:\Program Files\dotnet\sdk\10.0.200\Sdks\Microsoft.NET.Sdk\targets\Microsoft.NET.Windows.targets(50,5): message : Повторное назначение свойства: $(EffectiveTargetPlatformVersion)="7.0" (предыдущее значение: "") для C:\Program Files\dotnet\sdk\10.0.200\Sdks\Microsoft.NET.Sdk\targets\Microsoft.NET.Windows.targets (50,5)
       C:\Program Files\dotnet\sdk\10.0.200\Sdks\Microsoft.NET.Sdk\targets\Microsoft.NET.Windows.targets(60,5): message : Повторное назначение свойства: $(SupportedOSPlatformVersion)="7.0" (предыдущее значение: "") для C:\Program Files\dotnet\sdk\10.0.200\Sdks\Microsoft.NET.Sdk\targets\Microsoft.NET.Windows.targets (60,5)
       C:\Program Files\dotnet\sdk\10.0.200\Sdks\Microsoft.NET.Sdk\targets\Microsoft.NET.Windows.targets(61,5): message : Повторное назначение свойства: $(TargetPlatformMinVersion)="7.0" (предыдущее значение: "") для C:\Program Files\dotnet\sdk\10.0.200\Sdks\Microsoft.NET.Sdk\targets\Microsoft.NET.Windows.targets (61,5)
       C:\Program Files\dotnet\sdk\10.0.200\Sdks\Microsoft.NET.Sdk\targets\Microsoft.NET.Windows.targets(239,5): message : Повторное назначение свойства: $(_RunCsWinRTGeneratorPropertyInputsCachePath)="I:\WEAKEST LINK SOPFTWARE AI TESTERING FINALE\obj\Debug\net10.0-windows\WeakestLink.cswinrtgen.cache" (предыдущее значение: "obj\Debug\net10.0-windows\WeakestLink.cswinrtgen.cache") для C:\Program Files\dotnet\sdk\10.0.200\Sdks\Microsoft.NET.Sdk\targets\Microsoft.NET.Windows.targets (239,5)
       C:\Program Files\dotnet\sdk\10.0.200\Sdks\Microsoft.NET.Sdk\targets\Microsoft.NET.Sdk.targets(1497,5): message : Повторное назначение свойства: $(TargetPlatformDisplayName)="Windows 7.0" (предыдущее значение: "Windows ") для C:\Program Files\dotnet\sdk\10.0.200\Sdks\Microsoft.NET.Sdk\targets\Microsoft.NET.Sdk.targets (1497,5)
       C:\Program Files\dotnet\sdk\10.0.200\Sdks\Microsoft.NET.Sdk.WindowsDesktop\targets\Microsoft.NET.Sdk.WindowsDesktop.targets(51,5): message : Повторное назначение свойства: $(_TargetFrameworkVersionValue)="10.0" (предыдущее значение: "0.0") для C:\Program Files\dotnet\sdk\10.0.200\Sdks\Microsoft.NET.Sdk.WindowsDesktop\targets\Microsoft.NET.Sdk.WindowsDesktop.targets (51,5)
       C:\Program Files\dotnet\sdk\10.0.200\Sdks\Microsoft.NET.Sdk.WindowsDesktop\targets\Microsoft.WinFX.targets(61,7): message : Повторное назначение свойства: $(PrepareResourceNamesDependsOn)="
       C:\Program Files\dotnet\sdk\10.0.200\Sdks\Microsoft.NET.Sdk.WindowsDesktop\targets\Microsoft.WinFX.targets(61,7): message :                     AssignWinFXEmbeddedResource;
       C:\Program Files\dotnet\sdk\10.0.200\Sdks\Microsoft.NET.Sdk.WindowsDesktop\targets\Microsoft.WinFX.targets(61,7): message :                     
       C:\Program Files\dotnet\sdk\10.0.200\Sdks\Microsoft.NET.Sdk.WindowsDesktop\targets\Microsoft.WinFX.targets(61,7): message :       AssignTargetPaths;
       C:\Program Files\dotnet\sdk\10.0.200\Sdks\Microsoft.NET.Sdk.WindowsDesktop\targets\Microsoft.WinFX.targets(61,7): message :       SplitResourcesByCulture;
       C:\Program Files\dotnet\sdk\10.0.200\Sdks\Microsoft.NET.Sdk.WindowsDesktop\targets\Microsoft.WinFX.targets(61,7): message :       CreateManifestResourceNames;
       C:\Program Files\dotnet\sdk\10.0.200\Sdks\Microsoft.NET.Sdk.WindowsDesktop\targets\Microsoft.WinFX.targets(61,7): message :       CreateCustomManifestResourceNames
       C:\Program Files\dotnet\sdk\10.0.200\Sdks\Microsoft.NET.Sdk.WindowsDesktop\targets\Microsoft.WinFX.targets(61,7): message :     
       C:\Program Files\dotnet\sdk\10.0.200\Sdks\Microsoft.NET.Sdk.WindowsDesktop\targets\Microsoft.WinFX.targets(61,7): message :       " (предыдущее значение: "
       C:\Program Files\dotnet\sdk\10.0.200\Sdks\Microsoft.NET.Sdk.WindowsDesktop\targets\Microsoft.WinFX.targets(61,7): message :       AssignTargetPaths;
       C:\Program Files\dotnet\sdk\10.0.200\Sdks\Microsoft.NET.Sdk.WindowsDesktop\targets\Microsoft.WinFX.targets(61,7): message :       SplitResourcesByCulture;
       C:\Program Files\dotnet\sdk\10.0.200\Sdks\Microsoft.NET.Sdk.WindowsDesktop\targets\Microsoft.WinFX.targets(61,7): message :       CreateManifestResourceNames;
       C:\Program Files\dotnet\sdk\10.0.200\Sdks\Microsoft.NET.Sdk.WindowsDesktop\targets\Microsoft.WinFX.targets(61,7): message :       CreateCustomManifestResourceNames
       C:\Program Files\dotnet\sdk\10.0.200\Sdks\Microsoft.NET.Sdk.WindowsDesktop\targets\Microsoft.WinFX.targets(61,7): message :     ") для C:\Program Files\dotnet\sdk\10.0.200\Sdks\Microsoft.NET.Sdk.WindowsDesktop\targets\Microsoft.WinFX.targets (61,7)
       C:\Program Files\dotnet\sdk\10.0.200\Sdks\Microsoft.NET.Sdk.WindowsDesktop\targets\Microsoft.WinFX.targets(69,7): message : Повторное назначение свойства: $(PrepareResourcesDependsOn)="
       C:\Program Files\dotnet\sdk\10.0.200\Sdks\Microsoft.NET.Sdk.WindowsDesktop\targets\Microsoft.WinFX.targets(69,7): message :                 MarkupCompilePass1;
       C:\Program Files\dotnet\sdk\10.0.200\Sdks\Microsoft.NET.Sdk.WindowsDesktop\targets\Microsoft.WinFX.targets(69,7): message :                 AfterMarkupCompilePass1;
       C:\Program Files\dotnet\sdk\10.0.200\Sdks\Microsoft.NET.Sdk.WindowsDesktop\targets\Microsoft.WinFX.targets(69,7): message :                 MarkupCompilePass2ForMainAssembly;
       C:\Program Files\dotnet\sdk\10.0.200\Sdks\Microsoft.NET.Sdk.WindowsDesktop\targets\Microsoft.WinFX.targets(69,7): message :                 FileClassification;
       C:\Program Files\dotnet\sdk\10.0.200\Sdks\Microsoft.NET.Sdk.WindowsDesktop\targets\Microsoft.WinFX.targets(69,7): message :                 MainResourcesGeneration;
       C:\Program Files\dotnet\sdk\10.0.200\Sdks\Microsoft.NET.Sdk.WindowsDesktop\targets\Microsoft.WinFX.targets(69,7): message :                 
       C:\Program Files\dotnet\sdk\10.0.200\Sdks\Microsoft.NET.Sdk.WindowsDesktop\targets\Microsoft.WinFX.targets(69,7): message :       ResolvePackageDependenciesForBuild;
       C:\Program Files\dotnet\sdk\10.0.200\Sdks\Microsoft.NET.Sdk.WindowsDesktop\targets\Microsoft.WinFX.targets(69,7): message :       _HandlePackageFileConflicts;
       C:\Program Files\dotnet\sdk\10.0.200\Sdks\Microsoft.NET.Sdk.WindowsDesktop\targets\Microsoft.WinFX.targets(69,7): message :       
       C:\Program Files\dotnet\sdk\10.0.200\Sdks\Microsoft.NET.Sdk.WindowsDesktop\targets\Microsoft.WinFX.targets(69,7): message :       ;
       C:\Program Files\dotnet\sdk\10.0.200\Sdks\Microsoft.NET.Sdk.WindowsDesktop\targets\Microsoft.WinFX.targets(69,7): message :       PrepareResourceNames;
       C:\Program Files\dotnet\sdk\10.0.200\Sdks\Microsoft.NET.Sdk.WindowsDesktop\targets\Microsoft.WinFX.targets(69,7): message :       ResGen;
       C:\Program Files\dotnet\sdk\10.0.200\Sdks\Microsoft.NET.Sdk.WindowsDesktop\targets\Microsoft.WinFX.targets(69,7): message :       CompileLicxFiles
       C:\Program Files\dotnet\sdk\10.0.200\Sdks\Microsoft.NET.Sdk.WindowsDesktop\targets\Microsoft.WinFX.targets(69,7): message :     
       C:\Program Files\dotnet\sdk\10.0.200\Sdks\Microsoft.NET.Sdk.WindowsDesktop\targets\Microsoft.WinFX.targets(69,7): message :     
       C:\Program Files\dotnet\sdk\10.0.200\Sdks\Microsoft.NET.Sdk.WindowsDesktop\targets\Microsoft.WinFX.targets(69,7): message :       " (предыдущее значение: "
       C:\Program Files\dotnet\sdk\10.0.200\Sdks\Microsoft.NET.Sdk.WindowsDesktop\targets\Microsoft.WinFX.targets(69,7): message :       ResolvePackageDependenciesForBuild;
       C:\Program Files\dotnet\sdk\10.0.200\Sdks\Microsoft.NET.Sdk.WindowsDesktop\targets\Microsoft.WinFX.targets(69,7): message :       _HandlePackageFileConflicts;
       C:\Program Files\dotnet\sdk\10.0.200\Sdks\Microsoft.NET.Sdk.WindowsDesktop\targets\Microsoft.WinFX.targets(69,7): message :       
       C:\Program Files\dotnet\sdk\10.0.200\Sdks\Microsoft.NET.Sdk.WindowsDesktop\targets\Microsoft.WinFX.targets(69,7): message :       ;
       C:\Program Files\dotnet\sdk\10.0.200\Sdks\Microsoft.NET.Sdk.WindowsDesktop\targets\Microsoft.WinFX.targets(69,7): message :       PrepareResourceNames;
       C:\Program Files\dotnet\sdk\10.0.200\Sdks\Microsoft.NET.Sdk.WindowsDesktop\targets\Microsoft.WinFX.targets(69,7): message :       ResGen;
       C:\Program Files\dotnet\sdk\10.0.200\Sdks\Microsoft.NET.Sdk.WindowsDesktop\targets\Microsoft.WinFX.targets(69,7): message :       CompileLicxFiles
       C:\Program Files\dotnet\sdk\10.0.200\Sdks\Microsoft.NET.Sdk.WindowsDesktop\targets\Microsoft.WinFX.targets(69,7): message :     
       C:\Program Files\dotnet\sdk\10.0.200\Sdks\Microsoft.NET.Sdk.WindowsDesktop\targets\Microsoft.WinFX.targets(69,7): message :     ") для C:\Program Files\dotnet\sdk\10.0.200\Sdks\Microsoft.NET.Sdk.WindowsDesktop\targets\Microsoft.WinFX.targets (69,7)
       C:\Program Files\dotnet\sdk\10.0.200\Sdks\Microsoft.NET.Sdk.WindowsDesktop\targets\Microsoft.WinFX.targets(136,5): message : Повторное назначение свойства: $(CompileDependsOn)="
       C:\Program Files\dotnet\sdk\10.0.200\Sdks\Microsoft.NET.Sdk.WindowsDesktop\targets\Microsoft.WinFX.targets(136,5): message :         
       C:\Program Files\dotnet\sdk\10.0.200\Sdks\Microsoft.NET.Sdk.WindowsDesktop\targets\Microsoft.WinFX.targets(136,5): message :       
       C:\Program Files\dotnet\sdk\10.0.200\Sdks\Microsoft.NET.Sdk.WindowsDesktop\targets\Microsoft.WinFX.targets(136,5): message :       ResolveReferences;
       C:\Program Files\dotnet\sdk\10.0.200\Sdks\Microsoft.NET.Sdk.WindowsDesktop\targets\Microsoft.WinFX.targets(136,5): message :       ResolveKeySource;
       C:\Program Files\dotnet\sdk\10.0.200\Sdks\Microsoft.NET.Sdk.WindowsDesktop\targets\Microsoft.WinFX.targets(136,5): message :       SetWin32ManifestProperties;
       C:\Program Files\dotnet\sdk\10.0.200\Sdks\Microsoft.NET.Sdk.WindowsDesktop\targets\Microsoft.WinFX.targets(136,5): message :       _SetPreferNativeArm64Win32ManifestProperties;
       C:\Program Files\dotnet\sdk\10.0.200\Sdks\Microsoft.NET.Sdk.WindowsDesktop\targets\Microsoft.WinFX.targets(136,5): message :       FindReferenceAssembliesForReferences;
       C:\Program Files\dotnet\sdk\10.0.200\Sdks\Microsoft.NET.Sdk.WindowsDesktop\targets\Microsoft.WinFX.targets(136,5): message :       _GenerateCompileInputs;
       C:\Program Files\dotnet\sdk\10.0.200\Sdks\Microsoft.NET.Sdk.WindowsDesktop\targets\Microsoft.WinFX.targets(136,5): message :       BeforeCompile;
       C:\Program Files\dotnet\sdk\10.0.200\Sdks\Microsoft.NET.Sdk.WindowsDesktop\targets\Microsoft.WinFX.targets(136,5): message :       _TimeStampBeforeCompile;
       C:\Program Files\dotnet\sdk\10.0.200\Sdks\Microsoft.NET.Sdk.WindowsDesktop\targets\Microsoft.WinFX.targets(136,5): message :       _GenerateCompileDependencyCache;
       C:\Program Files\dotnet\sdk\10.0.200\Sdks\Microsoft.NET.Sdk.WindowsDesktop\targets\Microsoft.WinFX.targets(136,5): message :       CoreCompile;
       C:\Program Files\dotnet\sdk\10.0.200\Sdks\Microsoft.NET.Sdk.WindowsDesktop\targets\Microsoft.WinFX.targets(136,5): message :       _TimeStampAfterCompile;
       C:\Program Files\dotnet\sdk\10.0.200\Sdks\Microsoft.NET.Sdk.WindowsDesktop\targets\Microsoft.WinFX.targets(136,5): message :       AfterCompile;
       C:\Program Files\dotnet\sdk\10.0.200\Sdks\Microsoft.NET.Sdk.WindowsDesktop\targets\Microsoft.WinFX.targets(136,5): message :     ;
       C:\Program Files\dotnet\sdk\10.0.200\Sdks\Microsoft.NET.Sdk.WindowsDesktop\targets\Microsoft.WinFX.targets(136,5): message :       _CreateAppHost;
       C:\Program Files\dotnet\sdk\10.0.200\Sdks\Microsoft.NET.Sdk.WindowsDesktop\targets\Microsoft.WinFX.targets(136,5): message :       _CreateComHost;
       C:\Program Files\dotnet\sdk\10.0.200\Sdks\Microsoft.NET.Sdk.WindowsDesktop\targets\Microsoft.WinFX.targets(136,5): message :       _GetIjwHostPaths;
       C:\Program Files\dotnet\sdk\10.0.200\Sdks\Microsoft.NET.Sdk.WindowsDesktop\targets\Microsoft.WinFX.targets(136,5): message :     ;
       C:\Program Files\dotnet\sdk\10.0.200\Sdks\Microsoft.NET.Sdk.WindowsDesktop\targets\Microsoft.WinFX.targets(136,5): message :         _AfterCompileWinFXInternal
       C:\Program Files\dotnet\sdk\10.0.200\Sdks\Microsoft.NET.Sdk.WindowsDesktop\targets\Microsoft.WinFX.targets(136,5): message :     " (предыдущее значение: "
       C:\Program Files\dotnet\sdk\10.0.200\Sdks\Microsoft.NET.Sdk.WindowsDesktop\targets\Microsoft.WinFX.targets(136,5): message :       
       C:\Program Files\dotnet\sdk\10.0.200\Sdks\Microsoft.NET.Sdk.WindowsDesktop\targets\Microsoft.WinFX.targets(136,5): message :       ResolveReferences;
       C:\Program Files\dotnet\sdk\10.0.200\Sdks\Microsoft.NET.Sdk.WindowsDesktop\targets\Microsoft.WinFX.targets(136,5): message :       ResolveKeySource;
       C:\Program Files\dotnet\sdk\10.0.200\Sdks\Microsoft.NET.Sdk.WindowsDesktop\targets\Microsoft.WinFX.targets(136,5): message :       SetWin32ManifestProperties;
       C:\Program Files\dotnet\sdk\10.0.200\Sdks\Microsoft.NET.Sdk.WindowsDesktop\targets\Microsoft.WinFX.targets(136,5): message :       _SetPreferNativeArm64Win32ManifestProperties;
       C:\Program Files\dotnet\sdk\10.0.200\Sdks\Microsoft.NET.Sdk.WindowsDesktop\targets\Microsoft.WinFX.targets(136,5): message :       FindReferenceAssembliesForReferences;
       C:\Program Files\dotnet\sdk\10.0.200\Sdks\Microsoft.NET.Sdk.WindowsDesktop\targets\Microsoft.WinFX.targets(136,5): message :       _GenerateCompileInputs;
       C:\Program Files\dotnet\sdk\10.0.200\Sdks\Microsoft.NET.Sdk.WindowsDesktop\targets\Microsoft.WinFX.targets(136,5): message :       BeforeCompile;
       C:\Program Files\dotnet\sdk\10.0.200\Sdks\Microsoft.NET.Sdk.WindowsDesktop\targets\Microsoft.WinFX.targets(136,5): message :       _TimeStampBeforeCompile;
       C:\Program Files\dotnet\sdk\10.0.200\Sdks\Microsoft.NET.Sdk.WindowsDesktop\targets\Microsoft.WinFX.targets(136,5): message :       _GenerateCompileDependencyCache;
       C:\Program Files\dotnet\sdk\10.0.200\Sdks\Microsoft.NET.Sdk.WindowsDesktop\targets\Microsoft.WinFX.targets(136,5): message :       CoreCompile;
       C:\Program Files\dotnet\sdk\10.0.200\Sdks\Microsoft.NET.Sdk.WindowsDesktop\targets\Microsoft.WinFX.targets(136,5): message :       _TimeStampAfterCompile;
       C:\Program Files\dotnet\sdk\10.0.200\Sdks\Microsoft.NET.Sdk.WindowsDesktop\targets\Microsoft.WinFX.targets(136,5): message :       AfterCompile;
       C:\Program Files\dotnet\sdk\10.0.200\Sdks\Microsoft.NET.Sdk.WindowsDesktop\targets\Microsoft.WinFX.targets(136,5): message :     ;
       C:\Program Files\dotnet\sdk\10.0.200\Sdks\Microsoft.NET.Sdk.WindowsDesktop\targets\Microsoft.WinFX.targets(136,5): message :       _CreateAppHost;
       C:\Program Files\dotnet\sdk\10.0.200\Sdks\Microsoft.NET.Sdk.WindowsDesktop\targets\Microsoft.WinFX.targets(136,5): message :       _CreateComHost;
       C:\Program Files\dotnet\sdk\10.0.200\Sdks\Microsoft.NET.Sdk.WindowsDesktop\targets\Microsoft.WinFX.targets(136,5): message :       _GetIjwHostPaths;
       C:\Program Files\dotnet\sdk\10.0.200\Sdks\Microsoft.NET.Sdk.WindowsDesktop\targets\Microsoft.WinFX.targets(136,5): message :     ") для C:\Program Files\dotnet\sdk\10.0.200\Sdks\Microsoft.NET.Sdk.WindowsDesktop\targets\Microsoft.WinFX.targets (136,5)
       C:\Program Files\dotnet\sdk\10.0.200\Sdks\Microsoft.NET.Sdk.WindowsDesktop\targets\Microsoft.WinFX.targets(803,9): message : Повторное назначение свойства: $(PublishBuildDependsOn)="
       C:\Program Files\dotnet\sdk\10.0.200\Sdks\Microsoft.NET.Sdk.WindowsDesktop\targets\Microsoft.WinFX.targets(803,9): message :             BuildOnlySettings;
       C:\Program Files\dotnet\sdk\10.0.200\Sdks\Microsoft.NET.Sdk.WindowsDesktop\targets\Microsoft.WinFX.targets(803,9): message :             PrepareForBuild;
       C:\Program Files\dotnet\sdk\10.0.200\Sdks\Microsoft.NET.Sdk.WindowsDesktop\targets\Microsoft.WinFX.targets(803,9): message :             ResolveReferences;
       C:\Program Files\dotnet\sdk\10.0.200\Sdks\Microsoft.NET.Sdk.WindowsDesktop\targets\Microsoft.WinFX.targets(803,9): message :             PrepareResources;
       C:\Program Files\dotnet\sdk\10.0.200\Sdks\Microsoft.NET.Sdk.WindowsDesktop\targets\Microsoft.WinFX.targets(803,9): message :             ResolveKeySource;
       C:\Program Files\dotnet\sdk\10.0.200\Sdks\Microsoft.NET.Sdk.WindowsDesktop\targets\Microsoft.WinFX.targets(803,9): message :             PrepareResourcesForSatelliteAssemblies;
       C:\Program Files\dotnet\sdk\10.0.200\Sdks\Microsoft.NET.Sdk.WindowsDesktop\targets\Microsoft.WinFX.targets(803,9): message :             GenerateSerializationAssemblies;
       C:\Program Files\dotnet\sdk\10.0.200\Sdks\Microsoft.NET.Sdk.WindowsDesktop\targets\Microsoft.WinFX.targets(803,9): message :             CreateSatelliteAssemblies;
       C:\Program Files\dotnet\sdk\10.0.200\Sdks\Microsoft.NET.Sdk.WindowsDesktop\targets\Microsoft.WinFX.targets(803,9): message :         " (предыдущее значение: "
       C:\Program Files\dotnet\sdk\10.0.200\Sdks\Microsoft.NET.Sdk.WindowsDesktop\targets\Microsoft.WinFX.targets(803,9): message :       BuildOnlySettings;
       C:\Program Files\dotnet\sdk\10.0.200\Sdks\Microsoft.NET.Sdk.WindowsDesktop\targets\Microsoft.WinFX.targets(803,9): message :       PrepareForBuild;
       C:\Program Files\dotnet\sdk\10.0.200\Sdks\Microsoft.NET.Sdk.WindowsDesktop\targets\Microsoft.WinFX.targets(803,9): message :       ResolveReferences;
       C:\Program Files\dotnet\sdk\10.0.200\Sdks\Microsoft.NET.Sdk.WindowsDesktop\targets\Microsoft.WinFX.targets(803,9): message :       PrepareResources;
       C:\Program Files\dotnet\sdk\10.0.200\Sdks\Microsoft.NET.Sdk.WindowsDesktop\targets\Microsoft.WinFX.targets(803,9): message :       ResolveKeySource;
       C:\Program Files\dotnet\sdk\10.0.200\Sdks\Microsoft.NET.Sdk.WindowsDesktop\targets\Microsoft.WinFX.targets(803,9): message :       GenerateSerializationAssemblies;
       C:\Program Files\dotnet\sdk\10.0.200\Sdks\Microsoft.NET.Sdk.WindowsDesktop\targets\Microsoft.WinFX.targets(803,9): message :       CreateSatelliteAssemblies;
       C:\Program Files\dotnet\sdk\10.0.200\Sdks\Microsoft.NET.Sdk.WindowsDesktop\targets\Microsoft.WinFX.targets(803,9): message :     ") для C:\Program Files\dotnet\sdk\10.0.200\Sdks\Microsoft.NET.Sdk.WindowsDesktop\targets\Microsoft.WinFX.targets (803,9)
       C:\Program Files\dotnet\sdk\10.0.200\NuGet.Build.Tasks.Pack.targets(34,5): message : Повторное назначение свойства: $(PackageDescription)="Package Description" (предыдущее значение: "") для C:\Program Files\dotnet\sdk\10.0.200\NuGet.Build.Tasks.Pack.targets (34,5)
       C:\Program Files\dotnet\sdk\10.0.200\NuGet.Build.Tasks.Pack.targets(59,5): message : Повторное назначение свойства: $(GenerateNuspecDependsOn)="Build;_LoadPackInputItems; _GetTargetFrameworksOutput; _WalkEachTargetPerFramework; _GetPackageFiles; " (предыдущее значение: "_LoadPackInputItems; _GetTargetFrameworksOutput; _WalkEachTargetPerFramework; _GetPackageFiles; ") для C:\Program Files\dotnet\sdk\10.0.200\NuGet.Build.Tasks.Pack.targets (59,5)
       C:\Program Files\dotnet\sdk\10.0.200\Sdks\Microsoft.NET.Sdk\Sdk\Sdk.targets(59,5): message : Повторное назначение свойства: $(_IsNotSetContainersTargetsDir)="true" (предыдущее значение: "false") для C:\Program Files\dotnet\sdk\10.0.200\Sdks\Microsoft.NET.Sdk\Sdk\Sdk.targets (59,5)
       C:\Program Files\dotnet\sdk\10.0.200\Containers\build\Microsoft.NET.Build.Containers.targets(5,5): message : Повторное назначение свойства: $(_IsSDKContainerAllowedVersion)="true" (предыдущее значение: "false") для C:\Program Files\dotnet\sdk\10.0.200\Containers\build\Microsoft.NET.Build.Containers.targets (5,5)
       C:\Program Files\dotnet\sdk\10.0.200\Containers\build\Microsoft.NET.Build.Containers.targets(15,5): message : Повторное назначение свойства: $(_ContainerIsTargetingNet8TFM)="true" (предыдущее значение: "false") для C:\Program Files\dotnet\sdk\10.0.200\Containers\build\Microsoft.NET.Build.Containers.targets (15,5)
       Переопределение целевого объекта "ResolveFrameworkReferences" в проекте "C:\Program Files\dotnet\sdk\10.0.200\Microsoft.Common.CurrentVersion.targets" целевым объект "ResolveFrameworkReferences" из проекта "C:\Program Files\dotnet\sdk\10.0.200\Sdks\Microsoft.NET.Sdk\targets\Microsoft.NET.Sdk.FrameworkReferenceResolution.targets".
       Переопределение целевого объекта "GenerateSupportedTargetFrameworkAlias" в проекте "C:\Program Files\dotnet\sdk\10.0.200\Microsoft.Common.CurrentVersion.targets" целевым объект "GenerateSupportedTargetFrameworkAlias" из проекта "C:\Program Files\dotnet\sdk\10.0.200\Sdks\Microsoft.NET.Sdk\targets\Microsoft.NET.Sdk.targets".
       Переопределение целевого объекта "GetReferenceAssemblyPaths" в проекте "C:\Program Files\dotnet\sdk\10.0.200\Microsoft.Common.CurrentVersion.targets" целевым объект "GetReferenceAssemblyPaths" из проекта "C:\Program Files\dotnet\sdk\10.0.200\Sdks\Microsoft.NET.Sdk\targets\Microsoft.NET.DisableStandardFrameworkResolution.targets".
       Переопределение целевого объекта "GetFrameworkPaths" в проекте "C:\Program Files\dotnet\sdk\10.0.200\Microsoft.Common.CurrentVersion.targets" целевым объект "GetFrameworkPaths" из проекта "C:\Program Files\dotnet\sdk\10.0.200\Sdks\Microsoft.NET.Sdk\targets\Microsoft.NET.DisableStandardFrameworkResolution.targets".
       Переопределение целевого объекта "DesignerRuntimeImplementationProjectOutputGroup" в проекте "C:\Program Files\dotnet\sdk\10.0.200\Microsoft.Common.CurrentVersion.targets" целевым объект "DesignerRuntimeImplementationProjectOutputGroup" из проекта "C:\Program Files\dotnet\sdk\10.0.200\Sdks\Microsoft.NET.Sdk\targets\Microsoft.NET.DesignerSupport.targets".
       Переопределение целевого объекта "Publish" в проекте "C:\Program Files\dotnet\sdk\10.0.200\Microsoft.Common.CurrentVersion.targets" целевым объект "Publish" из проекта "C:\Program Files\dotnet\sdk\10.0.200\Sdks\Microsoft.NET.Sdk\targets\Microsoft.NET.Publish.targets".
       Переопределение целевого объекта "ResolveReadyToRunCompilers" в проекте "C:\Program Files\dotnet\sdk\10.0.200\Sdks\Microsoft.NET.Sdk\targets\Microsoft.NET.CrossGen.targets" целевым объект "ResolveReadyToRunCompilers" из проекта "C:\Program Files\dotnet\sdk\10.0.200\Sdks\Microsoft.NET.Sdk\targets\Microsoft.NET.Publish.targets".
       Переопределение целевого объекта "GetCopyToPublishDirectoryItems" в проекте "C:\Program Files\dotnet\sdk\10.0.200\Microsoft.Common.CurrentVersion.targets" целевым объект "GetCopyToPublishDirectoryItems" из проекта "C:\Program Files\dotnet\sdk\10.0.200\Sdks\Microsoft.NET.Sdk\targets\Microsoft.NET.Publish.targets".
       Переопределение целевого объекта "Run" в проекте "C:\Program Files\dotnet\sdk\10.0.200\Microsoft.Common.CurrentVersion.targets" целевым объект "Run" из проекта "C:\Program Files\dotnet\sdk\10.0.200\Sdks\Microsoft.NET.Sdk\targets\Microsoft.NET.Sdk.targets".
       Переопределение целевого объекта "SatelliteDllsProjectOutputGroup" в проекте "C:\Program Files\dotnet\sdk\10.0.200\Microsoft.Common.CurrentVersion.targets" целевым объект "SatelliteDllsProjectOutputGroup" из проекта "C:\Program Files\dotnet\sdk\10.0.200\Sdks\Microsoft.NET.Sdk.WindowsDesktop\targets\Microsoft.WinFX.targets".
   1:7>Проект "I:\WEAKEST LINK SOPFTWARE AI TESTERING FINALE\WeakestLink.csproj" в узле 1 (целевые объекты по умолчанию).
   1:7>Целевой объект "_CollectTargetFrameworkForTelemetry" в файле "C:\Program Files\dotnet\sdk\10.0.200\Sdks\Microsoft.NET.Sdk\targets\Microsoft.NET.TargetFrameworkInference.targets" из проекта "I:\WEAKEST LINK SOPFTWARE AI TESTERING FINALE\WeakestLink.csproj" (целевой объект "_CheckForInvalidConfigurationAndPlatform" зависит от него):
   1:7>Используется задача "AllowEmptyTelemetry" из сборки "C:\Program Files\dotnet\sdk\10.0.200\Sdks\Microsoft.NET.Sdk\targets\..\tools\net10.0\Microsoft.NET.Build.Tasks.dll".
       Задача "AllowEmptyTelemetry"
       Выполнение задачи "AllowEmptyTelemetry" завершено.
   1:7>Сборка целевого объекта "_CollectTargetFrameworkForTelemetry" в проекте "WeakestLink.csproj" завершена.
   1:7>Целевой объект "_CheckForUnsupportedTargetPlatformIdentifier" в файле "C:\Program Files\dotnet\sdk\10.0.200\Sdks\Microsoft.NET.Sdk\targets\Microsoft.NET.TargetFrameworkInference.targets" из проекта "I:\WEAKEST LINK SOPFTWARE AI TESTERING FINALE\WeakestLink.csproj" (целевой объект "_CheckForInvalidConfigurationAndPlatform" зависит от него):
   1:7>Сборка целевого объекта "_CheckForUnsupportedTargetPlatformIdentifier" в проекте "WeakestLink.csproj" завершена.
   1:7>Целевой объект "_CheckForUnsupportedNETCoreVersion" в файле "C:\Program Files\dotnet\sdk\10.0.200\Sdks\Microsoft.NET.Sdk\targets\Microsoft.NET.TargetFrameworkInference.targets" из проекта "I:\WEAKEST LINK SOPFTWARE AI TESTERING FINALE\WeakestLink.csproj" (целевой объект "_CheckForInvalidConfigurationAndPlatform" зависит от него):
   1:7>Сборка целевого объекта "_CheckForUnsupportedNETCoreVersion" в проекте "WeakestLink.csproj" завершена.
   1:7>Целевой объект "_CheckForUnsupportedCppNETCoreVersion" в файле "C:\Program Files\dotnet\sdk\10.0.200\Sdks\Microsoft.NET.Sdk\targets\Microsoft.NET.TargetFrameworkInference.targets" из проекта "I:\WEAKEST LINK SOPFTWARE AI TESTERING FINALE\WeakestLink.csproj" (целевой объект "_CheckForInvalidConfigurationAndPlatform" зависит от него):
   1:7>Сборка целевого объекта "_CheckForUnsupportedCppNETCoreVersion" в проекте "WeakestLink.csproj" завершена.
   1:7>Целевой объект "_CheckForSupportedOSPlatformVersionHigherThanTargetPlatformVersion" в файле "C:\Program Files\dotnet\sdk\10.0.200\Sdks\Microsoft.NET.Sdk\targets\Microsoft.NET.TargetFrameworkInference.targets" из проекта "I:\WEAKEST LINK SOPFTWARE AI TESTERING FINALE\WeakestLink.csproj" (целевой объект "_CheckForInvalidConfigurationAndPlatform" зависит от него):
   1:7>Сборка целевого объекта "_CheckForSupportedOSPlatformVersionHigherThanTargetPlatformVersion" в проекте "WeakestLink.csproj" завершена.
   1:7>Целевой объект "_NormalizeTargetPlatformVersion" в файле "C:\Program Files\dotnet\sdk\10.0.200\Sdks\Microsoft.NET.Sdk\targets\Microsoft.NET.TargetFrameworkInference.targets" из проекта "I:\WEAKEST LINK SOPFTWARE AI TESTERING FINALE\WeakestLink.csproj" (целевой объект "_CheckForInvalidTargetPlatformVersion" зависит от него):
   1:7>Сборка целевого объекта "_NormalizeTargetPlatformVersion" в проекте "WeakestLink.csproj" завершена.
   1:7>Целевой объект "_CheckForInvalidTargetPlatformVersion" в файле "C:\Program Files\dotnet\sdk\10.0.200\Sdks\Microsoft.NET.Sdk\targets\Microsoft.NET.TargetFrameworkInference.targets" из проекта "I:\WEAKEST LINK SOPFTWARE AI TESTERING FINALE\WeakestLink.csproj" (целевой объект "_CheckForInvalidConfigurationAndPlatform" зависит от него):
   1:7>Сборка целевого объекта "_CheckForInvalidTargetPlatformVersion" в проекте "WeakestLink.csproj" завершена.
   1:7>Целевой объект "_CheckForUnsupportedArtifactsPath" в файле "C:\Program Files\dotnet\sdk\10.0.200\Sdks\Microsoft.NET.Sdk\targets\Microsoft.NET.DefaultOutputPaths.targets" из проекта "I:\WEAKEST LINK SOPFTWARE AI TESTERING FINALE\WeakestLink.csproj" (целевой объект "_CheckForInvalidConfigurationAndPlatform" зависит от него):
   1:7>Сборка целевого объекта "_CheckForUnsupportedArtifactsPath" в проекте "WeakestLink.csproj" завершена.
   1:7>Целевой объект "_CheckRIDAsserts" в файле "C:\Program Files\dotnet\sdk\10.0.200\Sdks\Microsoft.NET.Sdk\targets\Microsoft.NET.RuntimeIdentifierInference.targets" из проекта "I:\WEAKEST LINK SOPFTWARE AI TESTERING FINALE\WeakestLink.csproj" (целевой объект "_CheckForUnsupportedAppHostUsage" зависит от него):
   1:7>Сборка целевого объекта "_CheckRIDAsserts" в проекте "WeakestLink.csproj" завершена.
   1:7>Целевой объект "_CheckForUnsupportedAppHostUsage" в файле "C:\Program Files\dotnet\sdk\10.0.200\Sdks\Microsoft.NET.Sdk\targets\Microsoft.NET.RuntimeIdentifierInference.targets" из проекта "I:\WEAKEST LINK SOPFTWARE AI TESTERING FINALE\WeakestLink.csproj" (целевой объект "_CheckForInvalidConfigurationAndPlatform" зависит от него):
   1:7>Сборка целевого объекта "_CheckForUnsupportedAppHostUsage" в проекте "WeakestLink.csproj" завершена.
   1:7>Целевой объект "_CheckForUnsupportedHostingUsage" в файле "C:\Program Files\dotnet\sdk\10.0.200\Sdks\Microsoft.NET.Sdk\targets\Microsoft.NET.RuntimeIdentifierInference.targets" из проекта "I:\WEAKEST LINK SOPFTWARE AI TESTERING FINALE\WeakestLink.csproj" (целевой объект "_CheckForInvalidConfigurationAndPlatform" зависит от него):
   1:7>Сборка целевого объекта "_CheckForUnsupportedHostingUsage" в проекте "WeakestLink.csproj" завершена.
   1:7>Целевой объект "_CheckAndUnsetUnsupportedPrefer32Bit" в файле "C:\Program Files\dotnet\sdk\10.0.200\Sdks\Microsoft.NET.Sdk\targets\Microsoft.NET.RuntimeIdentifierInference.targets" из проекта "I:\WEAKEST LINK SOPFTWARE AI TESTERING FINALE\WeakestLink.csproj" (целевой объект "_CheckForInvalidConfigurationAndPlatform" зависит от него):
   1:7>Сборка целевого объекта "_CheckAndUnsetUnsupportedPrefer32Bit" в проекте "WeakestLink.csproj" завершена.
   1:7>Целевой объект "_CheckForLanguageAndFeatureCombinationSupport" в файле "C:\Program Files\dotnet\sdk\10.0.200\Sdks\Microsoft.NET.Sdk\targets\Microsoft.NET.RuntimeIdentifierInference.targets" из проекта "I:\WEAKEST LINK SOPFTWARE AI TESTERING FINALE\WeakestLink.csproj" (целевой объект "_CheckForInvalidConfigurationAndPlatform" зависит от него):
   1:7>Сборка целевого объекта "_CheckForLanguageAndFeatureCombinationSupport" в проекте "WeakestLink.csproj" завершена.
   1:7>Целевой объект "UpdateAspNetToFrameworkReference" в файле "C:\Program Files\dotnet\sdk\10.0.200\Sdks\Microsoft.NET.Sdk\targets\Microsoft.NET.Sdk.DefaultItems.Shared.targets" из проекта "I:\WEAKEST LINK SOPFTWARE AI TESTERING FINALE\WeakestLink.csproj" (целевой объект "ApplyImplicitVersions" зависит от него):
       Используется задача "CheckIfPackageReferenceShouldBeFrameworkReference" из сборки "C:\Program Files\dotnet\sdk\10.0.200\Sdks\Microsoft.NET.Sdk\targets\..\tools\net10.0\Microsoft.NET.Build.Tasks.dll".
       Задача "CheckIfPackageReferenceShouldBeFrameworkReference"
       Выполнение задачи "CheckIfPackageReferenceShouldBeFrameworkReference" завершено.
       Задача "CheckIfPackageReferenceShouldBeFrameworkReference"
       Выполнение задачи "CheckIfPackageReferenceShouldBeFrameworkReference" завершено.
   1:7>Сборка целевого объекта "UpdateAspNetToFrameworkReference" в проекте "WeakestLink.csproj" завершена.
   1:7>Целевой объект "CheckForImplicitPackageReferenceOverrides" в файле "C:\Program Files\dotnet\sdk\10.0.200\Sdks\Microsoft.NET.Sdk\targets\Microsoft.NET.Sdk.DefaultItems.Shared.targets" из проекта "I:\WEAKEST LINK SOPFTWARE AI TESTERING FINALE\WeakestLink.csproj" (целевой объект "ApplyImplicitVersions" зависит от него):
       Используется задача "CheckForImplicitPackageReferenceOverrides" из сборки "C:\Program Files\dotnet\sdk\10.0.200\Sdks\Microsoft.NET.Sdk\targets\..\tools\net10.0\Microsoft.NET.Build.Tasks.dll".
       Задача "CheckForImplicitPackageReferenceOverrides"
       Выполнение задачи "CheckForImplicitPackageReferenceOverrides" завершено.
   1:7>Сборка целевого объекта "CheckForImplicitPackageReferenceOverrides" в проекте "WeakestLink.csproj" завершена.
   1:7>Целевой объект "ApplyImplicitVersions" в файле "C:\Program Files\dotnet\sdk\10.0.200\Sdks\Microsoft.NET.Sdk\targets\Microsoft.NET.Sdk.DefaultItems.Shared.targets" из проекта "I:\WEAKEST LINK SOPFTWARE AI TESTERING FINALE\WeakestLink.csproj" (целевой объект "CollectPackageReferences" зависит от него):
       Используется задача "ApplyImplicitVersions" из сборки "C:\Program Files\dotnet\sdk\10.0.200\Sdks\Microsoft.NET.Sdk\targets\..\tools\net10.0\Microsoft.NET.Build.Tasks.dll".
       Задача "ApplyImplicitVersions"
       Выполнение задачи "ApplyImplicitVersions" завершено.
   1:7>Сборка целевого объекта "ApplyImplicitVersions" в проекте "WeakestLink.csproj" завершена.
       Целевой объект "CheckForImplicitPackageReferenceOverrides" пропущен. Предыдущая сборка успешна.
   1:7>Целевой объект "AddWindowsSdkKnownFrameworkReferences" в файле "C:\Program Files\dotnet\sdk\10.0.200\Sdks\Microsoft.NET.Sdk\targets\Microsoft.NET.Sdk.FrameworkReferenceResolution.targets" из проекта "I:\WEAKEST LINK SOPFTWARE AI TESTERING FINALE\WeakestLink.csproj" (целевой объект "ProcessFrameworkReferences" зависит от него):
       Используется задача "CreateWindowsSdkKnownFrameworkReferences" из сборки "C:\Program Files\dotnet\sdk\10.0.200\Sdks\Microsoft.NET.Sdk\targets\..\tools\net10.0\Microsoft.NET.Build.Tasks.dll".
       Задача "CreateWindowsSdkKnownFrameworkReferences"
       Выполнение задачи "CreateWindowsSdkKnownFrameworkReferences" завершено.
   1:7>Сборка целевого объекта "AddWindowsSdkKnownFrameworkReferences" в проекте "WeakestLink.csproj" завершена.
   1:7>Целевой объект "_ComputeToolPackInputsToProcessFrameworkReferences" в файле "C:\Program Files\dotnet\sdk\10.0.200\Sdks\Microsoft.NET.Sdk\targets\Microsoft.NET.Publish.targets" из проекта "I:\WEAKEST LINK SOPFTWARE AI TESTERING FINALE\WeakestLink.csproj" (целевой объект "ProcessFrameworkReferences" зависит от него):
   1:7>Сборка целевого объекта "_ComputeToolPackInputsToProcessFrameworkReferences" в проекте "WeakestLink.csproj" завершена.
   1:7>Целевой объект "ProcessFrameworkReferences" в файле "C:\Program Files\dotnet\sdk\10.0.200\Sdks\Microsoft.NET.Sdk\targets\Microsoft.NET.Sdk.FrameworkReferenceResolution.targets" из проекта "I:\WEAKEST LINK SOPFTWARE AI TESTERING FINALE\WeakestLink.csproj" (целевой объект "CollectPackageReferences" зависит от него):
       Используется задача "CheckForDuplicateFrameworkReferences" из сборки "C:\Program Files\dotnet\sdk\10.0.200\Sdks\Microsoft.NET.Sdk\targets\..\tools\net10.0\Microsoft.NET.Build.Tasks.dll".
       Задача "CheckForDuplicateFrameworkReferences"
       Выполнение задачи "CheckForDuplicateFrameworkReferences" завершено.
       Используется задача "ProcessFrameworkReferences" из сборки "C:\Program Files\dotnet\sdk\10.0.200\Sdks\Microsoft.NET.Sdk\targets\..\tools\net10.0\Microsoft.NET.Build.Tasks.dll".
       Задача "ProcessFrameworkReferences"
         Found 2 known framework references for target framework .NETCoreApp
         Found 5 known runtime packs for target framework .NETCoreApp
         Selected Microsoft.NETCore.App with RIDs 'linux-arm;linux-arm64;linux-musl-arm64;linux-musl-x64;linux-x64;osx-x64;tizen.4.0.0-armel;tizen.5.0.0-armel;win-arm64;win-x64;win-x86;linux-musl-arm;osx-arm64;linux-s390x;linux-loongarch64;linux-bionic-arm;linux-bionic-arm64;linux-bionic-x64;linux-bionic-x86;linux-ppc64le;freebsd-x64;freebsd-arm64;linux-riscv64;linux-musl-riscv64;linux-musl-loongarch64;android-arm64;android-x64'
         Selected targeting pack 'Microsoft.NETCore.App@10.0.4'
         Added runtime framework 'Microsoft.NETCore.App@10.0.0'
         Selected Microsoft.WindowsDesktop.App with RIDs 'win-x64;win-x86;win-arm64'
         Selected targeting pack 'Microsoft.WindowsDesktop.App@10.0.4'
         Added runtime framework 'Microsoft.WindowsDesktop.App@10.0.0'
         Selected Microsoft.WindowsDesktop.App with RIDs 'win-x64;win-x86;win-arm64'
         Selected targeting pack 'Microsoft.WindowsDesktop.App.WPF@10.0.4'
         Added runtime framework 'Microsoft.WindowsDesktop.App@10.0.0'
         Selected Microsoft.WindowsDesktop.App with RIDs 'win-x64;win-x86;win-arm64'
         Selected targeting pack 'Microsoft.WindowsDesktop.App.WindowsForms@10.0.4'
         Added runtime framework 'Microsoft.WindowsDesktop.App@10.0.0'
         Selected Microsoft.AspNetCore.App with RIDs 'win-x64;win-x86;osx-x64;linux-musl-x64;linux-musl-arm64;linux-x64;linux-arm;linux-arm64;linux-musl-arm;win-arm64;osx-arm64;linux-s390x;linux-loongarch64;linux-ppc64le;freebsd-x64;freebsd-arm64;linux-riscv64;linux-musl-riscv64;linux-loongarch64;linux-musl-loongarch64'
         Selected targeting pack 'Microsoft.AspNetCore.App@10.0.4'
         Added runtime framework 'Microsoft.AspNetCore.App@10.0.0'
       Выполнение задачи "ProcessFrameworkReferences" завершено.
       Используется задача "ResolveAppHosts" из сборки "C:\Program Files\dotnet\sdk\10.0.200\Sdks\Microsoft.NET.Sdk\targets\..\tools\net10.0\Microsoft.NET.Build.Tasks.dll".
       Задача "ResolveAppHosts"
       Выполнение задачи "ResolveAppHosts" завершено.
   1:7>Сборка целевого объекта "ProcessFrameworkReferences" в проекте "WeakestLink.csproj" завершена.
   1:7>Целевой объект "_CheckForObsoleteDotNetCliToolReferences" в файле "C:\Program Files\dotnet\sdk\10.0.200\Sdks\Microsoft.NET.Sdk\targets\Microsoft.NET.ObsoleteReferences.targets" из проекта "I:\WEAKEST LINK SOPFTWARE AI TESTERING FINALE\WeakestLink.csproj" (целевой объект "CollectPackageReferences" зависит от него):
   1:7>Сборка целевого объекта "_CheckForObsoleteDotNetCliToolReferences" в проекте "WeakestLink.csproj" завершена.
   1:7>Целевой объект "CollectPackageReferences" в файле "C:\Program Files\dotnet\sdk\10.0.200\NuGet.targets" из проекта "I:\WEAKEST LINK SOPFTWARE AI TESTERING FINALE\WeakestLink.csproj" (целевой объект "_GetRestoreProjectStyle" зависит от него):
       Используется задача "CheckForDuplicateNuGetItemsTask" из сборки "C:\Program Files\dotnet\sdk\10.0.200\NuGet.Build.Tasks.dll".
       Задача "CheckForDuplicateNuGetItemsTask"
       Выполнение задачи "CheckForDuplicateNuGetItemsTask" завершено.
   1:7>Сборка целевого объекта "CollectPackageReferences" в проекте "WeakestLink.csproj" завершена.
   1:7>Целевой объект "_GetRestoreProjectStyle" в файле "C:\Program Files\dotnet\sdk\10.0.200\NuGet.targets" из проекта "I:\WEAKEST LINK SOPFTWARE AI TESTERING FINALE\WeakestLink.csproj" (целевой объект "EnableIntermediateOutputPathMismatchWarning" зависит от него):
       Используется задача "GetRestoreProjectStyleTask" из сборки "C:\Program Files\dotnet\sdk\10.0.200\NuGet.Build.Tasks.dll".
       Задача "GetRestoreProjectStyleTask"
       Выполнение задачи "GetRestoreProjectStyleTask" завершено.
   1:7>Сборка целевого объекта "_GetRestoreProjectStyle" в проекте "WeakestLink.csproj" завершена.
   1:7>Целевой объект "EnableIntermediateOutputPathMismatchWarning" в файле "C:\Program Files\dotnet\sdk\10.0.200\NuGet.targets" из проекта "I:\WEAKEST LINK SOPFTWARE AI TESTERING FINALE\WeakestLink.csproj" (целевой объект "_CheckForInvalidConfigurationAndPlatform" зависит от него):
   1:7>Сборка целевого объекта "EnableIntermediateOutputPathMismatchWarning" в проекте "WeakestLink.csproj" завершена.
       Целевой объект "ApplyImplicitVersions" пропущен. Предыдущая сборка успешна.
       Целевой объект "CheckForImplicitPackageReferenceOverrides" пропущен. Предыдущая сборка успешна.
   1:7>Целевой объект "CheckForDuplicateItems" в файле "C:\Program Files\dotnet\sdk\10.0.200\Sdks\Microsoft.NET.Sdk\targets\Microsoft.NET.Sdk.DefaultItems.Shared.targets" из проекта "I:\WEAKEST LINK SOPFTWARE AI TESTERING FINALE\WeakestLink.csproj" (целевой объект "_CheckForInvalidConfigurationAndPlatform" зависит от него):
       Используется задача "CheckForDuplicateItems" из сборки "C:\Program Files\dotnet\sdk\10.0.200\Sdks\Microsoft.NET.Sdk\targets\..\tools\net10.0\Microsoft.NET.Build.Tasks.dll".
       Задача "CheckForDuplicateItems"
       Выполнение задачи "CheckForDuplicateItems" завершено.
       Задача "CheckForDuplicateItems"
       Выполнение задачи "CheckForDuplicateItems" завершено.
       Задача "CheckForDuplicateItems"
       Выполнение задачи "CheckForDuplicateItems" завершено.
   1:7>Сборка целевого объекта "CheckForDuplicateItems" в проекте "WeakestLink.csproj" завершена.
   1:7>Целевой объект "_CheckForInvalidWindowsDesktopTargetingConfiguration" в файле "C:\Program Files\dotnet\sdk\10.0.200\Sdks\Microsoft.NET.Sdk\targets\Microsoft.NET.Sdk.DefaultItems.targets" из проекта "I:\WEAKEST LINK SOPFTWARE AI TESTERING FINALE\WeakestLink.csproj" (целевой объект "_CheckForInvalidConfigurationAndPlatform" зависит от него):
   1:7>Сборка целевого объекта "_CheckForInvalidWindowsDesktopTargetingConfiguration" в проекте "WeakestLink.csproj" завершена.
       Целевой объект "ProcessFrameworkReferences" пропущен. Предыдущая сборка успешна.
       Целевой объект "CheckForDuplicateItems" пропущен. Предыдущая сборка успешна.
   1:7>Целевой объект "CheckForDuplicatePageItems" в файле "C:\Program Files\dotnet\sdk\10.0.200\Sdks\Microsoft.NET.Sdk.WindowsDesktop\targets\Microsoft.NET.Sdk.WindowsDesktop.targets" из проекта "I:\WEAKEST LINK SOPFTWARE AI TESTERING FINALE\WeakestLink.csproj" (целевой объект "_CheckForInvalidConfigurationAndPlatform" зависит от него):
       Задача "CheckForDuplicateItems"
       Выполнение задачи "CheckForDuplicateItems" завершено.
   1:7>Сборка целевого объекта "CheckForDuplicatePageItems" в проекте "WeakestLink.csproj" завершена.
   1:7>Целевой объект "_WindowsDesktopFrameworkRequiresUseWpfOrUseWindowsForms" в файле "C:\Program Files\dotnet\sdk\10.0.200\Sdks\Microsoft.NET.Sdk.WindowsDesktop\targets\Microsoft.NET.Sdk.WindowsDesktop.targets" из проекта "I:\WEAKEST LINK SOPFTWARE AI TESTERING FINALE\WeakestLink.csproj" (целевой объект "_CheckForInvalidConfigurationAndPlatform" зависит от него):
   1:7>Сборка целевого объекта "_WindowsDesktopFrameworkRequiresUseWpfOrUseWindowsForms" в проекте "WeakestLink.csproj" завершена.
   1:7>Целевой объект "_CheckForInvalidConfigurationAndPlatform" в файле "C:\Program Files\dotnet\sdk\10.0.200\Microsoft.Common.CurrentVersion.targets" из проекта "I:\WEAKEST LINK SOPFTWARE AI TESTERING FINALE\WeakestLink.csproj" (целевой объект "BeforeBuild" зависит от него):
       Задача "Message"
         Configuration=Debug
       Выполнение задачи "Message" завершено.
       Задача "Message"
         Platform=AnyCPU
       Выполнение задачи "Message" завершено.
   1:7>Сборка целевого объекта "_CheckForInvalidConfigurationAndPlatform" в проекте "WeakestLink.csproj" завершена.
   1:7>Целевой объект "ValidateCommandLineProperties" в файле "C:\Program Files\dotnet\sdk\10.0.200\Sdks\Microsoft.NET.Sdk\targets\Microsoft.NET.Sdk.targets" из проекта "I:\WEAKEST LINK SOPFTWARE AI TESTERING FINALE\WeakestLink.csproj" (целевой объект "BeforeBuild" зависит от него):
   1:7>Сборка целевого объекта "ValidateCommandLineProperties" в проекте "WeakestLink.csproj" завершена.
   1:7>Целевой объект "BeforeBuild" в файле "C:\Program Files\dotnet\sdk\10.0.200\Microsoft.Common.CurrentVersion.targets" из проекта "I:\WEAKEST LINK SOPFTWARE AI TESTERING FINALE\WeakestLink.csproj" (целевой объект "Build" зависит от него):
   1:7>Сборка целевого объекта "BeforeBuild" в проекте "WeakestLink.csproj" завершена.
   1:7>Целевой объект "BuildOnlySettings" в файле "C:\Program Files\dotnet\sdk\10.0.200\Microsoft.Common.CurrentVersion.targets" из проекта "I:\WEAKEST LINK SOPFTWARE AI TESTERING FINALE\WeakestLink.csproj" (целевой объект "CoreBuild" зависит от него):
       C:\Program Files\dotnet\sdk\10.0.200\Microsoft.Common.CurrentVersion.targets(1168,7): message : Повторное назначение свойства: $(BuildingProject)="true" (предыдущее значение: "false") для C:\Program Files\dotnet\sdk\10.0.200\Microsoft.Common.CurrentVersion.targets (1168,7) [I:\WEAKEST LINK SOPFTWARE AI TESTERING FINALE\WeakestLink.csproj]
   1:7>Сборка целевого объекта "BuildOnlySettings" в проекте "WeakestLink.csproj" завершена.
   1:7>Целевой объект "GetFrameworkPaths" в файле "C:\Program Files\dotnet\sdk\10.0.200\Sdks\Microsoft.NET.Sdk\targets\Microsoft.NET.DisableStandardFrameworkResolution.targets" из проекта "I:\WEAKEST LINK SOPFTWARE AI TESTERING FINALE\WeakestLink.csproj" (целевой объект "PrepareForBuild" зависит от него):
   1:7>Сборка целевого объекта "GetFrameworkPaths" в проекте "WeakestLink.csproj" завершена.
   1:7>Целевой объект "GetReferenceAssemblyPaths" в файле "C:\Program Files\dotnet\sdk\10.0.200\Sdks\Microsoft.NET.Sdk\targets\Microsoft.NET.DisableStandardFrameworkResolution.targets" из проекта "I:\WEAKEST LINK SOPFTWARE AI TESTERING FINALE\WeakestLink.csproj" (целевой объект "PrepareForBuild" зависит от него):
   1:7>Сборка целевого объекта "GetReferenceAssemblyPaths" в проекте "WeakestLink.csproj" завершена.
   1:7>Целевой объект "PrepareForBuild" в файле "C:\Program Files\dotnet\sdk\10.0.200\Microsoft.Common.CurrentVersion.targets" из проекта "I:\WEAKEST LINK SOPFTWARE AI TESTERING FINALE\WeakestLink.csproj" (целевой объект "CoreBuild" зависит от него):
       Используется задача "FindAppConfigFile" из сборки "Microsoft.Build.Tasks.Core, Version=15.1.0.0, Culture=neutral, PublicKeyToken=b03f5f7f11d50a3a".
       Задача "FindAppConfigFile"
       Выполнение задачи "FindAppConfigFile" завершено.
       Используется задача "MakeDir" из сборки "Microsoft.Build.Tasks.Core, Version=15.1.0.0, Culture=neutral, PublicKeyToken=b03f5f7f11d50a3a".
       Задача "MakeDir"
       Выполнение задачи "MakeDir" завершено.
   1:7>Сборка целевого объекта "PrepareForBuild" в проекте "WeakestLink.csproj" завершена.
   1:7>Целевой объект "GenerateTargetFrameworkDefineConstants" в файле "C:\Program Files\dotnet\sdk\10.0.200\Sdks\Microsoft.NET.Sdk\targets\Microsoft.NET.Sdk.BeforeCommon.targets" из проекта "I:\WEAKEST LINK SOPFTWARE AI TESTERING FINALE\WeakestLink.csproj" (целевой объект "AddImplicitDefineConstants" зависит от него):
   1:7>Сборка целевого объекта "GenerateTargetFrameworkDefineConstants" в проекте "WeakestLink.csproj" завершена.
   1:7>Целевой объект "GenerateTargetPlatformDefineConstants" в файле "C:\Program Files\dotnet\sdk\10.0.200\Sdks\Microsoft.NET.Sdk\targets\Microsoft.NET.Sdk.BeforeCommon.targets" из проекта "I:\WEAKEST LINK SOPFTWARE AI TESTERING FINALE\WeakestLink.csproj" (целевой объект "AddImplicitDefineConstants" зависит от него):
   1:7>Сборка целевого объекта "GenerateTargetPlatformDefineConstants" в проекте "WeakestLink.csproj" завершена.
   1:7>Целевой объект "GenerateNETCompatibleDefineConstants" в файле "C:\Program Files\dotnet\sdk\10.0.200\Sdks\Microsoft.NET.Sdk\targets\Microsoft.NET.Sdk.BeforeCommon.targets" из проекта "I:\WEAKEST LINK SOPFTWARE AI TESTERING FINALE\WeakestLink.csproj" (целевой объект "AddImplicitDefineConstants" зависит от него):
   1:7>Сборка целевого объекта "GenerateNETCompatibleDefineConstants" в проекте "WeakestLink.csproj" завершена.
   1:7>Целевой объект "GeneratePlatformCompatibleDefineConstants" в файле "C:\Program Files\dotnet\sdk\10.0.200\Sdks\Microsoft.NET.Sdk\targets\Microsoft.NET.Sdk.BeforeCommon.targets" из проекта "I:\WEAKEST LINK SOPFTWARE AI TESTERING FINALE\WeakestLink.csproj" (целевой объект "AddImplicitDefineConstants" зависит от него):
   1:7>Сборка целевого объекта "GeneratePlatformCompatibleDefineConstants" в проекте "WeakestLink.csproj" завершена.
   1:7>Целевой объект "AddImplicitDefineConstants" в файле "C:\Program Files\dotnet\sdk\10.0.200\Sdks\Microsoft.NET.Sdk\targets\Microsoft.NET.Sdk.BeforeCommon.targets" из проекта "I:\WEAKEST LINK SOPFTWARE AI TESTERING FINALE\WeakestLink.csproj" (целевой объект "CoreBuild" зависит от него):
       C:\Program Files\dotnet\sdk\10.0.200\Sdks\Microsoft.NET.Sdk\targets\Microsoft.NET.Sdk.BeforeCommon.targets(295,7): message : Повторное назначение свойства: $(DefineConstants)="TRACE;DEBUG;NET;NET10_0;NETCOREAPP;WINDOWS;WINDOWS7_0;NET5_0_OR_GREATER;NET6_0_OR_GREATER;NET7_0_OR_GREATER;NET8_0_OR_GREATER;NET9_0_OR_GREATER;NET10_0_OR_GREATER;NETCOREAPP3_0_OR_GREATER;NETCOREAPP3_1_OR_GREATER;WINDOWS7_0_OR_GREATER" (предыдущее значение: "TRACE;DEBUG") для C:\Program Files\dotnet\sdk\10.0.200\Sdks\Microsoft.NET.Sdk\targets\Microsoft.NET.Sdk.BeforeCommon.targets (295,7) [I:\WEAKEST LINK SOPFTWARE AI TESTERING FINALE\WeakestLink.csproj]
   1:7>Сборка целевого объекта "AddImplicitDefineConstants" в проекте "WeakestLink.csproj" завершена.
   1:7>Целевой объект "GenerateGlobalUsings" в файле "C:\Program Files\dotnet\sdk\10.0.200\Sdks\Microsoft.NET.Sdk\targets\Microsoft.NET.GenerateGlobalUsings.targets" из проекта "I:\WEAKEST LINK SOPFTWARE AI TESTERING FINALE\WeakestLink.csproj" (целевой объект "CoreBuild" зависит от него):
       Используется задача "GenerateGlobalUsings" из сборки "C:\Program Files\dotnet\sdk\10.0.200\Sdks\Microsoft.NET.Sdk\targets\..\tools\net10.0\Microsoft.NET.Build.Tasks.dll".
       Задача "GenerateGlobalUsings"
       Выполнение задачи "GenerateGlobalUsings" завершено.
       Используется задача "WriteLinesToFile" из сборки "Microsoft.Build.Tasks.Core, Version=15.1.0.0, Culture=neutral, PublicKeyToken=b03f5f7f11d50a3a".
       Задача "WriteLinesToFile"
         Пропускается запись в файл "I:\WEAKEST LINK SOPFTWARE AI TESTERING FINALE\obj\Debug\net10.0-windows\WeakestLink.GlobalUsings.g.cs", так как содержимое не изменяется.
       Выполнение задачи "WriteLinesToFile" завершено.
   1:7>Сборка целевого объекта "GenerateGlobalUsings" в проекте "WeakestLink.csproj" завершена.
   1:7>Целевой объект "BeforeResolveReferences" в файле "C:\Program Files\dotnet\sdk\10.0.200\Microsoft.Common.CurrentVersion.targets" из проекта "I:\WEAKEST LINK SOPFTWARE AI TESTERING FINALE\WeakestLink.csproj" (целевой объект "ResolveReferences" зависит от него):
   1:7>Сборка целевого объекта "BeforeResolveReferences" в проекте "WeakestLink.csproj" завершена.
   1:7>Целевой объект "IgnoreJavaScriptOutputAssembly" в файле "C:\Program Files\dotnet\sdk\10.0.200\Microsoft.Common.CurrentVersion.targets" из проекта "I:\WEAKEST LINK SOPFTWARE AI TESTERING FINALE\WeakestLink.csproj" (целевой объект "AssignProjectConfiguration" зависит от него):
   1:7>Сборка целевого объекта "IgnoreJavaScriptOutputAssembly" в проекте "WeakestLink.csproj" завершена.
       Целевой объект "ProcessFrameworkReferences" пропущен. Предыдущая сборка успешна.
   1:7>Целевой объект "_DefaultMicrosoftNETPlatformLibrary" в файле "C:\Program Files\dotnet\sdk\10.0.200\Sdks\Microsoft.NET.Sdk\targets\Microsoft.NET.Sdk.Shared.targets" из проекта "I:\WEAKEST LINK SOPFTWARE AI TESTERING FINALE\WeakestLink.csproj" (целевой объект "ResolvePackageAssets" зависит от него):
   1:7>Сборка целевого объекта "_DefaultMicrosoftNETPlatformLibrary" в проекте "WeakestLink.csproj" завершена.
   1:7>Целевой объект "_ComputePackageReferencePublish" в файле "C:\Program Files\dotnet\sdk\10.0.200\Sdks\Microsoft.NET.Sdk\targets\Microsoft.NET.Sdk.Shared.targets" из проекта "I:\WEAKEST LINK SOPFTWARE AI TESTERING FINALE\WeakestLink.csproj" (целевой объект "ResolvePackageAssets" зависит от него):
   1:7>Сборка целевого объекта "_ComputePackageReferencePublish" в проекте "WeakestLink.csproj" завершена.
   1:7>Целевой объект "ResolvePackageAssets" в файле "C:\Program Files\dotnet\sdk\10.0.200\Sdks\Microsoft.NET.Sdk\targets\Microsoft.PackageDependencyResolution.targets" из проекта "I:\WEAKEST LINK SOPFTWARE AI TESTERING FINALE\WeakestLink.csproj" (целевой объект "ResolveLockFileReferences" зависит от него):
       Используется задача "ResolvePackageAssets" из сборки "C:\Program Files\dotnet\sdk\10.0.200\Sdks\Microsoft.NET.Sdk\targets\..\tools\net10.0\Microsoft.NET.Build.Tasks.dll".
       Задача "ResolvePackageAssets"
       Выполнение задачи "ResolvePackageAssets" завершено.
   1:7>Сборка целевого объекта "ResolvePackageAssets" в проекте "WeakestLink.csproj" завершена.
   1:7>Целевой объект "AddTransitiveFrameworkReferences" в файле "C:\Program Files\dotnet\sdk\10.0.200\Sdks\Microsoft.NET.Sdk\targets\Microsoft.NET.Sdk.FrameworkReferenceResolution.targets" из проекта "I:\WEAKEST LINK SOPFTWARE AI TESTERING FINALE\WeakestLink.csproj" (целевой объект "ResolveLockFileReferences" зависит от него):
   1:7>Сборка целевого объекта "AddTransitiveFrameworkReferences" в проекте "WeakestLink.csproj" завершена.
   1:7>Целевой объект "_CheckForTransitiveWindowsSDKFullDependencies" в файле "C:\Program Files\dotnet\sdk\10.0.200\Sdks\Microsoft.NET.Sdk\targets\Microsoft.NET.Windows.targets" из проекта "I:\WEAKEST LINK SOPFTWARE AI TESTERING FINALE\WeakestLink.csproj" (целевой объект "ResolveLockFileReferences" зависит от него):
   1:7>Сборка целевого объекта "_CheckForTransitiveWindowsSDKFullDependencies" в проекте "WeakestLink.csproj" завершена.
   1:7>Целевой объект "ResolveLockFileReferences" в файле "C:\Program Files\dotnet\sdk\10.0.200\Sdks\Microsoft.NET.Sdk\targets\Microsoft.PackageDependencyResolution.targets" из проекта "I:\WEAKEST LINK SOPFTWARE AI TESTERING FINALE\WeakestLink.csproj" (целевой объект "ResolvePackageDependenciesForBuild" зависит от него):
       Используется задача "JoinItems" из сборки "C:\Program Files\dotnet\sdk\10.0.200\Sdks\Microsoft.NET.Sdk\targets\..\tools\net10.0\Microsoft.NET.Build.Tasks.dll".
       Задача "JoinItems"
       Выполнение задачи "JoinItems" завершено.
   1:7>Сборка целевого объекта "ResolveLockFileReferences" в проекте "WeakestLink.csproj" завершена.
       Целевой объект "ResolvePackageAssets" пропущен. Предыдущая сборка успешна.
   1:7>Целевой объект "ResolveLockFileAnalyzers" в файле "C:\Program Files\dotnet\sdk\10.0.200\Sdks\Microsoft.NET.Sdk\targets\Microsoft.PackageDependencyResolution.targets" из проекта "I:\WEAKEST LINK SOPFTWARE AI TESTERING FINALE\WeakestLink.csproj" (целевой объект "ResolvePackageDependenciesForBuild" зависит от него):
   1:7>Сборка целевого объекта "ResolveLockFileAnalyzers" в проекте "WeakestLink.csproj" завершена.
       Целевой объект "ResolvePackageAssets" пропущен. Предыдущая сборка успешна.
   1:7>Целевой объект "ResolveLockFileCopyLocalFiles" в файле "C:\Program Files\dotnet\sdk\10.0.200\Sdks\Microsoft.NET.Sdk\targets\Microsoft.PackageDependencyResolution.targets" из проекта "I:\WEAKEST LINK SOPFTWARE AI TESTERING FINALE\WeakestLink.csproj" (целевой объект "ResolvePackageDependenciesForBuild" зависит от него):
   1:7>Сборка целевого объекта "ResolveLockFileCopyLocalFiles" в проекте "WeakestLink.csproj" завершена.
       Целевой объект "ResolvePackageAssets" пропущен. Предыдущая сборка успешна.
   1:7>Целевой объект "IncludeTransitiveProjectReferences" в файле "C:\Program Files\dotnet\sdk\10.0.200\Sdks\Microsoft.NET.Sdk\targets\Microsoft.PackageDependencyResolution.targets" из проекта "I:\WEAKEST LINK SOPFTWARE AI TESTERING FINALE\WeakestLink.csproj" (целевой объект "ResolvePackageDependenciesForBuild" зависит от него):
   1:7>Сборка целевого объекта "IncludeTransitiveProjectReferences" в проекте "WeakestLink.csproj" завершена.
   1:7>Целевой объект "ResolvePackageDependenciesForBuild" в файле "C:\Program Files\dotnet\sdk\10.0.200\Sdks\Microsoft.NET.Sdk\targets\Microsoft.PackageDependencyResolution.targets" из проекта "I:\WEAKEST LINK SOPFTWARE AI TESTERING FINALE\WeakestLink.csproj" (целевой объект "AssignProjectConfiguration" зависит от него):
   1:7>Сборка целевого объекта "ResolvePackageDependenciesForBuild" в проекте "WeakestLink.csproj" завершена.
   1:7>Целевой объект "_SplitProjectReferencesByFileExistence" в файле "C:\Program Files\dotnet\sdk\10.0.200\Microsoft.Common.CurrentVersion.targets" из проекта "I:\WEAKEST LINK SOPFTWARE AI TESTERING FINALE\WeakestLink.csproj" (целевой объект "PrepareProjectReferences" зависит от него):
   1:7>Сборка целевого объекта "_SplitProjectReferencesByFileExistence" в проекте "WeakestLink.csproj" завершена.
   1:7>Целевой объект "_AddOutputPathToGlobalPropertiesToRemove" в файле "C:\Program Files\dotnet\sdk\10.0.200\Microsoft.Common.CurrentVersion.targets" из проекта "I:\WEAKEST LINK SOPFTWARE AI TESTERING FINALE\WeakestLink.csproj" (целевой объект "_GetProjectReferenceTargetFrameworkProperties" зависит от него):
   1:7>Сборка целевого объекта "_AddOutputPathToGlobalPropertiesToRemove" в проекте "WeakestLink.csproj" завершена.
   1:7>Целевой объект "_GetProjectReferenceTargetFrameworkProperties" в файле "C:\Program Files\dotnet\sdk\10.0.200\Microsoft.Common.CurrentVersion.targets" из проекта "I:\WEAKEST LINK SOPFTWARE AI TESTERING FINALE\WeakestLink.csproj" (целевой объект "PrepareProjectReferences" зависит от него):
       Задача "MSBuild"
       Выполнение задачи "MSBuild" завершено.
       Используется задача "SetRidAgnosticValueForProjects" из сборки "Microsoft.Build.Tasks.Core, Version=15.1.0.0, Culture=neutral, PublicKeyToken=b03f5f7f11d50a3a".
       Задача "SetRidAgnosticValueForProjects"
       Выполнение задачи "SetRidAgnosticValueForProjects" завершено.
   1:7>Сборка целевого объекта "_GetProjectReferenceTargetFrameworkProperties" в проекте "WeakestLink.csproj" завершена.
   1:7>Целевой объект "_CalculateIsVSTestTestProject" в файле "C:\Program Files\dotnet\sdk\10.0.200\Sdks\Microsoft.NET.Sdk\targets\Microsoft.NET.Sdk.targets" из проекта "I:\WEAKEST LINK SOPFTWARE AI TESTERING FINALE\WeakestLink.csproj" (целевой объект "ValidateExecutableReferences" зависит от него):
   1:7>Сборка целевого объекта "_CalculateIsVSTestTestProject" в проекте "WeakestLink.csproj" завершена.
   1:7>Целевой объект "ValidateExecutableReferences" в файле "C:\Program Files\dotnet\sdk\10.0.200\Sdks\Microsoft.NET.Sdk\targets\Microsoft.NET.Sdk.targets" из проекта "I:\WEAKEST LINK SOPFTWARE AI TESTERING FINALE\WeakestLink.csproj" (целевой объект "PrepareProjectReferences" зависит от него):
       Используется задача "ValidateExecutableReferences" из сборки "C:\Program Files\dotnet\sdk\10.0.200\Sdks\Microsoft.NET.Sdk\targets\..\tools\net10.0\Microsoft.NET.Build.Tasks.dll".
       Задача "ValidateExecutableReferences"
       Выполнение задачи "ValidateExecutableReferences" завершено.
   1:7>Сборка целевого объекта "ValidateExecutableReferences" в проекте "WeakestLink.csproj" завершена.
   1:7>Целевой объект "PrepareProjectReferences" в файле "C:\Program Files\dotnet\sdk\10.0.200\Microsoft.Common.CurrentVersion.targets" из проекта "I:\WEAKEST LINK SOPFTWARE AI TESTERING FINALE\WeakestLink.csproj" (целевой объект "ResolveProjectReferences" зависит от него):
   1:7>Сборка целевого объекта "PrepareProjectReferences" в проекте "WeakestLink.csproj" завершена.
   1:7>Целевой объект "ResolveProjectReferences" в файле "C:\Program Files\dotnet\sdk\10.0.200\Microsoft.Common.CurrentVersion.targets" из проекта "I:\WEAKEST LINK SOPFTWARE AI TESTERING FINALE\WeakestLink.csproj" (целевой объект "ResolveReferences" зависит от него):
   1:7>Сборка целевого объекта "ResolveProjectReferences" в проекте "WeakestLink.csproj" завершена.
   1:7>Целевой объект "RemoveManagedWinRTComponentWinMDReferences" в файле "C:\Program Files\dotnet\sdk\10.0.200\Sdks\Microsoft.NET.Sdk\targets\Microsoft.NET.Windows.targets" из проекта "I:\WEAKEST LINK SOPFTWARE AI TESTERING FINALE\WeakestLink.csproj" (целевой объект "ResolveReferences" зависит от него):
   1:7>Сборка целевого объекта "RemoveManagedWinRTComponentWinMDReferences" в проекте "WeakestLink.csproj" завершена.
       Целевой объект "ResolveProjectReferences" пропущен. Предыдущая сборка успешна.
       Целевой объект "GetFrameworkPaths" пропущен. Предыдущая сборка успешна.
       Целевой объект "GetReferenceAssemblyPaths" пропущен. Предыдущая сборка успешна.
       Целевой объект "PrepareForBuild" пропущен. Предыдущая сборка успешна.
   1:7>Целевой объект "ResolveSDKReferences" в файле "C:\Program Files\dotnet\sdk\10.0.200\Microsoft.Common.CurrentVersion.targets" из проекта "I:\WEAKEST LINK SOPFTWARE AI TESTERING FINALE\WeakestLink.csproj" (целевой объект "ResolveAssemblyReferences" зависит от него):
   1:7>Сборка целевого объекта "ResolveSDKReferences" в проекте "WeakestLink.csproj" завершена.
       Целевой объект "ResolveSDKReferences" пропущен. Предыдущая сборка успешна.
   1:7>Целевой объект "ExpandSDKReferences" в файле "C:\Program Files\dotnet\sdk\10.0.200\Microsoft.Common.CurrentVersion.targets" из проекта "I:\WEAKEST LINK SOPFTWARE AI TESTERING FINALE\WeakestLink.csproj" (целевой объект "ResolveAssemblyReferences" зависит от него):
   1:7>Сборка целевого объекта "ExpandSDKReferences" в проекте "WeakestLink.csproj" завершена.
       Целевой объект "ResolvePackageDependenciesForBuild" пропущен. Предыдущая сборка успешна.
       Целевой объект "GetFrameworkPaths" пропущен. Предыдущая сборка успешна.
       Целевой объект "GetReferenceAssemblyPaths" пропущен. Предыдущая сборка успешна.
       Целевой объект "ProcessFrameworkReferences" пропущен. Предыдущая сборка успешна.
       Целевой объект "ResolvePackageAssets" пропущен. Предыдущая сборка успешна.
   1:7>Целевой объект "ResolveFrameworkReferences" в файле "C:\Program Files\dotnet\sdk\10.0.200\Sdks\Microsoft.NET.Sdk\targets\Microsoft.NET.Sdk.FrameworkReferenceResolution.targets" из проекта "I:\WEAKEST LINK SOPFTWARE AI TESTERING FINALE\WeakestLink.csproj" (целевой объект "ResolveTargetingPackAssets" зависит от него):
       Используется задача "GetPackageDirectory" из сборки "C:\Program Files\dotnet\sdk\10.0.200\Sdks\Microsoft.NET.Sdk\targets\..\tools\net10.0\Microsoft.NET.Build.Tasks.dll".
       Задача "GetPackageDirectory"
       Выполнение задачи "GetPackageDirectory" завершено.
       Задача "GetPackageDirectory"
       Выполнение задачи "GetPackageDirectory" завершено.
       Задача "GetPackageDirectory"
       Выполнение задачи "GetPackageDirectory" завершено.
       Задача "GetPackageDirectory"
       Выполнение задачи "GetPackageDirectory" завершено.
       Задача "GetPackageDirectory"
       Выполнение задачи "GetPackageDirectory" завершено.
       Задача "GetPackageDirectory"
       Выполнение задачи "GetPackageDirectory" завершено.
       Задача "GetPackageDirectory"
       Выполнение задачи "GetPackageDirectory" завершено.
       Задача "GetPackageDirectory"
       Выполнение задачи "GetPackageDirectory" завершено.
       Задача "GetPackageDirectory"
       Выполнение задачи "GetPackageDirectory" завершено.
       Задача "GetPackageDirectory"
       Выполнение задачи "GetPackageDirectory" завершено.
       Используется задача "ResolveFrameworkReferences" из сборки "C:\Program Files\dotnet\sdk\10.0.200\Sdks\Microsoft.NET.Sdk\targets\..\tools\net10.0\Microsoft.NET.Build.Tasks.dll".
       Задача "ResolveFrameworkReferences"
       Выполнение задачи "ResolveFrameworkReferences" завершено.
   1:7>Сборка целевого объекта "ResolveFrameworkReferences" в проекте "WeakestLink.csproj" завершена.
   1:7>Целевой объект "ResolveTargetingPackAssets" в файле "C:\Program Files\dotnet\sdk\10.0.200\Sdks\Microsoft.NET.Sdk\targets\Microsoft.NET.Sdk.FrameworkReferenceResolution.targets" из проекта "I:\WEAKEST LINK SOPFTWARE AI TESTERING FINALE\WeakestLink.csproj" (целевой объект "_HandlePackageFileConflicts" зависит от него):
       Используется задача "ResolveTargetingPackAssets" из сборки "C:\Program Files\dotnet\sdk\10.0.200\Sdks\Microsoft.NET.Sdk\targets\..\tools\net10.0\Microsoft.NET.Build.Tasks.dll".
       Задача "ResolveTargetingPackAssets"
       Выполнение задачи "ResolveTargetingPackAssets" завершено.
   1:7>Сборка целевого объекта "ResolveTargetingPackAssets" в проекте "WeakestLink.csproj" завершена.
   1:7>Целевой объект "ResolveOffByDefaultAnalyzers" в файле "C:\Program Files\dotnet\sdk\10.0.200\Sdks\Microsoft.NET.Sdk\targets\Microsoft.NET.Sdk.FrameworkReferenceResolution.targets" из проекта "I:\WEAKEST LINK SOPFTWARE AI TESTERING FINALE\WeakestLink.csproj" (целевой объект "_HandlePackageFileConflicts" зависит от него):
   1:7>Сборка целевого объекта "ResolveOffByDefaultAnalyzers" в проекте "WeakestLink.csproj" завершена.
   1:7>Целевой объект "_HandlePackageFileConflicts" в файле "C:\Program Files\dotnet\sdk\10.0.200\Sdks\Microsoft.NET.Sdk\targets\Microsoft.NET.ConflictResolution.targets" из проекта "I:\WEAKEST LINK SOPFTWARE AI TESTERING FINALE\WeakestLink.csproj" (целевой объект "ResolveAssemblyReferences" зависит от него):
       Используется задача "ResolvePackageFileConflicts" из сборки "C:\Program Files\dotnet\sdk\10.0.200\Sdks\Microsoft.NET.Sdk\targets\..\tools\net10.0\Microsoft.NET.Build.Tasks.dll".
       Задача "ResolvePackageFileConflicts"
         Обнаружен конфликт между "Reference:C:\Program Files\dotnet\packs\Microsoft.NETCore.App.Ref\10.0.4\ref/net10.0/WindowsBase.dll" и "Reference:C:\Program Files\dotnet\packs\Microsoft.WindowsDesktop.App.Ref\10.0.4\ref/net10.0/WindowsBase.dll". Используется "Reference:C:\Program Files\dotnet\packs\Microsoft.WindowsDesktop.App.Ref\10.0.4\ref/net10.0/WindowsBase.dll", так как значение AssemblyVersion "10.0.0.0" больше "4.0.0.0".
         Обнаружен конфликт между "Reference:C:\Program Files\dotnet\packs\Microsoft.NETCore.App.Ref\10.0.4\ref/net10.0/Microsoft.VisualBasic.dll" и "Reference:C:\Program Files\dotnet\packs\Microsoft.WindowsDesktop.App.Ref\10.0.4\ref/net10.0/Microsoft.VisualBasic.dll". Используется "Reference:C:\Program Files\dotnet\packs\Microsoft.WindowsDesktop.App.Ref\10.0.4\ref/net10.0/Microsoft.VisualBasic.dll", так как значение AssemblyVersion "10.1.0.0" больше "10.0.0.0".
         Обнаружен конфликт между "Reference:C:\Program Files\dotnet\packs\Microsoft.NETCore.App.Ref\10.0.4\ref/net10.0/System.Drawing.dll" и "Reference:C:\Program Files\dotnet\packs\Microsoft.WindowsDesktop.App.Ref\10.0.4\ref/net10.0/System.Drawing.dll". Используется "Reference:C:\Program Files\dotnet\packs\Microsoft.WindowsDesktop.App.Ref\10.0.4\ref/net10.0/System.Drawing.dll", так как значение AssemblyVersion "10.0.0.0" больше "4.0.0.0".
         Обнаружен конфликт между "Platform:Microsoft.VisualBasic.dll" и "Platform:Microsoft.VisualBasic.dll". Используется "Platform:Microsoft.VisualBasic.dll", так как значение AssemblyVersion "10.1.0.0" больше "10.0.0.0".
         Обнаружен конфликт между "Platform:Microsoft.VisualBasic.dll" и "Platform:Microsoft.VisualBasic.dll". Используется "Platform:Microsoft.VisualBasic.dll", так как значение AssemblyVersion "10.1.0.0" больше "10.0.0.0".
         Обнаружен конфликт между "Platform:System.Drawing.dll" и "Platform:System.Drawing.dll". Используется "Platform:System.Drawing.dll", так как значение AssemblyVersion "10.0.0.0" больше "4.0.0.0".
         Обнаружен конфликт между "Platform:System.Drawing.dll" и "Platform:System.Drawing.dll". Используется "Platform:System.Drawing.dll", так как значение AssemblyVersion "10.0.0.0" больше "4.0.0.0".
         Обнаружен конфликт между "Platform:WindowsBase.dll" и "Platform:WindowsBase.dll". Используется "Platform:WindowsBase.dll", так как значение AssemblyVersion "10.0.0.0" больше "4.0.0.0".
         Обнаружен конфликт между "Platform:WindowsBase.dll" и "Platform:WindowsBase.dll". Используется "Platform:WindowsBase.dll", так как значение AssemblyVersion "10.0.0.0" больше "4.0.0.0".
         Обнаружен конфликт между "Platform:mscorlib.dll" и "Platform:mscorlib.dll". Не удалось определить победителя, так как версии файла и сборки одинаковы.
         Обнаружен конфликт между "Platform:System.Windows.Forms.Primitives.resources.dll" и "Platform:System.Windows.Forms.Primitives.resources.dll". Не удалось определить победителя, так как версии файла и сборки одинаковы.
         Обнаружен конфликт между "Platform:System.dll" и "Platform:System.dll". Не удалось определить победителя, так как версии файла и сборки одинаковы.
         Обнаружен конфликт между "Platform:System.ComponentModel.DataAnnotations.dll" и "Platform:System.ComponentModel.DataAnnotations.dll". Не удалось определить победителя, так как версии файла и сборки одинаковы.
         Обнаружен конфликт между "Platform:System.Configuration.dll" и "Platform:System.Configuration.dll". Не удалось определить победителя, так как версии файла и сборки одинаковы.
         Обнаружен конфликт между "Platform:System.Core.dll" и "Platform:System.Core.dll". Не удалось определить победителя, так как версии файла и сборки одинаковы.
         Обнаружен конфликт между "Platform:System.Data.dll" и "Platform:System.Data.dll". Не удалось определить победителя, так как версии файла и сборки одинаковы.
         Обнаружен конфликт между "Platform:System.Windows.Forms.Design.resources.dll" и "Platform:System.Windows.Forms.Design.resources.dll". Не удалось определить победителя, так как версии файла и сборки одинаковы.
         Обнаружен конфликт между "Platform:System.IO.Compression.FileSystem.dll" и "Platform:System.IO.Compression.FileSystem.dll". Не удалось определить победителя, так как версии файла и сборки одинаковы.
         Обнаружен конфликт между "Platform:System.Net.dll" и "Platform:System.Net.dll". Не удалось определить победителя, так как версии файла и сборки одинаковы.
         Обнаружен конфликт между "Platform:System.Numerics.dll" и "Platform:System.Numerics.dll". Не удалось определить победителя, так как версии файла и сборки одинаковы.
         Обнаружен конфликт между "Platform:System.Runtime.Serialization.dll" и "Platform:System.Runtime.Serialization.dll". Не удалось определить победителя, так как версии файла и сборки одинаковы.
         Обнаружен конфликт между "Platform:System.Security.dll" и "Platform:System.Security.dll". Не удалось определить победителя, так как версии файла и сборки одинаковы.
         Обнаружен конфликт между "Platform:System.ServiceProcess.dll" и "Platform:System.ServiceProcess.dll". Не удалось определить победителя, так как версии файла и сборки одинаковы.
         Обнаружен конфликт между "Platform:System.ServiceModel.Web.dll" и "Platform:System.ServiceModel.Web.dll". Не удалось определить победителя, так как версии файла и сборки одинаковы.
         Обнаружен конфликт между "Platform:System.Transactions.dll" и "Platform:System.Transactions.dll". Не удалось определить победителя, так как версии файла и сборки одинаковы.
         Обнаружен конфликт между "Platform:System.Web.dll" и "Platform:System.Web.dll". Не удалось определить победителя, так как версии файла и сборки одинаковы.
         Обнаружен конфликт между "Platform:System.Windows.dll" и "Platform:System.Windows.dll". Не удалось определить победителя, так как версии файла и сборки одинаковы.
         Обнаружен конфликт между "Platform:System.Xml.dll" и "Platform:System.Xml.dll". Не удалось определить победителя, так как версии файла и сборки одинаковы.
         Обнаружен конфликт между "Platform:System.Xml.Serialization.dll" и "Platform:System.Xml.Serialization.dll". Не удалось определить победителя, так как версии файла и сборки одинаковы.
         Обнаружен конфликт между "Platform:System.Xml.Linq.dll" и "Platform:System.Xml.Linq.dll". Не удалось определить победителя, так как версии файла и сборки одинаковы.
         Обнаружен конфликт между "Platform:Microsoft.VisualBasic.Forms.resources.dll" и "Platform:Microsoft.VisualBasic.Forms.resources.dll". Не удалось определить победителя, так как версии файла и сборки одинаковы.
         Обнаружен конфликт между "Platform:netstandard.dll" и "Platform:netstandard.dll". Не удалось определить победителя, так как версии файла и сборки одинаковы.
         Обнаружен конфликт между "Platform:System.Private.CoreLib.dll" и "Platform:System.Private.CoreLib.dll". Не удалось определить победителя, так как версии файла и сборки одинаковы.
         Обнаружен конфликт между "Platform:System.Private.DataContractSerialization.dll" и "Platform:System.Private.DataContractSerialization.dll". Не удалось определить победителя, так как версии файла и сборки одинаковы.
         Обнаружен конфликт между "Platform:System.Private.Uri.dll" и "Platform:System.Private.Uri.dll". Не удалось определить победителя, так как версии файла и сборки одинаковы.
         Обнаружен конфликт между "Platform:System.Private.Xml.dll" и "Platform:System.Private.Xml.dll". Не удалось определить победителя, так как версии файла и сборки одинаковы.
         Обнаружен конфликт между "Platform:System.Private.Xml.Linq.dll" и "Platform:System.Private.Xml.Linq.dll". Не удалось определить победителя, так как версии файла и сборки одинаковы.
         Обнаружен конфликт между "Platform:mscordaccore_amd64_amd64_10.0.426.12010.dll" и "Platform:mscordaccore_amd64_amd64_10.0.426.12010.dll". Не удалось определить победителя, так как версии файла и сборки одинаковы.
         Обнаружен конфликт между "Platform:System.Windows.Forms.resources.dll" и "Platform:System.Windows.Forms.resources.dll". Не удалось определить победителя, так как версии файла и сборки одинаковы.
         Обнаружен конфликт между "Platform:PresentationCore.resources.dll" и "Platform:PresentationCore.resources.dll". Не удалось определить победителя, так как версии файла и сборки одинаковы.
         Обнаружен конфликт между "Platform:PresentationFramework.resources.dll" и "Platform:PresentationFramework.resources.dll". Не удалось определить победителя, так как версии файла и сборки одинаковы.
         Обнаружен конфликт между "Platform:PresentationUI.resources.dll" и "Platform:PresentationUI.resources.dll". Не удалось определить победителя, так как версии файла и сборки одинаковы.
         Обнаружен конфликт между "Platform:ReachFramework.resources.dll" и "Platform:ReachFramework.resources.dll". Не удалось определить победителя, так как версии файла и сборки одинаковы.
         Обнаружен конфликт между "Platform:System.Windows.Controls.Ribbon.resources.dll" и "Platform:System.Windows.Controls.Ribbon.resources.dll". Не удалось определить победителя, так как версии файла и сборки одинаковы.
         Обнаружен конфликт между "Platform:System.Windows.Input.Manipulations.resources.dll" и "Platform:System.Windows.Input.Manipulations.resources.dll". Не удалось определить победителя, так как версии файла и сборки одинаковы.
         Обнаружен конфликт между "Platform:System.Xaml.resources.dll" и "Platform:System.Xaml.resources.dll". Не удалось определить победителя, так как версии файла и сборки одинаковы.
         Обнаружен конфликт между "Platform:UIAutomationClient.resources.dll" и "Platform:UIAutomationClient.resources.dll". Не удалось определить победителя, так как версии файла и сборки одинаковы.
         Обнаружен конфликт между "Platform:UIAutomationClientSideProviders.resources.dll" и "Platform:UIAutomationClientSideProviders.resources.dll". Не удалось определить победителя, так как версии файла и сборки одинаковы.
         Обнаружен конфликт между "Platform:UIAutomationProvider.resources.dll" и "Platform:UIAutomationProvider.resources.dll". Не удалось определить победителя, так как версии файла и сборки одинаковы.
         Обнаружен конфликт между "Platform:UIAutomationTypes.resources.dll" и "Platform:UIAutomationTypes.resources.dll". Не удалось определить победителя, так как версии файла и сборки одинаковы.
         Обнаружен конфликт между "Platform:WindowsBase.resources.dll" и "Platform:WindowsBase.resources.dll". Не удалось определить победителя, так как версии файла и сборки одинаковы.
         Обнаружен конфликт между "Platform:WindowsFormsIntegration.resources.dll" и "Platform:WindowsFormsIntegration.resources.dll". Не удалось определить победителя, так как версии файла и сборки одинаковы.
         Обнаружен конфликт между "Platform:D3DCompiler_47_cor3.dll" и "Platform:D3DCompiler_47_cor3.dll". Не удалось определить победителя, так как версии файла и сборки одинаковы.
         Обнаружен конфликт между "Platform:PenImc_cor3.dll" и "Platform:PenImc_cor3.dll". Не удалось определить победителя, так как версии файла и сборки одинаковы.
         Обнаружен конфликт между "Platform:PresentationNative_cor3.dll" и "Platform:PresentationNative_cor3.dll". Не удалось определить победителя, так как версии файла и сборки одинаковы.
         Обнаружен конфликт между "Platform:vcruntime140_cor3.dll" и "Platform:vcruntime140_cor3.dll". Не удалось определить победителя, так как версии файла и сборки одинаковы.
         Обнаружен конфликт между "Platform:wpfgfx_cor3.dll" и "Platform:wpfgfx_cor3.dll". Не удалось определить победителя, так как версии файла и сборки одинаковы.
         Обнаружен конфликт между "Platform:System.Diagnostics.EventLog.Messages.dll" и "Platform:System.Diagnostics.EventLog.Messages.dll". Не удалось определить победителя, так как версии файла и сборки одинаковы.
         Обнаружен конфликт между "Platform:Accessibility.dll" и "Platform:Accessibility.dll". Не удалось определить победителя, так как версии файла и сборки одинаковы.
         Обнаружен конфликт между "Platform:Microsoft.VisualBasic.dll" и "Platform:Microsoft.VisualBasic.dll". Не удалось определить победителя, так как версии файла и сборки одинаковы.
         Обнаружен конфликт между "Platform:System.Design.dll" и "Platform:System.Design.dll". Не удалось определить победителя, так как версии файла и сборки одинаковы.
         Обнаружен конфликт между "Platform:System.Drawing.Design.dll" и "Platform:System.Drawing.Design.dll". Не удалось определить победителя, так как версии файла и сборки одинаковы.
         Обнаружен конфликт между "Platform:System.Drawing.dll" и "Platform:System.Drawing.dll". Не удалось определить победителя, так как версии файла и сборки одинаковы.
         Обнаружен конфликт между "Platform:System.Windows.Forms.Design.Editors.dll" и "Platform:System.Windows.Forms.Design.Editors.dll". Не удалось определить победителя, так как версии файла и сборки одинаковы.
         Обнаружен конфликт между "Platform:Microsoft.Win32.Registry.AccessControl.dll" и "Platform:Microsoft.Win32.Registry.AccessControl.dll". Не удалось определить победителя, так как версии файла и сборки одинаковы.
         Обнаружен конфликт между "Platform:Microsoft.Win32.SystemEvents.dll" и "Platform:Microsoft.Win32.SystemEvents.dll". Не удалось определить победителя, так как версии файла и сборки одинаковы.
         Обнаружен конфликт между "Platform:System.CodeDom.dll" и "Platform:System.CodeDom.dll". Не удалось определить победителя, так как версии файла и сборки одинаковы.
         Обнаружен конфликт между "Platform:System.Configuration.ConfigurationManager.dll" и "Platform:System.Configuration.ConfigurationManager.dll". Не удалось определить победителя, так как версии файла и сборки одинаковы.
         Обнаружен конфликт между "Platform:System.Diagnostics.EventLog.dll" и "Platform:System.Diagnostics.EventLog.dll". Не удалось определить победителя, так как версии файла и сборки одинаковы.
         Обнаружен конфликт между "Platform:System.Diagnostics.PerformanceCounter.dll" и "Platform:System.Diagnostics.PerformanceCounter.dll". Не удалось определить победителя, так как версии файла и сборки одинаковы.
         Обнаружен конфликт между "Platform:System.DirectoryServices.dll" и "Platform:System.DirectoryServices.dll". Не удалось определить победителя, так как версии файла и сборки одинаковы.
         Обнаружен конфликт между "Platform:System.Formats.Nrbf.dll" и "Platform:System.Formats.Nrbf.dll". Не удалось определить победителя, так как версии файла и сборки одинаковы.
         Обнаружен конфликт между "Platform:System.IO.Packaging.dll" и "Platform:System.IO.Packaging.dll". Не удалось определить победителя, так как версии файла и сборки одинаковы.
         Обнаружен конфликт между "Platform:System.Resources.Extensions.dll" и "Platform:System.Resources.Extensions.dll". Не удалось определить победителя, так как версии файла и сборки одинаковы.
         Обнаружен конфликт между "Platform:System.Security.Cryptography.Pkcs.dll" и "Platform:System.Security.Cryptography.Pkcs.dll". Не удалось определить победителя, так как версии файла и сборки одинаковы.
         Обнаружен конфликт между "Platform:System.Security.Cryptography.ProtectedData.dll" и "Platform:System.Security.Cryptography.ProtectedData.dll". Не удалось определить победителя, так как версии файла и сборки одинаковы.
         Обнаружен конфликт между "Platform:System.Security.Cryptography.Xml.dll" и "Platform:System.Security.Cryptography.Xml.dll". Не удалось определить победителя, так как версии файла и сборки одинаковы.
         Обнаружен конфликт между "Platform:System.Security.Permissions.dll" и "Platform:System.Security.Permissions.dll". Не удалось определить победителя, так как версии файла и сборки одинаковы.
         Обнаружен конфликт между "Platform:System.Windows.Extensions.dll" и "Platform:System.Windows.Extensions.dll". Не удалось определить победителя, так как версии файла и сборки одинаковы.
         Обнаружен конфликт между "Platform:Microsoft.VisualBasic.Forms.dll" и "Platform:Microsoft.VisualBasic.Forms.dll". Не удалось определить победителя, так как версии файла и сборки одинаковы.
         Обнаружен конфликт между "Platform:System.Drawing.Common.dll" и "Platform:System.Drawing.Common.dll". Не удалось определить победителя, так как версии файла и сборки одинаковы.
         Обнаружен конфликт между "Platform:System.Private.Windows.Core.dll" и "Platform:System.Private.Windows.Core.dll". Не удалось определить победителя, так как версии файла и сборки одинаковы.
         Обнаружен конфликт между "Platform:System.Private.Windows.GdiPlus.dll" и "Platform:System.Private.Windows.GdiPlus.dll". Не удалось определить победителя, так как версии файла и сборки одинаковы.
         Обнаружен конфликт между "Platform:System.Windows.Forms.Design.dll" и "Platform:System.Windows.Forms.Design.dll". Не удалось определить победителя, так как версии файла и сборки одинаковы.
         Обнаружен конфликт между "Platform:System.Windows.Forms.Primitives.dll" и "Platform:System.Windows.Forms.Primitives.dll". Не удалось определить победителя, так как версии файла и сборки одинаковы.
         Обнаружен конфликт между "Platform:System.Windows.Forms.dll" и "Platform:System.Windows.Forms.dll". Не удалось определить победителя, так как версии файла и сборки одинаковы.
         Обнаружен конфликт между "Platform:DirectWriteForwarder.dll" и "Platform:DirectWriteForwarder.dll". Не удалось определить победителя, так как версии файла и сборки одинаковы.
         Обнаружен конфликт между "Platform:PresentationCore.dll" и "Platform:PresentationCore.dll". Не удалось определить победителя, так как версии файла и сборки одинаковы.
         Обнаружен конфликт между "Platform:PresentationFramework-SystemCore.dll" и "Platform:PresentationFramework-SystemCore.dll". Не удалось определить победителя, так как версии файла и сборки одинаковы.
         Обнаружен конфликт между "Platform:PresentationFramework-SystemData.dll" и "Platform:PresentationFramework-SystemData.dll". Не удалось определить победителя, так как версии файла и сборки одинаковы.
         Обнаружен конфликт между "Platform:PresentationFramework-SystemDrawing.dll" и "Platform:PresentationFramework-SystemDrawing.dll". Не удалось определить победителя, так как версии файла и сборки одинаковы.
         Обнаружен конфликт между "Platform:PresentationFramework-SystemXml.dll" и "Platform:PresentationFramework-SystemXml.dll". Не удалось определить победителя, так как версии файла и сборки одинаковы.
         Обнаружен конфликт между "Platform:PresentationFramework-SystemXmlLinq.dll" и "Platform:PresentationFramework-SystemXmlLinq.dll". Не удалось определить победителя, так как версии файла и сборки одинаковы.
         Обнаружен конфликт между "Platform:PresentationFramework.Aero.dll" и "Platform:PresentationFramework.Aero.dll". Не удалось определить победителя, так как версии файла и сборки одинаковы.
         Обнаружен конфликт между "Platform:PresentationFramework.Aero2.dll" и "Platform:PresentationFramework.Aero2.dll". Не удалось определить победителя, так как версии файла и сборки одинаковы.
         Обнаружен конфликт между "Platform:PresentationFramework.AeroLite.dll" и "Platform:PresentationFramework.AeroLite.dll". Не удалось определить победителя, так как версии файла и сборки одинаковы.
         Обнаружен конфликт между "Platform:PresentationFramework.Classic.dll" и "Platform:PresentationFramework.Classic.dll". Не удалось определить победителя, так как версии файла и сборки одинаковы.
         Обнаружен конфликт между "Platform:PresentationFramework.Fluent.dll" и "Platform:PresentationFramework.Fluent.dll". Не удалось определить победителя, так как версии файла и сборки одинаковы.
         Обнаружен конфликт между "Platform:PresentationFramework.Luna.dll" и "Platform:PresentationFramework.Luna.dll". Не удалось определить победителя, так как версии файла и сборки одинаковы.
         Обнаружен конфликт между "Platform:PresentationFramework.Royale.dll" и "Platform:PresentationFramework.Royale.dll". Не удалось определить победителя, так как версии файла и сборки одинаковы.
         Обнаружен конфликт между "Platform:PresentationFramework.dll" и "Platform:PresentationFramework.dll". Не удалось определить победителя, так как версии файла и сборки одинаковы.
         Обнаружен конфликт между "Platform:PresentationUI.dll" и "Platform:PresentationUI.dll". Не удалось определить победителя, так как версии файла и сборки одинаковы.
         Обнаружен конфликт между "Platform:ReachFramework.dll" и "Platform:ReachFramework.dll". Не удалось определить победителя, так как версии файла и сборки одинаковы.
         Обнаружен конфликт между "Platform:System.Printing.dll" и "Platform:System.Printing.dll". Не удалось определить победителя, так как версии файла и сборки одинаковы.
         Обнаружен конфликт между "Platform:System.Windows.Controls.Ribbon.dll" и "Platform:System.Windows.Controls.Ribbon.dll". Не удалось определить победителя, так как версии файла и сборки одинаковы.
         Обнаружен конфликт между "Platform:System.Windows.Input.Manipulations.dll" и "Platform:System.Windows.Input.Manipulations.dll". Не удалось определить победителя, так как версии файла и сборки одинаковы.
         Обнаружен конфликт между "Platform:System.Windows.Presentation.dll" и "Platform:System.Windows.Presentation.dll". Не удалось определить победителя, так как версии файла и сборки одинаковы.
         Обнаружен конфликт между "Platform:System.Windows.Primitives.dll" и "Platform:System.Windows.Primitives.dll". Не удалось определить победителя, так как версии файла и сборки одинаковы.
         Обнаружен конфликт между "Platform:System.Xaml.dll" и "Platform:System.Xaml.dll". Не удалось определить победителя, так как версии файла и сборки одинаковы.
         Обнаружен конфликт между "Platform:UIAutomationClient.dll" и "Platform:UIAutomationClient.dll". Не удалось определить победителя, так как версии файла и сборки одинаковы.
         Обнаружен конфликт между "Platform:UIAutomationClientSideProviders.dll" и "Platform:UIAutomationClientSideProviders.dll". Не удалось определить победителя, так как версии файла и сборки одинаковы.
         Обнаружен конфликт между "Platform:UIAutomationProvider.dll" и "Platform:UIAutomationProvider.dll". Не удалось определить победителя, так как версии файла и сборки одинаковы.
         Обнаружен конфликт между "Platform:UIAutomationTypes.dll" и "Platform:UIAutomationTypes.dll". Не удалось определить победителя, так как версии файла и сборки одинаковы.
         Обнаружен конфликт между "Platform:WindowsBase.dll" и "Platform:WindowsBase.dll". Не удалось определить победителя, так как версии файла и сборки одинаковы.
         Обнаружен конфликт между "Platform:WindowsFormsIntegration.dll" и "Platform:WindowsFormsIntegration.dll". Не удалось определить победителя, так как версии файла и сборки одинаковы.
       Выполнение задачи "ResolvePackageFileConflicts" завершено.
   1:7>Сборка целевого объекта "_HandlePackageFileConflicts" в проекте "WeakestLink.csproj" завершена.
       Целевой объект "ResolveTargetingPackAssets" пропущен. Предыдущая сборка успешна.
   1:7>Целевой объект "ResolveAssemblyReferences" в файле "C:\Program Files\dotnet\sdk\10.0.200\Microsoft.Common.CurrentVersion.targets" из проекта "I:\WEAKEST LINK SOPFTWARE AI TESTERING FINALE\WeakestLink.csproj" (целевой объект "ResolveReferences" зависит от него):
       Используется задача "ResolveAssemblyReference" из сборки "Microsoft.Build.Tasks.Core, Version=15.1.0.0, Culture=neutral, PublicKeyToken=b03f5f7f11d50a3a".
       Задача "ResolveAssemblyReference"
         TargetFrameworkMoniker:
             .NETCoreApp,Version=v10.0
         TargetFrameworkMonikerDisplayName:
             .NET 10.0
         TargetedRuntimeVersion:
             
         Assemblies:
             C:\Users\Timontiy\.nuget\packages\hidlibrary\3.3.40\lib\netstandard2\HidLibrary.dll
                 Private = "false"
                 HintPath = "C:\Users\Timontiy\.nuget\packages\hidlibrary\3.3.40\lib\netstandard2\HidLibrary.dll"
             C:\Users\Timontiy\.nuget\packages\naudio\2.2.1\lib\net6.0-windows7.0\NAudio.dll
                 Private = "false"
                 HintPath = "C:\Users\Timontiy\.nuget\packages\naudio\2.2.1\lib\net6.0-windows7.0\NAudio.dll"
             C:\Users\Timontiy\.nuget\packages\naudio.asio\2.2.1\lib\netstandard2.0\NAudio.Asio.dll
                 Private = "false"
                 HintPath = "C:\Users\Timontiy\.nuget\packages\naudio.asio\2.2.1\lib\netstandard2.0\NAudio.Asio.dll"
             C:\Users\Timontiy\.nuget\packages\naudio.core\2.2.1\lib\netstandard2.0\NAudio.Core.dll
                 Private = "false"
                 HintPath = "C:\Users\Timontiy\.nuget\packages\naudio.core\2.2.1\lib\netstandard2.0\NAudio.Core.dll"
             C:\Users\Timontiy\.nuget\packages\naudio.midi\2.2.1\lib\netstandard2.0\NAudio.Midi.dll
                 Private = "false"
                 HintPath = "C:\Users\Timontiy\.nuget\packages\naudio.midi\2.2.1\lib\netstandard2.0\NAudio.Midi.dll"
             C:\Users\Timontiy\.nuget\packages\naudio.wasapi\2.2.1\lib\netstandard2.0\NAudio.Wasapi.dll
                 Private = "false"
                 HintPath = "C:\Users\Timontiy\.nuget\packages\naudio.wasapi\2.2.1\lib\netstandard2.0\NAudio.Wasapi.dll"
             C:\Users\Timontiy\.nuget\packages\naudio.winforms\2.2.1\lib\netcoreapp3.1\NAudio.WinForms.dll
                 Private = "false"
                 HintPath = "C:\Users\Timontiy\.nuget\packages\naudio.winforms\2.2.1\lib\netcoreapp3.1\NAudio.WinForms.dll"
             C:\Users\Timontiy\.nuget\packages\naudio.winmm\2.2.1\lib\netstandard2.0\NAudio.WinMM.dll
                 Private = "false"
                 HintPath = "C:\Users\Timontiy\.nuget\packages\naudio.winmm\2.2.1\lib\netstandard2.0\NAudio.WinMM.dll"
             C:\Users\Timontiy\.nuget\packages\qrcoder\1.7.0\lib\net6.0\QRCoder.dll
                 Private = "false"
                 HintPath = "C:\Users\Timontiy\.nuget\packages\qrcoder\1.7.0\lib\net6.0\QRCoder.dll"
             C:\Program Files\dotnet\packs\Microsoft.NETCore.App.Ref\10.0.4\ref/net10.0/Microsoft.CSharp.dll
                 Private = "false"
             C:\Program Files\dotnet\packs\Microsoft.NETCore.App.Ref\10.0.4\ref/net10.0/Microsoft.VisualBasic.Core.dll
                 Private = "false"
             C:\Program Files\dotnet\packs\Microsoft.NETCore.App.Ref\10.0.4\ref/net10.0/Microsoft.Win32.Primitives.dll
                 Private = "false"
             C:\Program Files\dotnet\packs\Microsoft.NETCore.App.Ref\10.0.4\ref/net10.0/Microsoft.Win32.Registry.dll
                 Private = "false"
             C:\Program Files\dotnet\packs\Microsoft.NETCore.App.Ref\10.0.4\ref/net10.0/System.AppContext.dll
                 Private = "false"
             C:\Program Files\dotnet\packs\Microsoft.NETCore.App.Ref\10.0.4\ref/net10.0/System.Buffers.dll
                 Private = "false"
             C:\Program Files\dotnet\packs\Microsoft.NETCore.App.Ref\10.0.4\ref/net10.0/System.Collections.Concurrent.dll
                 Private = "false"
             C:\Program Files\dotnet\packs\Microsoft.NETCore.App.Ref\10.0.4\ref/net10.0/System.Collections.Immutable.dll
                 Private = "false"
             C:\Program Files\dotnet\packs\Microsoft.NETCore.App.Ref\10.0.4\ref/net10.0/System.Collections.NonGeneric.dll
                 Private = "false"
             C:\Program Files\dotnet\packs\Microsoft.NETCore.App.Ref\10.0.4\ref/net10.0/System.Collections.Specialized.dll
                 Private = "false"
             C:\Program Files\dotnet\packs\Microsoft.NETCore.App.Ref\10.0.4\ref/net10.0/System.Collections.dll
                 Private = "false"
             C:\Program Files\dotnet\packs\Microsoft.NETCore.App.Ref\10.0.4\ref/net10.0/System.ComponentModel.Annotations.dll
                 Private = "false"
             C:\Program Files\dotnet\packs\Microsoft.NETCore.App.Ref\10.0.4\ref/net10.0/System.ComponentModel.DataAnnotations.dll
                 Private = "false"
             C:\Program Files\dotnet\packs\Microsoft.NETCore.App.Ref\10.0.4\ref/net10.0/System.ComponentModel.EventBasedAsync.dll
                 Private = "false"
             C:\Program Files\dotnet\packs\Microsoft.NETCore.App.Ref\10.0.4\ref/net10.0/System.ComponentModel.Primitives.dll
                 Private = "false"
             C:\Program Files\dotnet\packs\Microsoft.NETCore.App.Ref\10.0.4\ref/net10.0/System.ComponentModel.TypeConverter.dll
                 Private = "false"
             C:\Program Files\dotnet\packs\Microsoft.NETCore.App.Ref\10.0.4\ref/net10.0/System.ComponentModel.dll
                 Private = "false"
             C:\Program Files\dotnet\packs\Microsoft.NETCore.App.Ref\10.0.4\ref/net10.0/System.Configuration.dll
                 Private = "false"
             C:\Program Files\dotnet\packs\Microsoft.NETCore.App.Ref\10.0.4\ref/net10.0/System.Console.dll
                 Private = "false"
             C:\Program Files\dotnet\packs\Microsoft.NETCore.App.Ref\10.0.4\ref/net10.0/System.Core.dll
                 Private = "false"
             C:\Program Files\dotnet\packs\Microsoft.NETCore.App.Ref\10.0.4\ref/net10.0/System.Data.Common.dll
                 Private = "false"
             C:\Program Files\dotnet\packs\Microsoft.NETCore.App.Ref\10.0.4\ref/net10.0/System.Data.DataSetExtensions.dll
                 Private = "false"
             C:\Program Files\dotnet\packs\Microsoft.NETCore.App.Ref\10.0.4\ref/net10.0/System.Data.dll
                 Private = "false"
             C:\Program Files\dotnet\packs\Microsoft.NETCore.App.Ref\10.0.4\ref/net10.0/System.Diagnostics.Contracts.dll
                 Private = "false"
             C:\Program Files\dotnet\packs\Microsoft.NETCore.App.Ref\10.0.4\ref/net10.0/System.Diagnostics.Debug.dll
                 Private = "false"
             C:\Program Files\dotnet\packs\Microsoft.NETCore.App.Ref\10.0.4\ref/net10.0/System.Diagnostics.DiagnosticSource.dll
                 Private = "false"
             C:\Program Files\dotnet\packs\Microsoft.NETCore.App.Ref\10.0.4\ref/net10.0/System.Diagnostics.FileVersionInfo.dll
                 Private = "false"
             C:\Program Files\dotnet\packs\Microsoft.NETCore.App.Ref\10.0.4\ref/net10.0/System.Diagnostics.Process.dll
                 Private = "false"
             C:\Program Files\dotnet\packs\Microsoft.NETCore.App.Ref\10.0.4\ref/net10.0/System.Diagnostics.StackTrace.dll
                 Private = "false"
             C:\Program Files\dotnet\packs\Microsoft.NETCore.App.Ref\10.0.4\ref/net10.0/System.Diagnostics.TextWriterTraceListener.dll
                 Private = "false"
             C:\Program Files\dotnet\packs\Microsoft.NETCore.App.Ref\10.0.4\ref/net10.0/System.Diagnostics.Tools.dll
                 Private = "false"
             C:\Program Files\dotnet\packs\Microsoft.NETCore.App.Ref\10.0.4\ref/net10.0/System.Diagnostics.TraceSource.dll
                 Private = "false"
             C:\Program Files\dotnet\packs\Microsoft.NETCore.App.Ref\10.0.4\ref/net10.0/System.Diagnostics.Tracing.dll
                 Private = "false"
             C:\Program Files\dotnet\packs\Microsoft.NETCore.App.Ref\10.0.4\ref/net10.0/System.Drawing.Primitives.dll
                 Private = "false"
             C:\Program Files\dotnet\packs\Microsoft.NETCore.App.Ref\10.0.4\ref/net10.0/System.Dynamic.Runtime.dll
                 Private = "false"
             C:\Program Files\dotnet\packs\Microsoft.NETCore.App.Ref\10.0.4\ref/net10.0/System.Formats.Asn1.dll
                 Private = "false"
             C:\Program Files\dotnet\packs\Microsoft.NETCore.App.Ref\10.0.4\ref/net10.0/System.Formats.Tar.dll
                 Private = "false"
             C:\Program Files\dotnet\packs\Microsoft.NETCore.App.Ref\10.0.4\ref/net10.0/System.Globalization.Calendars.dll
                 Private = "false"
             C:\Program Files\dotnet\packs\Microsoft.NETCore.App.Ref\10.0.4\ref/net10.0/System.Globalization.Extensions.dll
                 Private = "false"
             C:\Program Files\dotnet\packs\Microsoft.NETCore.App.Ref\10.0.4\ref/net10.0/System.Globalization.dll
                 Private = "false"
             C:\Program Files\dotnet\packs\Microsoft.NETCore.App.Ref\10.0.4\ref/net10.0/System.IO.Compression.Brotli.dll
                 Private = "false"
             C:\Program Files\dotnet\packs\Microsoft.NETCore.App.Ref\10.0.4\ref/net10.0/System.IO.Compression.FileSystem.dll
                 Private = "false"
             C:\Program Files\dotnet\packs\Microsoft.NETCore.App.Ref\10.0.4\ref/net10.0/System.IO.Compression.ZipFile.dll
                 Private = "false"
             C:\Program Files\dotnet\packs\Microsoft.NETCore.App.Ref\10.0.4\ref/net10.0/System.IO.Compression.dll
                 Private = "false"
             C:\Program Files\dotnet\packs\Microsoft.NETCore.App.Ref\10.0.4\ref/net10.0/System.IO.FileSystem.AccessControl.dll
                 Private = "false"
             C:\Program Files\dotnet\packs\Microsoft.NETCore.App.Ref\10.0.4\ref/net10.0/System.IO.FileSystem.DriveInfo.dll
                 Private = "false"
             C:\Program Files\dotnet\packs\Microsoft.NETCore.App.Ref\10.0.4\ref/net10.0/System.IO.FileSystem.Primitives.dll
                 Private = "false"
             C:\Program Files\dotnet\packs\Microsoft.NETCore.App.Ref\10.0.4\ref/net10.0/System.IO.FileSystem.Watcher.dll
                 Private = "false"
             C:\Program Files\dotnet\packs\Microsoft.NETCore.App.Ref\10.0.4\ref/net10.0/System.IO.FileSystem.dll
                 Private = "false"
             C:\Program Files\dotnet\packs\Microsoft.NETCore.App.Ref\10.0.4\ref/net10.0/System.IO.IsolatedStorage.dll
                 Private = "false"
             C:\Program Files\dotnet\packs\Microsoft.NETCore.App.Ref\10.0.4\ref/net10.0/System.IO.MemoryMappedFiles.dll
                 Private = "false"
             C:\Program Files\dotnet\packs\Microsoft.NETCore.App.Ref\10.0.4\ref/net10.0/System.IO.Pipelines.dll
                 Private = "false"
             C:\Program Files\dotnet\packs\Microsoft.NETCore.App.Ref\10.0.4\ref/net10.0/System.IO.Pipes.AccessControl.dll
                 Private = "false"
             C:\Program Files\dotnet\packs\Microsoft.NETCore.App.Ref\10.0.4\ref/net10.0/System.IO.Pipes.dll
                 Private = "false"
             C:\Program Files\dotnet\packs\Microsoft.NETCore.App.Ref\10.0.4\ref/net10.0/System.IO.UnmanagedMemoryStream.dll
                 Private = "false"
             C:\Program Files\dotnet\packs\Microsoft.NETCore.App.Ref\10.0.4\ref/net10.0/System.IO.dll
                 Private = "false"
             C:\Program Files\dotnet\packs\Microsoft.NETCore.App.Ref\10.0.4\ref/net10.0/System.Linq.AsyncEnumerable.dll
                 Private = "false"
             C:\Program Files\dotnet\packs\Microsoft.NETCore.App.Ref\10.0.4\ref/net10.0/System.Linq.Expressions.dll
                 Private = "false"
             C:\Program Files\dotnet\packs\Microsoft.NETCore.App.Ref\10.0.4\ref/net10.0/System.Linq.Parallel.dll
                 Private = "false"
             C:\Program Files\dotnet\packs\Microsoft.NETCore.App.Ref\10.0.4\ref/net10.0/System.Linq.Queryable.dll
                 Private = "false"
             C:\Program Files\dotnet\packs\Microsoft.NETCore.App.Ref\10.0.4\ref/net10.0/System.Linq.dll
                 Private = "false"
             C:\Program Files\dotnet\packs\Microsoft.NETCore.App.Ref\10.0.4\ref/net10.0/System.Memory.dll
                 Private = "false"
             C:\Program Files\dotnet\packs\Microsoft.NETCore.App.Ref\10.0.4\ref/net10.0/System.Net.Http.Json.dll
                 Private = "false"
             C:\Program Files\dotnet\packs\Microsoft.NETCore.App.Ref\10.0.4\ref/net10.0/System.Net.Http.dll
                 Private = "false"
             C:\Program Files\dotnet\packs\Microsoft.NETCore.App.Ref\10.0.4\ref/net10.0/System.Net.HttpListener.dll
                 Private = "false"
             C:\Program Files\dotnet\packs\Microsoft.NETCore.App.Ref\10.0.4\ref/net10.0/System.Net.Mail.dll
                 Private = "false"
             C:\Program Files\dotnet\packs\Microsoft.NETCore.App.Ref\10.0.4\ref/net10.0/System.Net.NameResolution.dll
                 Private = "false"
             C:\Program Files\dotnet\packs\Microsoft.NETCore.App.Ref\10.0.4\ref/net10.0/System.Net.NetworkInformation.dll
                 Private = "false"
             C:\Program Files\dotnet\packs\Microsoft.NETCore.App.Ref\10.0.4\ref/net10.0/System.Net.Ping.dll
                 Private = "false"
             C:\Program Files\dotnet\packs\Microsoft.NETCore.App.Ref\10.0.4\ref/net10.0/System.Net.Primitives.dll
                 Private = "false"
             C:\Program Files\dotnet\packs\Microsoft.NETCore.App.Ref\10.0.4\ref/net10.0/System.Net.Quic.dll
                 Private = "false"
             C:\Program Files\dotnet\packs\Microsoft.NETCore.App.Ref\10.0.4\ref/net10.0/System.Net.Requests.dll
                 Private = "false"
             C:\Program Files\dotnet\packs\Microsoft.NETCore.App.Ref\10.0.4\ref/net10.0/System.Net.Security.dll
                 Private = "false"
             C:\Program Files\dotnet\packs\Microsoft.NETCore.App.Ref\10.0.4\ref/net10.0/System.Net.ServerSentEvents.dll
                 Private = "false"
             C:\Program Files\dotnet\packs\Microsoft.NETCore.App.Ref\10.0.4\ref/net10.0/System.Net.ServicePoint.dll
                 Private = "false"
             C:\Program Files\dotnet\packs\Microsoft.NETCore.App.Ref\10.0.4\ref/net10.0/System.Net.Sockets.dll
                 Private = "false"
             C:\Program Files\dotnet\packs\Microsoft.NETCore.App.Ref\10.0.4\ref/net10.0/System.Net.WebClient.dll
                 Private = "false"
             C:\Program Files\dotnet\packs\Microsoft.NETCore.App.Ref\10.0.4\ref/net10.0/System.Net.WebHeaderCollection.dll
                 Private = "false"
             C:\Program Files\dotnet\packs\Microsoft.NETCore.App.Ref\10.0.4\ref/net10.0/System.Net.WebProxy.dll
                 Private = "false"
             C:\Program Files\dotnet\packs\Microsoft.NETCore.App.Ref\10.0.4\ref/net10.0/System.Net.WebSockets.Client.dll
                 Private = "false"
             C:\Program Files\dotnet\packs\Microsoft.NETCore.App.Ref\10.0.4\ref/net10.0/System.Net.WebSockets.dll
                 Private = "false"
             C:\Program Files\dotnet\packs\Microsoft.NETCore.App.Ref\10.0.4\ref/net10.0/System.Net.dll
                 Private = "false"
             C:\Program Files\dotnet\packs\Microsoft.NETCore.App.Ref\10.0.4\ref/net10.0/System.Numerics.Vectors.dll
                 Private = "false"
             C:\Program Files\dotnet\packs\Microsoft.NETCore.App.Ref\10.0.4\ref/net10.0/System.Numerics.dll
                 Private = "false"
             C:\Program Files\dotnet\packs\Microsoft.NETCore.App.Ref\10.0.4\ref/net10.0/System.ObjectModel.dll
                 Private = "false"
             C:\Program Files\dotnet\packs\Microsoft.NETCore.App.Ref\10.0.4\ref/net10.0/System.Reflection.DispatchProxy.dll
                 Private = "false"
             C:\Program Files\dotnet\packs\Microsoft.NETCore.App.Ref\10.0.4\ref/net10.0/System.Reflection.Emit.ILGeneration.dll
                 Private = "false"
             C:\Program Files\dotnet\packs\Microsoft.NETCore.App.Ref\10.0.4\ref/net10.0/System.Reflection.Emit.Lightweight.dll
                 Private = "false"
             C:\Program Files\dotnet\packs\Microsoft.NETCore.App.Ref\10.0.4\ref/net10.0/System.Reflection.Emit.dll
                 Private = "false"
             C:\Program Files\dotnet\packs\Microsoft.NETCore.App.Ref\10.0.4\ref/net10.0/System.Reflection.Extensions.dll
                 Private = "false"
             C:\Program Files\dotnet\packs\Microsoft.NETCore.App.Ref\10.0.4\ref/net10.0/System.Reflection.Metadata.dll
                 Private = "false"
             C:\Program Files\dotnet\packs\Microsoft.NETCore.App.Ref\10.0.4\ref/net10.0/System.Reflection.Primitives.dll
                 Private = "false"
             C:\Program Files\dotnet\packs\Microsoft.NETCore.App.Ref\10.0.4\ref/net10.0/System.Reflection.TypeExtensions.dll
                 Private = "false"
             C:\Program Files\dotnet\packs\Microsoft.NETCore.App.Ref\10.0.4\ref/net10.0/System.Reflection.dll
                 Private = "false"
             C:\Program Files\dotnet\packs\Microsoft.NETCore.App.Ref\10.0.4\ref/net10.0/System.Resources.Reader.dll
                 Private = "false"
             C:\Program Files\dotnet\packs\Microsoft.NETCore.App.Ref\10.0.4\ref/net10.0/System.Resources.ResourceManager.dll
                 Private = "false"
             C:\Program Files\dotnet\packs\Microsoft.NETCore.App.Ref\10.0.4\ref/net10.0/System.Resources.Writer.dll
                 Private = "false"
             C:\Program Files\dotnet\packs\Microsoft.NETCore.App.Ref\10.0.4\ref/net10.0/System.Runtime.CompilerServices.Unsafe.dll
                 Private = "false"
             C:\Program Files\dotnet\packs\Microsoft.NETCore.App.Ref\10.0.4\ref/net10.0/System.Runtime.CompilerServices.VisualC.dll
                 Private = "false"
             C:\Program Files\dotnet\packs\Microsoft.NETCore.App.Ref\10.0.4\ref/net10.0/System.Runtime.Extensions.dll
                 Private = "false"
             C:\Program Files\dotnet\packs\Microsoft.NETCore.App.Ref\10.0.4\ref/net10.0/System.Runtime.Handles.dll
                 Private = "false"
             C:\Program Files\dotnet\packs\Microsoft.NETCore.App.Ref\10.0.4\ref/net10.0/System.Runtime.InteropServices.JavaScript.dll
                 Private = "false"
             C:\Program Files\dotnet\packs\Microsoft.NETCore.App.Ref\10.0.4\ref/net10.0/System.Runtime.InteropServices.RuntimeInformation.dll
                 Private = "false"
             C:\Program Files\dotnet\packs\Microsoft.NETCore.App.Ref\10.0.4\ref/net10.0/System.Runtime.InteropServices.dll
                 Private = "false"
             C:\Program Files\dotnet\packs\Microsoft.NETCore.App.Ref\10.0.4\ref/net10.0/System.Runtime.Intrinsics.dll
                 Private = "false"
             C:\Program Files\dotnet\packs\Microsoft.NETCore.App.Ref\10.0.4\ref/net10.0/System.Runtime.Loader.dll
                 Private = "false"
             C:\Program Files\dotnet\packs\Microsoft.NETCore.App.Ref\10.0.4\ref/net10.0/System.Runtime.Numerics.dll
                 Private = "false"
             C:\Program Files\dotnet\packs\Microsoft.NETCore.App.Ref\10.0.4\ref/net10.0/System.Runtime.Serialization.Formatters.dll
                 Private = "false"
             C:\Program Files\dotnet\packs\Microsoft.NETCore.App.Ref\10.0.4\ref/net10.0/System.Runtime.Serialization.Json.dll
                 Private = "false"
             C:\Program Files\dotnet\packs\Microsoft.NETCore.App.Ref\10.0.4\ref/net10.0/System.Runtime.Serialization.Primitives.dll
                 Private = "false"
             C:\Program Files\dotnet\packs\Microsoft.NETCore.App.Ref\10.0.4\ref/net10.0/System.Runtime.Serialization.Xml.dll
                 Private = "false"
             C:\Program Files\dotnet\packs\Microsoft.NETCore.App.Ref\10.0.4\ref/net10.0/System.Runtime.Serialization.dll
                 Private = "false"
             C:\Program Files\dotnet\packs\Microsoft.NETCore.App.Ref\10.0.4\ref/net10.0/System.Runtime.dll
                 Private = "false"
             C:\Program Files\dotnet\packs\Microsoft.NETCore.App.Ref\10.0.4\ref/net10.0/System.Security.AccessControl.dll
                 Private = "false"
             C:\Program Files\dotnet\packs\Microsoft.NETCore.App.Ref\10.0.4\ref/net10.0/System.Security.Claims.dll
                 Private = "false"
             C:\Program Files\dotnet\packs\Microsoft.NETCore.App.Ref\10.0.4\ref/net10.0/System.Security.Cryptography.Algorithms.dll
                 Private = "false"
             C:\Program Files\dotnet\packs\Microsoft.NETCore.App.Ref\10.0.4\ref/net10.0/System.Security.Cryptography.Cng.dll
                 Private = "false"
             C:\Program Files\dotnet\packs\Microsoft.NETCore.App.Ref\10.0.4\ref/net10.0/System.Security.Cryptography.Csp.dll
                 Private = "false"
             C:\Program Files\dotnet\packs\Microsoft.NETCore.App.Ref\10.0.4\ref/net10.0/System.Security.Cryptography.Encoding.dll
                 Private = "false"
             C:\Program Files\dotnet\packs\Microsoft.NETCore.App.Ref\10.0.4\ref/net10.0/System.Security.Cryptography.OpenSsl.dll
                 Private = "false"
             C:\Program Files\dotnet\packs\Microsoft.NETCore.App.Ref\10.0.4\ref/net10.0/System.Security.Cryptography.Primitives.dll
                 Private = "false"
             C:\Program Files\dotnet\packs\Microsoft.NETCore.App.Ref\10.0.4\ref/net10.0/System.Security.Cryptography.X509Certificates.dll
                 Private = "false"
             C:\Program Files\dotnet\packs\Microsoft.NETCore.App.Ref\10.0.4\ref/net10.0/System.Security.Cryptography.dll
                 Private = "false"
             C:\Program Files\dotnet\packs\Microsoft.NETCore.App.Ref\10.0.4\ref/net10.0/System.Security.Principal.Windows.dll
                 Private = "false"
             C:\Program Files\dotnet\packs\Microsoft.NETCore.App.Ref\10.0.4\ref/net10.0/System.Security.Principal.dll
                 Private = "false"
             C:\Program Files\dotnet\packs\Microsoft.NETCore.App.Ref\10.0.4\ref/net10.0/System.Security.SecureString.dll
                 Private = "false"
             C:\Program Files\dotnet\packs\Microsoft.NETCore.App.Ref\10.0.4\ref/net10.0/System.Security.dll
                 Private = "false"
             C:\Program Files\dotnet\packs\Microsoft.NETCore.App.Ref\10.0.4\ref/net10.0/System.ServiceModel.Web.dll
                 Private = "false"
             C:\Program Files\dotnet\packs\Microsoft.NETCore.App.Ref\10.0.4\ref/net10.0/System.ServiceProcess.dll
                 Private = "false"
             C:\Program Files\dotnet\packs\Microsoft.NETCore.App.Ref\10.0.4\ref/net10.0/System.Text.Encoding.CodePages.dll
                 Private = "false"
             C:\Program Files\dotnet\packs\Microsoft.NETCore.App.Ref\10.0.4\ref/net10.0/System.Text.Encoding.Extensions.dll
                 Private = "false"
             C:\Program Files\dotnet\packs\Microsoft.NETCore.App.Ref\10.0.4\ref/net10.0/System.Text.Encoding.dll
                 Private = "false"
             C:\Program Files\dotnet\packs\Microsoft.NETCore.App.Ref\10.0.4\ref/net10.0/System.Text.Encodings.Web.dll
                 Private = "false"
             C:\Program Files\dotnet\packs\Microsoft.NETCore.App.Ref\10.0.4\ref/net10.0/System.Text.Json.dll
                 Private = "false"
             C:\Program Files\dotnet\packs\Microsoft.NETCore.App.Ref\10.0.4\ref/net10.0/System.Text.RegularExpressions.dll
                 Private = "false"
             C:\Program Files\dotnet\packs\Microsoft.NETCore.App.Ref\10.0.4\ref/net10.0/System.Threading.AccessControl.dll
                 Private = "false"
             C:\Program Files\dotnet\packs\Microsoft.NETCore.App.Ref\10.0.4\ref/net10.0/System.Threading.Channels.dll
                 Private = "false"
             C:\Program Files\dotnet\packs\Microsoft.NETCore.App.Ref\10.0.4\ref/net10.0/System.Threading.Overlapped.dll
                 Private = "false"
             C:\Program Files\dotnet\packs\Microsoft.NETCore.App.Ref\10.0.4\ref/net10.0/System.Threading.Tasks.Dataflow.dll
                 Private = "false"
             C:\Program Files\dotnet\packs\Microsoft.NETCore.App.Ref\10.0.4\ref/net10.0/System.Threading.Tasks.Extensions.dll
                 Private = "false"
             C:\Program Files\dotnet\packs\Microsoft.NETCore.App.Ref\10.0.4\ref/net10.0/System.Threading.Tasks.Parallel.dll
                 Private = "false"
             C:\Program Files\dotnet\packs\Microsoft.NETCore.App.Ref\10.0.4\ref/net10.0/System.Threading.Tasks.dll
                 Private = "false"
             C:\Program Files\dotnet\packs\Microsoft.NETCore.App.Ref\10.0.4\ref/net10.0/System.Threading.Thread.dll
                 Private = "false"
             C:\Program Files\dotnet\packs\Microsoft.NETCore.App.Ref\10.0.4\ref/net10.0/System.Threading.ThreadPool.dll
                 Private = "false"
             C:\Program Files\dotnet\packs\Microsoft.NETCore.App.Ref\10.0.4\ref/net10.0/System.Threading.Timer.dll
                 Private = "false"
             C:\Program Files\dotnet\packs\Microsoft.NETCore.App.Ref\10.0.4\ref/net10.0/System.Threading.dll
                 Private = "false"
             C:\Program Files\dotnet\packs\Microsoft.NETCore.App.Ref\10.0.4\ref/net10.0/System.Transactions.Local.dll
                 Private = "false"
             C:\Program Files\dotnet\packs\Microsoft.NETCore.App.Ref\10.0.4\ref/net10.0/System.Transactions.dll
                 Private = "false"
             C:\Program Files\dotnet\packs\Microsoft.NETCore.App.Ref\10.0.4\ref/net10.0/System.ValueTuple.dll
                 Private = "false"
             C:\Program Files\dotnet\packs\Microsoft.NETCore.App.Ref\10.0.4\ref/net10.0/System.Web.HttpUtility.dll
                 Private = "false"
             C:\Program Files\dotnet\packs\Microsoft.NETCore.App.Ref\10.0.4\ref/net10.0/System.Web.dll
                 Private = "false"
             C:\Program Files\dotnet\packs\Microsoft.NETCore.App.Ref\10.0.4\ref/net10.0/System.Windows.dll
                 Private = "false"
             C:\Program Files\dotnet\packs\Microsoft.NETCore.App.Ref\10.0.4\ref/net10.0/System.Xml.Linq.dll
                 Private = "false"
             C:\Program Files\dotnet\packs\Microsoft.NETCore.App.Ref\10.0.4\ref/net10.0/System.Xml.ReaderWriter.dll
                 Private = "false"
             C:\Program Files\dotnet\packs\Microsoft.NETCore.App.Ref\10.0.4\ref/net10.0/System.Xml.Serialization.dll
                 Private = "false"
             C:\Program Files\dotnet\packs\Microsoft.NETCore.App.Ref\10.0.4\ref/net10.0/System.Xml.XDocument.dll
                 Private = "false"
             C:\Program Files\dotnet\packs\Microsoft.NETCore.App.Ref\10.0.4\ref/net10.0/System.Xml.XPath.XDocument.dll
                 Private = "false"
             C:\Program Files\dotnet\packs\Microsoft.NETCore.App.Ref\10.0.4\ref/net10.0/System.Xml.XPath.dll
                 Private = "false"
             C:\Program Files\dotnet\packs\Microsoft.NETCore.App.Ref\10.0.4\ref/net10.0/System.Xml.XmlDocument.dll
                 Private = "false"
             C:\Program Files\dotnet\packs\Microsoft.NETCore.App.Ref\10.0.4\ref/net10.0/System.Xml.XmlSerializer.dll
                 Private = "false"
             C:\Program Files\dotnet\packs\Microsoft.NETCore.App.Ref\10.0.4\ref/net10.0/System.Xml.dll
                 Private = "false"
             C:\Program Files\dotnet\packs\Microsoft.NETCore.App.Ref\10.0.4\ref/net10.0/System.dll
                 Private = "false"
             C:\Program Files\dotnet\packs\Microsoft.NETCore.App.Ref\10.0.4\ref/net10.0/mscorlib.dll
                 Private = "false"
             C:\Program Files\dotnet\packs\Microsoft.NETCore.App.Ref\10.0.4\ref/net10.0/netstandard.dll
                 Private = "false"
             C:\Program Files\dotnet\packs\Microsoft.WindowsDesktop.App.Ref\10.0.4\ref/net10.0/Accessibility.dll
                 Private = "false"
             C:\Program Files\dotnet\packs\Microsoft.WindowsDesktop.App.Ref\10.0.4\ref/net10.0/Microsoft.Win32.Registry.AccessControl.dll
                 Private = "false"
             C:\Program Files\dotnet\packs\Microsoft.WindowsDesktop.App.Ref\10.0.4\ref/net10.0/Microsoft.Win32.SystemEvents.dll
                 Private = "false"
             C:\Program Files\dotnet\packs\Microsoft.WindowsDesktop.App.Ref\10.0.4\ref/net10.0/PresentationCore.dll
                 Private = "false"
             C:\Program Files\dotnet\packs\Microsoft.WindowsDesktop.App.Ref\10.0.4\ref/net10.0/PresentationFramework.Aero.dll
                 Private = "false"
             C:\Program Files\dotnet\packs\Microsoft.WindowsDesktop.App.Ref\10.0.4\ref/net10.0/PresentationFramework.Aero2.dll
                 Private = "false"
             C:\Program Files\dotnet\packs\Microsoft.WindowsDesktop.App.Ref\10.0.4\ref/net10.0/PresentationFramework.AeroLite.dll
                 Private = "false"
             C:\Program Files\dotnet\packs\Microsoft.WindowsDesktop.App.Ref\10.0.4\ref/net10.0/PresentationFramework.Classic.dll
                 Private = "false"
             C:\Program Files\dotnet\packs\Microsoft.WindowsDesktop.App.Ref\10.0.4\ref/net10.0/PresentationFramework.Luna.dll
                 Private = "false"
             C:\Program Files\dotnet\packs\Microsoft.WindowsDesktop.App.Ref\10.0.4\ref/net10.0/PresentationFramework.Royale.dll
                 Private = "false"
             C:\Program Files\dotnet\packs\Microsoft.WindowsDesktop.App.Ref\10.0.4\ref/net10.0/PresentationFramework.dll
                 Private = "false"
             C:\Program Files\dotnet\packs\Microsoft.WindowsDesktop.App.Ref\10.0.4\ref/net10.0/PresentationUI.dll
                 Private = "false"
             C:\Program Files\dotnet\packs\Microsoft.WindowsDesktop.App.Ref\10.0.4\ref/net10.0/ReachFramework.dll
                 Private = "false"
             C:\Program Files\dotnet\packs\Microsoft.WindowsDesktop.App.Ref\10.0.4\ref/net10.0/System.CodeDom.dll
                 Private = "false"
             C:\Program Files\dotnet\packs\Microsoft.WindowsDesktop.App.Ref\10.0.4\ref/net10.0/System.Configuration.ConfigurationManager.dll
                 Private = "false"
             C:\Program Files\dotnet\packs\Microsoft.WindowsDesktop.App.Ref\10.0.4\ref/net10.0/System.Diagnostics.EventLog.dll
                 Private = "false"
             C:\Program Files\dotnet\packs\Microsoft.WindowsDesktop.App.Ref\10.0.4\ref/net10.0/System.Diagnostics.PerformanceCounter.dll
                 Private = "false"
             C:\Program Files\dotnet\packs\Microsoft.WindowsDesktop.App.Ref\10.0.4\ref/net10.0/System.DirectoryServices.dll
                 Private = "false"
             C:\Program Files\dotnet\packs\Microsoft.WindowsDesktop.App.Ref\10.0.4\ref/net10.0/System.Drawing.Common.dll
                 Private = "false"
             C:\Program Files\dotnet\packs\Microsoft.WindowsDesktop.App.Ref\10.0.4\ref/net10.0/System.Formats.Nrbf.dll
                 Private = "false"
             C:\Program Files\dotnet\packs\Microsoft.WindowsDesktop.App.Ref\10.0.4\ref/net10.0/System.IO.Packaging.dll
                 Private = "false"
             C:\Program Files\dotnet\packs\Microsoft.WindowsDesktop.App.Ref\10.0.4\ref/net10.0/System.Printing.dll
                 Private = "false"
             C:\Program Files\dotnet\packs\Microsoft.WindowsDesktop.App.Ref\10.0.4\ref/net10.0/System.Private.Windows.Core.dll
                 Private = "false"
             C:\Program Files\dotnet\packs\Microsoft.WindowsDesktop.App.Ref\10.0.4\ref/net10.0/System.Private.Windows.GdiPlus.dll
                 Private = "false"
             C:\Program Files\dotnet\packs\Microsoft.WindowsDesktop.App.Ref\10.0.4\ref/net10.0/System.Resources.Extensions.dll
                 Private = "false"
             C:\Program Files\dotnet\packs\Microsoft.WindowsDesktop.App.Ref\10.0.4\ref/net10.0/System.Security.Cryptography.Pkcs.dll
                 Private = "false"
             C:\Program Files\dotnet\packs\Microsoft.WindowsDesktop.App.Ref\10.0.4\ref/net10.0/System.Security.Cryptography.ProtectedData.dll
                 Private = "false"
             C:\Program Files\dotnet\packs\Microsoft.WindowsDesktop.App.Ref\10.0.4\ref/net10.0/System.Security.Cryptography.Xml.dll
                 Private = "false"
             C:\Program Files\dotnet\packs\Microsoft.WindowsDesktop.App.Ref\10.0.4\ref/net10.0/System.Security.Permissions.dll
                 Private = "false"
             C:\Program Files\dotnet\packs\Microsoft.WindowsDesktop.App.Ref\10.0.4\ref/net10.0/System.Windows.Controls.Ribbon.dll
                 Private = "false"
             C:\Program Files\dotnet\packs\Microsoft.WindowsDesktop.App.Ref\10.0.4\ref/net10.0/System.Windows.Extensions.dll
                 Private = "false"
             C:\Program Files\dotnet\packs\Microsoft.WindowsDesktop.App.Ref\10.0.4\ref/net10.0/System.Windows.Input.Manipulations.dll
                 Private = "false"
             C:\Program Files\dotnet\packs\Microsoft.WindowsDesktop.App.Ref\10.0.4\ref/net10.0/System.Windows.Presentation.dll
                 Private = "false"
             C:\Program Files\dotnet\packs\Microsoft.WindowsDesktop.App.Ref\10.0.4\ref/net10.0/System.Windows.Primitives.dll
                 Private = "false"
             C:\Program Files\dotnet\packs\Microsoft.WindowsDesktop.App.Ref\10.0.4\ref/net10.0/System.Xaml.dll
                 Private = "false"
             C:\Program Files\dotnet\packs\Microsoft.WindowsDesktop.App.Ref\10.0.4\ref/net10.0/UIAutomationClient.dll
                 Private = "false"
             C:\Program Files\dotnet\packs\Microsoft.WindowsDesktop.App.Ref\10.0.4\ref/net10.0/UIAutomationClientSideProviders.dll
                 Private = "false"
             C:\Program Files\dotnet\packs\Microsoft.WindowsDesktop.App.Ref\10.0.4\ref/net10.0/UIAutomationProvider.dll
                 Private = "false"
             C:\Program Files\dotnet\packs\Microsoft.WindowsDesktop.App.Ref\10.0.4\ref/net10.0/UIAutomationTypes.dll
                 Private = "false"
             C:\Program Files\dotnet\packs\Microsoft.WindowsDesktop.App.Ref\10.0.4\ref/net10.0/WindowsBase.dll
                 Private = "false"
             C:\Program Files\dotnet\packs\Microsoft.WindowsDesktop.App.Ref\10.0.4\ref/net10.0/Microsoft.VisualBasic.Forms.dll
                 Private = "false"
             C:\Program Files\dotnet\packs\Microsoft.WindowsDesktop.App.Ref\10.0.4\ref/net10.0/Microsoft.VisualBasic.dll
                 Private = "false"
             C:\Program Files\dotnet\packs\Microsoft.WindowsDesktop.App.Ref\10.0.4\ref/net10.0/System.Design.dll
                 Private = "false"
             C:\Program Files\dotnet\packs\Microsoft.WindowsDesktop.App.Ref\10.0.4\ref/net10.0/System.Drawing.Design.dll
                 Private = "false"
             C:\Program Files\dotnet\packs\Microsoft.WindowsDesktop.App.Ref\10.0.4\ref/net10.0/System.Drawing.dll
                 Private = "false"
             C:\Program Files\dotnet\packs\Microsoft.WindowsDesktop.App.Ref\10.0.4\ref/net10.0/System.Windows.Forms.Design.Editors.dll
                 Private = "false"
             C:\Program Files\dotnet\packs\Microsoft.WindowsDesktop.App.Ref\10.0.4\ref/net10.0/System.Windows.Forms.Design.dll
                 Private = "false"
             C:\Program Files\dotnet\packs\Microsoft.WindowsDesktop.App.Ref\10.0.4\ref/net10.0/System.Windows.Forms.Primitives.dll
                 Private = "false"
             C:\Program Files\dotnet\packs\Microsoft.WindowsDesktop.App.Ref\10.0.4\ref/net10.0/System.Windows.Forms.dll
                 Private = "false"
         AssemblyFiles:
         CandidateAssemblyFiles:
             6key_software\Update-20230714\app.publish\MINI KeyBoard.exe
             6key_software\Update-20230714\en-US\MINI KeyBoard.resources.dll
             6key_software\Update-20230714\HidLibrary.dll
             6key_software\Update-20230714\MINI KeyBoard.exe
             6key_software\Update-20230714\Theraot.Core.dll
             6key_software\Update-20230714\zh-CN\MINI KeyBoard.resources.dll
             6key_software\Update-20230714\zh-Hans\MINI KeyBoard.resources.dll
             Build233\Debug2\NAudio.Asio.dll
             Build233\Debug2\NAudio.Core.dll
             Build233\Debug2\NAudio.dll
             Build233\Debug2\NAudio.Midi.dll
             Build233\Debug2\NAudio.Wasapi.dll
             Build233\Debug2\NAudio.WinForms.dll
             Build233\Debug2\NAudio.WinMM.dll
             Build233\Debug2\QRCoder.dll
             Build233\Debug2\WeakestLink.dll
             Build233\Debug2\WeakestLink.exe
             Build233\Debug\net10.0-windows\NAudio.Asio.dll
             Build233\Debug\net10.0-windows\NAudio.Core.dll
             Build233\Debug\net10.0-windows\NAudio.dll
             Build233\Debug\net10.0-windows\NAudio.Midi.dll
             Build233\Debug\net10.0-windows\NAudio.Wasapi.dll
             Build233\Debug\net10.0-windows\NAudio.WinForms.dll
             Build233\Debug\net10.0-windows\NAudio.WinMM.dll
             Build233\Debug\net10.0-windows\QRCoder.dll
             Build233\Debug\net10.0-windows\WeakestLink.dll
             Build233\Debug\net10.0-windows\WeakestLink.exe
             Build233\Release\net10.0-windows\NAudio.Asio.dll
             Build233\Release\net10.0-windows\NAudio.Core.dll
             Build233\Release\net10.0-windows\NAudio.dll
             Build233\Release\net10.0-windows\NAudio.Midi.dll
             Build233\Release\net10.0-windows\NAudio.Wasapi.dll
             Build233\Release\net10.0-windows\NAudio.WinForms.dll
             Build233\Release\net10.0-windows\NAudio.WinMM.dll
             Build233\Release\net10.0-windows\QRCoder.dll
             Build233\Release\net10.0-windows\WeakestLink.dll
             Build233\Release\net10.0-windows\WeakestLink.exe
             Build\Debug\net10.0-windows\NAudio.Asio.dll
             Build\Debug\net10.0-windows\NAudio.Core.dll
             Build\Debug\net10.0-windows\NAudio.dll
             Build\Debug\net10.0-windows\NAudio.Midi.dll
             Build\Debug\net10.0-windows\NAudio.Wasapi.dll
             Build\Debug\net10.0-windows\NAudio.WinForms.dll
             Build\Debug\net10.0-windows\NAudio.WinMM.dll
             Build\Debug\net10.0-windows\QRCoder.dll
             Build\Debug\net10.0-windows\WeakestLink.dll
             Build\Debug\net10.0-windows\WeakestLink.exe
             Build\NAudio.Asio.dll
             Build\NAudio.Core.dll
             Build\NAudio.dll
             Build\NAudio.Midi.dll
             Build\NAudio.Wasapi.dll
             Build\NAudio.WinForms.dll
             Build\NAudio.WinMM.dll
             Build\QRCoder.dll
             Build\Release\net10.0-windows\NAudio.Asio.dll
             Build\Release\net10.0-windows\NAudio.Core.dll
             Build\Release\net10.0-windows\NAudio.dll
             Build\Release\net10.0-windows\NAudio.Midi.dll
             Build\Release\net10.0-windows\NAudio.Wasapi.dll
             Build\Release\net10.0-windows\NAudio.WinForms.dll
             Build\Release\net10.0-windows\NAudio.WinMM.dll
             Build\Release\net10.0-windows\QRCoder.dll
             Build\Release\net10.0-windows\WeakestLink.dll
             Build\Release\net10.0-windows\WeakestLink.exe
             Build\WeakestLink.dll
             Build\WeakestLink.exe
             Dist\net10.0-windows\NAudio.Asio.dll
             Dist\net10.0-windows\NAudio.Core.dll
             Dist\net10.0-windows\NAudio.dll
             Dist\net10.0-windows\NAudio.Midi.dll
             Dist\net10.0-windows\NAudio.Wasapi.dll
             Dist\net10.0-windows\NAudio.WinForms.dll
             Dist\net10.0-windows\NAudio.WinMM.dll
             Dist\net10.0-windows\QRCoder.dll
             Dist\net10.0-windows\WeakestLink.dll
             Dist\net10.0-windows\WeakestLink.exe
             macropad\ch57x-keyboard-tool.exe
         TargetFrameworkDirectories:
             
         NonCultureResourceDirectories:
             
         InstalledAssemblyTables:
         IgnoreInstalledAssemblyTable:
             False
         SearchPaths:
             {CandidateAssemblyFiles}
             {HintPathFromItem}
             {TargetFrameworkDirectory}
             {RawFileName}
         AllowedAssemblyExtensions:
             .winmd
             .dll
             .exe
         AllowedRelatedFileExtensions:
             .pdb
             .xml
             .pri
             .dll.config
             .exe.config
         AppConfigFile:
             
         AutoUnify:
             True
         EnableCustomCulture:
             False
         EnableCustomCulture:
             False
         CopyLocalDependenciesWhenParentReferenceInGac:
             True
         FindDependencies:
             True
         TargetProcessorArchitecture:
             msil
         StateFile:
             obj\Debug\net10.0-windows\WeakestLink.csproj.AssemblyReference.cache
         InstalledAssemblySubsetTables:
         IgnoreInstalledAssemblySubsetTable:
             False
         TargetFrameworkSubsets:
         FullTargetFrameworkSubsetNames:
             Full
         ProfileName:
             
         FullFrameworkFolders:
         LatestTargetFrameworkDirectories:
         ProfileTablesLocation:
         Первичная ссылка "HidLibrary, Version=3.2.49.0, Culture=neutral, PublicKeyToken=null".
             Разрешенный путь к файлу - "C:\Users\Timontiy\.nuget\packages\hidlibrary\3.3.40\lib\netstandard2\HidLibrary.dll".
             Обнаружена ссылка в расположении пути поиска "{HintPathFromItem}".
             Данная ссылка не является "CopyLocal" так как хотя бы для одного источника данных параметр "Private" имеет значение "false", и нет источников данных, для которых параметр "Private" имеет значение "true".
         Первичная ссылка "NAudio, Version=2.2.1.0, Culture=neutral, PublicKeyToken=e279aa5131008a41".
             Разрешенный путь к файлу - "C:\Users\Timontiy\.nuget\packages\naudio\2.2.1\lib\net6.0-windows7.0\NAudio.dll".
             Обнаружена ссылка в расположении пути поиска "{HintPathFromItem}".
             Данная ссылка не является "CopyLocal" так как хотя бы для одного источника данных параметр "Private" имеет значение "false", и нет источников данных, для которых параметр "Private" имеет значение "true".
         Первичная ссылка "NAudio.Asio, Version=2.2.1.0, Culture=neutral, PublicKeyToken=e279aa5131008a41".
             Разрешенный путь к файлу - "C:\Users\Timontiy\.nuget\packages\naudio.asio\2.2.1\lib\netstandard2.0\NAudio.Asio.dll".
             Обнаружена ссылка в расположении пути поиска "{HintPathFromItem}".
             Данная ссылка не является "CopyLocal" так как хотя бы для одного источника данных параметр "Private" имеет значение "false", и нет источников данных, для которых параметр "Private" имеет значение "true".
         Первичная ссылка "NAudio.Core, Version=2.2.1.0, Culture=neutral, PublicKeyToken=e279aa5131008a41".
             Разрешенный путь к файлу - "C:\Users\Timontiy\.nuget\packages\naudio.core\2.2.1\lib\netstandard2.0\NAudio.Core.dll".
             Обнаружена ссылка в расположении пути поиска "{HintPathFromItem}".
             Данная ссылка не является "CopyLocal" так как хотя бы для одного источника данных параметр "Private" имеет значение "false", и нет источников данных, для которых параметр "Private" имеет значение "true".
         Первичная ссылка "NAudio.Midi, Version=2.2.1.0, Culture=neutral, PublicKeyToken=e279aa5131008a41".
             Разрешенный путь к файлу - "C:\Users\Timontiy\.nuget\packages\naudio.midi\2.2.1\lib\netstandard2.0\NAudio.Midi.dll".
             Обнаружена ссылка в расположении пути поиска "{HintPathFromItem}".
             Данная ссылка не является "CopyLocal" так как хотя бы для одного источника данных параметр "Private" имеет значение "false", и нет источников данных, для которых параметр "Private" имеет значение "true".
         Первичная ссылка "NAudio.Wasapi, Version=2.2.1.0, Culture=neutral, PublicKeyToken=e279aa5131008a41".
             Разрешенный путь к файлу - "C:\Users\Timontiy\.nuget\packages\naudio.wasapi\2.2.1\lib\netstandard2.0\NAudio.Wasapi.dll".
             Обнаружена ссылка в расположении пути поиска "{HintPathFromItem}".
             Данная ссылка не является "CopyLocal" так как хотя бы для одного источника данных параметр "Private" имеет значение "false", и нет источников данных, для которых параметр "Private" имеет значение "true".
         Первичная ссылка "NAudio.WinForms, Version=2.2.1.0, Culture=neutral, PublicKeyToken=e279aa5131008a41".
             Разрешенный путь к файлу - "C:\Users\Timontiy\.nuget\packages\naudio.winforms\2.2.1\lib\netcoreapp3.1\NAudio.WinForms.dll".
             Обнаружена ссылка в расположении пути поиска "{HintPathFromItem}".
             Данная ссылка не является "CopyLocal" так как хотя бы для одного источника данных параметр "Private" имеет значение "false", и нет источников данных, для которых параметр "Private" имеет значение "true".
         Первичная ссылка "NAudio.WinMM, Version=2.2.1.0, Culture=neutral, PublicKeyToken=e279aa5131008a41".
             Разрешенный путь к файлу - "C:\Users\Timontiy\.nuget\packages\naudio.winmm\2.2.1\lib\netstandard2.0\NAudio.WinMM.dll".
             Обнаружена ссылка в расположении пути поиска "{HintPathFromItem}".
             Данная ссылка не является "CopyLocal" так как хотя бы для одного источника данных параметр "Private" имеет значение "false", и нет источников данных, для которых параметр "Private" имеет значение "true".
         Первичная ссылка "QRCoder, Version=1.7.0.0, Culture=neutral, PublicKeyToken=c4ed5b9ae8358a28".
             Разрешенный путь к файлу - "C:\Users\Timontiy\.nuget\packages\qrcoder\1.7.0\lib\net6.0\QRCoder.dll".
             Обнаружена ссылка в расположении пути поиска "{HintPathFromItem}".
             Данная ссылка не является "CopyLocal" так как хотя бы для одного источника данных параметр "Private" имеет значение "false", и нет источников данных, для которых параметр "Private" имеет значение "true".
         Первичная ссылка "Microsoft.CSharp, Version=10.0.0.0, Culture=neutral, PublicKeyToken=b03f5f7f11d50a3a".
             Разрешенный путь к файлу - "C:\Program Files\dotnet\packs\Microsoft.NETCore.App.Ref\10.0.4\ref\net10.0\Microsoft.CSharp.dll".
             Обнаружена ссылка в расположении пути поиска "{RawFileName}".
             Данная ссылка не является "CopyLocal" так как хотя бы для одного источника данных параметр "Private" имеет значение "false", и нет источников данных, для которых параметр "Private" имеет значение "true".
         Первичная ссылка "Microsoft.VisualBasic.Core, Version=15.0.0.0, Culture=neutral, PublicKeyToken=b03f5f7f11d50a3a".
             Разрешенный путь к файлу - "C:\Program Files\dotnet\packs\Microsoft.NETCore.App.Ref\10.0.4\ref\net10.0\Microsoft.VisualBasic.Core.dll".
             Обнаружена ссылка в расположении пути поиска "{RawFileName}".
             Данная ссылка не является "CopyLocal" так как хотя бы для одного источника данных параметр "Private" имеет значение "false", и нет источников данных, для которых параметр "Private" имеет значение "true".
         Первичная ссылка "Microsoft.Win32.Primitives, Version=10.0.0.0, Culture=neutral, PublicKeyToken=b03f5f7f11d50a3a".
             Разрешенный путь к файлу - "C:\Program Files\dotnet\packs\Microsoft.NETCore.App.Ref\10.0.4\ref\net10.0\Microsoft.Win32.Primitives.dll".
             Обнаружена ссылка в расположении пути поиска "{RawFileName}".
             Данная ссылка не является "CopyLocal" так как хотя бы для одного источника данных параметр "Private" имеет значение "false", и нет источников данных, для которых параметр "Private" имеет значение "true".
         Первичная ссылка "Microsoft.Win32.Registry, Version=10.0.0.0, Culture=neutral, PublicKeyToken=b03f5f7f11d50a3a".
             Разрешенный путь к файлу - "C:\Program Files\dotnet\packs\Microsoft.NETCore.App.Ref\10.0.4\ref\net10.0\Microsoft.Win32.Registry.dll".
             Обнаружена ссылка в расположении пути поиска "{RawFileName}".
             Данная ссылка не является "CopyLocal" так как хотя бы для одного источника данных параметр "Private" имеет значение "false", и нет источников данных, для которых параметр "Private" имеет значение "true".
         Первичная ссылка "System.AppContext, Version=10.0.0.0, Culture=neutral, PublicKeyToken=b03f5f7f11d50a3a".
             Разрешенный путь к файлу - "C:\Program Files\dotnet\packs\Microsoft.NETCore.App.Ref\10.0.4\ref\net10.0\System.AppContext.dll".
             Обнаружена ссылка в расположении пути поиска "{RawFileName}".
             Данная ссылка не является "CopyLocal" так как хотя бы для одного источника данных параметр "Private" имеет значение "false", и нет источников данных, для которых параметр "Private" имеет значение "true".
         Первичная ссылка "System.Buffers, Version=10.0.0.0, Culture=neutral, PublicKeyToken=cc7b13ffcd2ddd51".
             Разрешенный путь к файлу - "C:\Program Files\dotnet\packs\Microsoft.NETCore.App.Ref\10.0.4\ref\net10.0\System.Buffers.dll".
             Обнаружена ссылка в расположении пути поиска "{RawFileName}".
             Данная ссылка не является "CopyLocal" так как хотя бы для одного источника данных параметр "Private" имеет значение "false", и нет источников данных, для которых параметр "Private" имеет значение "true".
         Первичная ссылка "System.Collections.Concurrent, Version=10.0.0.0, Culture=neutral, PublicKeyToken=b03f5f7f11d50a3a".
             Разрешенный путь к файлу - "C:\Program Files\dotnet\packs\Microsoft.NETCore.App.Ref\10.0.4\ref\net10.0\System.Collections.Concurrent.dll".
             Обнаружена ссылка в расположении пути поиска "{RawFileName}".
             Данная ссылка не является "CopyLocal" так как хотя бы для одного источника данных параметр "Private" имеет значение "false", и нет источников данных, для которых параметр "Private" имеет значение "true".
         Первичная ссылка "System.Collections.Immutable, Version=10.0.0.0, Culture=neutral, PublicKeyToken=b03f5f7f11d50a3a".
             Разрешенный путь к файлу - "C:\Program Files\dotnet\packs\Microsoft.NETCore.App.Ref\10.0.4\ref\net10.0\System.Collections.Immutable.dll".
             Обнаружена ссылка в расположении пути поиска "{RawFileName}".
             Данная ссылка не является "CopyLocal" так как хотя бы для одного источника данных параметр "Private" имеет значение "false", и нет источников данных, для которых параметр "Private" имеет значение "true".
         Первичная ссылка "System.Collections.NonGeneric, Version=10.0.0.0, Culture=neutral, PublicKeyToken=b03f5f7f11d50a3a".
             Разрешенный путь к файлу - "C:\Program Files\dotnet\packs\Microsoft.NETCore.App.Ref\10.0.4\ref\net10.0\System.Collections.NonGeneric.dll".
             Обнаружена ссылка в расположении пути поиска "{RawFileName}".
             Данная ссылка не является "CopyLocal" так как хотя бы для одного источника данных параметр "Private" имеет значение "false", и нет источников данных, для которых параметр "Private" имеет значение "true".
         Первичная ссылка "System.Collections.Specialized, Version=10.0.0.0, Culture=neutral, PublicKeyToken=b03f5f7f11d50a3a".
             Разрешенный путь к файлу - "C:\Program Files\dotnet\packs\Microsoft.NETCore.App.Ref\10.0.4\ref\net10.0\System.Collections.Specialized.dll".
             Обнаружена ссылка в расположении пути поиска "{RawFileName}".
             Данная ссылка не является "CopyLocal" так как хотя бы для одного источника данных параметр "Private" имеет значение "false", и нет источников данных, для которых параметр "Private" имеет значение "true".
         Первичная ссылка "System.Collections, Version=10.0.0.0, Culture=neutral, PublicKeyToken=b03f5f7f11d50a3a".
             Разрешенный путь к файлу - "C:\Program Files\dotnet\packs\Microsoft.NETCore.App.Ref\10.0.4\ref\net10.0\System.Collections.dll".
             Обнаружена ссылка в расположении пути поиска "{RawFileName}".
             Данная ссылка не является "CopyLocal" так как хотя бы для одного источника данных параметр "Private" имеет значение "false", и нет источников данных, для которых параметр "Private" имеет значение "true".
         Первичная ссылка "System.ComponentModel.Annotations, Version=10.0.0.0, Culture=neutral, PublicKeyToken=b03f5f7f11d50a3a".
             Разрешенный путь к файлу - "C:\Program Files\dotnet\packs\Microsoft.NETCore.App.Ref\10.0.4\ref\net10.0\System.ComponentModel.Annotations.dll".
             Обнаружена ссылка в расположении пути поиска "{RawFileName}".
             Данная ссылка не является "CopyLocal" так как хотя бы для одного источника данных параметр "Private" имеет значение "false", и нет источников данных, для которых параметр "Private" имеет значение "true".
         Первичная ссылка "System.ComponentModel.DataAnnotations, Version=4.0.0.0, Culture=neutral, PublicKeyToken=31bf3856ad364e35".
             Разрешенный путь к файлу - "C:\Program Files\dotnet\packs\Microsoft.NETCore.App.Ref\10.0.4\ref\net10.0\System.ComponentModel.DataAnnotations.dll".
             Обнаружена ссылка в расположении пути поиска "{RawFileName}".
             Данная ссылка не является "CopyLocal" так как хотя бы для одного источника данных параметр "Private" имеет значение "false", и нет источников данных, для которых параметр "Private" имеет значение "true".
         Первичная ссылка "System.ComponentModel.EventBasedAsync, Version=10.0.0.0, Culture=neutral, PublicKeyToken=b03f5f7f11d50a3a".
             Разрешенный путь к файлу - "C:\Program Files\dotnet\packs\Microsoft.NETCore.App.Ref\10.0.4\ref\net10.0\System.ComponentModel.EventBasedAsync.dll".
             Обнаружена ссылка в расположении пути поиска "{RawFileName}".
             Данная ссылка не является "CopyLocal" так как хотя бы для одного источника данных параметр "Private" имеет значение "false", и нет источников данных, для которых параметр "Private" имеет значение "true".
         Первичная ссылка "System.ComponentModel.Primitives, Version=10.0.0.0, Culture=neutral, PublicKeyToken=b03f5f7f11d50a3a".
             Разрешенный путь к файлу - "C:\Program Files\dotnet\packs\Microsoft.NETCore.App.Ref\10.0.4\ref\net10.0\System.ComponentModel.Primitives.dll".
             Обнаружена ссылка в расположении пути поиска "{RawFileName}".
             Данная ссылка не является "CopyLocal" так как хотя бы для одного источника данных параметр "Private" имеет значение "false", и нет источников данных, для которых параметр "Private" имеет значение "true".
         Первичная ссылка "System.ComponentModel.TypeConverter, Version=10.0.0.0, Culture=neutral, PublicKeyToken=b03f5f7f11d50a3a".
             Разрешенный путь к файлу - "C:\Program Files\dotnet\packs\Microsoft.NETCore.App.Ref\10.0.4\ref\net10.0\System.ComponentModel.TypeConverter.dll".
             Обнаружена ссылка в расположении пути поиска "{RawFileName}".
             Данная ссылка не является "CopyLocal" так как хотя бы для одного источника данных параметр "Private" имеет значение "false", и нет источников данных, для которых параметр "Private" имеет значение "true".
         Первичная ссылка "System.ComponentModel, Version=10.0.0.0, Culture=neutral, PublicKeyToken=b03f5f7f11d50a3a".
             Разрешенный путь к файлу - "C:\Program Files\dotnet\packs\Microsoft.NETCore.App.Ref\10.0.4\ref\net10.0\System.ComponentModel.dll".
             Обнаружена ссылка в расположении пути поиска "{RawFileName}".
             Данная ссылка не является "CopyLocal" так как хотя бы для одного источника данных параметр "Private" имеет значение "false", и нет источников данных, для которых параметр "Private" имеет значение "true".
         Первичная ссылка "System.Configuration, Version=4.0.0.0, Culture=neutral, PublicKeyToken=b03f5f7f11d50a3a".
             Разрешенный путь к файлу - "C:\Program Files\dotnet\packs\Microsoft.NETCore.App.Ref\10.0.4\ref\net10.0\System.Configuration.dll".
             Обнаружена ссылка в расположении пути поиска "{RawFileName}".
             Данная ссылка не является "CopyLocal" так как хотя бы для одного источника данных параметр "Private" имеет значение "false", и нет источников данных, для которых параметр "Private" имеет значение "true".
         Первичная ссылка "System.Console, Version=10.0.0.0, Culture=neutral, PublicKeyToken=b03f5f7f11d50a3a".
             Разрешенный путь к файлу - "C:\Program Files\dotnet\packs\Microsoft.NETCore.App.Ref\10.0.4\ref\net10.0\System.Console.dll".
             Обнаружена ссылка в расположении пути поиска "{RawFileName}".
             Данная ссылка не является "CopyLocal" так как хотя бы для одного источника данных параметр "Private" имеет значение "false", и нет источников данных, для которых параметр "Private" имеет значение "true".
         Первичная ссылка "System.Core, Version=4.0.0.0, Culture=neutral, PublicKeyToken=b77a5c561934e089".
             Разрешенный путь к файлу - "C:\Program Files\dotnet\packs\Microsoft.NETCore.App.Ref\10.0.4\ref\net10.0\System.Core.dll".
             Обнаружена ссылка в расположении пути поиска "{RawFileName}".
             Данная ссылка не является "CopyLocal" так как хотя бы для одного источника данных параметр "Private" имеет значение "false", и нет источников данных, для которых параметр "Private" имеет значение "true".
         Первичная ссылка "System.Data.Common, Version=10.0.0.0, Culture=neutral, PublicKeyToken=b03f5f7f11d50a3a".
             Разрешенный путь к файлу - "C:\Program Files\dotnet\packs\Microsoft.NETCore.App.Ref\10.0.4\ref\net10.0\System.Data.Common.dll".
             Обнаружена ссылка в расположении пути поиска "{RawFileName}".
             Данная ссылка не является "CopyLocal" так как хотя бы для одного источника данных параметр "Private" имеет значение "false", и нет источников данных, для которых параметр "Private" имеет значение "true".
         Первичная ссылка "System.Data.DataSetExtensions, Version=10.0.0.0, Culture=neutral, PublicKeyToken=b77a5c561934e089".
             Разрешенный путь к файлу - "C:\Program Files\dotnet\packs\Microsoft.NETCore.App.Ref\10.0.4\ref\net10.0\System.Data.DataSetExtensions.dll".
             Обнаружена ссылка в расположении пути поиска "{RawFileName}".
             Данная ссылка не является "CopyLocal" так как хотя бы для одного источника данных параметр "Private" имеет значение "false", и нет источников данных, для которых параметр "Private" имеет значение "true".
         Первичная ссылка "System.Data, Version=4.0.0.0, Culture=neutral, PublicKeyToken=b77a5c561934e089".
             Разрешенный путь к файлу - "C:\Program Files\dotnet\packs\Microsoft.NETCore.App.Ref\10.0.4\ref\net10.0\System.Data.dll".
             Обнаружена ссылка в расположении пути поиска "{RawFileName}".
             Данная ссылка не является "CopyLocal" так как хотя бы для одного источника данных параметр "Private" имеет значение "false", и нет источников данных, для которых параметр "Private" имеет значение "true".
         Первичная ссылка "System.Diagnostics.Contracts, Version=10.0.0.0, Culture=neutral, PublicKeyToken=b03f5f7f11d50a3a".
             Разрешенный путь к файлу - "C:\Program Files\dotnet\packs\Microsoft.NETCore.App.Ref\10.0.4\ref\net10.0\System.Diagnostics.Contracts.dll".
             Обнаружена ссылка в расположении пути поиска "{RawFileName}".
             Данная ссылка не является "CopyLocal" так как хотя бы для одного источника данных параметр "Private" имеет значение "false", и нет источников данных, для которых параметр "Private" имеет значение "true".
         Первичная ссылка "System.Diagnostics.Debug, Version=10.0.0.0, Culture=neutral, PublicKeyToken=b03f5f7f11d50a3a".
             Разрешенный путь к файлу - "C:\Program Files\dotnet\packs\Microsoft.NETCore.App.Ref\10.0.4\ref\net10.0\System.Diagnostics.Debug.dll".
             Обнаружена ссылка в расположении пути поиска "{RawFileName}".
             Данная ссылка не является "CopyLocal" так как хотя бы для одного источника данных параметр "Private" имеет значение "false", и нет источников данных, для которых параметр "Private" имеет значение "true".
         Первичная ссылка "System.Diagnostics.DiagnosticSource, Version=10.0.0.0, Culture=neutral, PublicKeyToken=cc7b13ffcd2ddd51".
             Разрешенный путь к файлу - "C:\Program Files\dotnet\packs\Microsoft.NETCore.App.Ref\10.0.4\ref\net10.0\System.Diagnostics.DiagnosticSource.dll".
             Обнаружена ссылка в расположении пути поиска "{RawFileName}".
             Данная ссылка не является "CopyLocal" так как хотя бы для одного источника данных параметр "Private" имеет значение "false", и нет источников данных, для которых параметр "Private" имеет значение "true".
         Первичная ссылка "System.Diagnostics.FileVersionInfo, Version=10.0.0.0, Culture=neutral, PublicKeyToken=b03f5f7f11d50a3a".
             Разрешенный путь к файлу - "C:\Program Files\dotnet\packs\Microsoft.NETCore.App.Ref\10.0.4\ref\net10.0\System.Diagnostics.FileVersionInfo.dll".
             Обнаружена ссылка в расположении пути поиска "{RawFileName}".
             Данная ссылка не является "CopyLocal" так как хотя бы для одного источника данных параметр "Private" имеет значение "false", и нет источников данных, для которых параметр "Private" имеет значение "true".
         Первичная ссылка "System.Diagnostics.Process, Version=10.0.0.0, Culture=neutral, PublicKeyToken=b03f5f7f11d50a3a".
             Разрешенный путь к файлу - "C:\Program Files\dotnet\packs\Microsoft.NETCore.App.Ref\10.0.4\ref\net10.0\System.Diagnostics.Process.dll".
             Обнаружена ссылка в расположении пути поиска "{RawFileName}".
             Данная ссылка не является "CopyLocal" так как хотя бы для одного источника данных параметр "Private" имеет значение "false", и нет источников данных, для которых параметр "Private" имеет значение "true".
         Первичная ссылка "System.Diagnostics.StackTrace, Version=10.0.0.0, Culture=neutral, PublicKeyToken=b03f5f7f11d50a3a".
             Разрешенный путь к файлу - "C:\Program Files\dotnet\packs\Microsoft.NETCore.App.Ref\10.0.4\ref\net10.0\System.Diagnostics.StackTrace.dll".
             Обнаружена ссылка в расположении пути поиска "{RawFileName}".
             Данная ссылка не является "CopyLocal" так как хотя бы для одного источника данных параметр "Private" имеет значение "false", и нет источников данных, для которых параметр "Private" имеет значение "true".
         Первичная ссылка "System.Diagnostics.TextWriterTraceListener, Version=10.0.0.0, Culture=neutral, PublicKeyToken=b03f5f7f11d50a3a".
             Разрешенный путь к файлу - "C:\Program Files\dotnet\packs\Microsoft.NETCore.App.Ref\10.0.4\ref\net10.0\System.Diagnostics.TextWriterTraceListener.dll".
             Обнаружена ссылка в расположении пути поиска "{RawFileName}".
             Данная ссылка не является "CopyLocal" так как хотя бы для одного источника данных параметр "Private" имеет значение "false", и нет источников данных, для которых параметр "Private" имеет значение "true".
         Первичная ссылка "System.Diagnostics.Tools, Version=10.0.0.0, Culture=neutral, PublicKeyToken=b03f5f7f11d50a3a".
             Разрешенный путь к файлу - "C:\Program Files\dotnet\packs\Microsoft.NETCore.App.Ref\10.0.4\ref\net10.0\System.Diagnostics.Tools.dll".
             Обнаружена ссылка в расположении пути поиска "{RawFileName}".
             Данная ссылка не является "CopyLocal" так как хотя бы для одного источника данных параметр "Private" имеет значение "false", и нет источников данных, для которых параметр "Private" имеет значение "true".
         Первичная ссылка "System.Diagnostics.TraceSource, Version=10.0.0.0, Culture=neutral, PublicKeyToken=b03f5f7f11d50a3a".
             Разрешенный путь к файлу - "C:\Program Files\dotnet\packs\Microsoft.NETCore.App.Ref\10.0.4\ref\net10.0\System.Diagnostics.TraceSource.dll".
             Обнаружена ссылка в расположении пути поиска "{RawFileName}".
             Данная ссылка не является "CopyLocal" так как хотя бы для одного источника данных параметр "Private" имеет значение "false", и нет источников данных, для которых параметр "Private" имеет значение "true".
         Первичная ссылка "System.Diagnostics.Tracing, Version=10.0.0.0, Culture=neutral, PublicKeyToken=b03f5f7f11d50a3a".
             Разрешенный путь к файлу - "C:\Program Files\dotnet\packs\Microsoft.NETCore.App.Ref\10.0.4\ref\net10.0\System.Diagnostics.Tracing.dll".
             Обнаружена ссылка в расположении пути поиска "{RawFileName}".
             Данная ссылка не является "CopyLocal" так как хотя бы для одного источника данных параметр "Private" имеет значение "false", и нет источников данных, для которых параметр "Private" имеет значение "true".
         Первичная ссылка "System.Drawing.Primitives, Version=10.0.0.0, Culture=neutral, PublicKeyToken=b03f5f7f11d50a3a".
             Разрешенный путь к файлу - "C:\Program Files\dotnet\packs\Microsoft.NETCore.App.Ref\10.0.4\ref\net10.0\System.Drawing.Primitives.dll".
             Обнаружена ссылка в расположении пути поиска "{RawFileName}".
             Данная ссылка не является "CopyLocal" так как хотя бы для одного источника данных параметр "Private" имеет значение "false", и нет источников данных, для которых параметр "Private" имеет значение "true".
         Первичная ссылка "System.Dynamic.Runtime, Version=10.0.0.0, Culture=neutral, PublicKeyToken=b03f5f7f11d50a3a".
             Разрешенный путь к файлу - "C:\Program Files\dotnet\packs\Microsoft.NETCore.App.Ref\10.0.4\ref\net10.0\System.Dynamic.Runtime.dll".
             Обнаружена ссылка в расположении пути поиска "{RawFileName}".
             Данная ссылка не является "CopyLocal" так как хотя бы для одного источника данных параметр "Private" имеет значение "false", и нет источников данных, для которых параметр "Private" имеет значение "true".
         Первичная ссылка "System.Formats.Asn1, Version=10.0.0.0, Culture=neutral, PublicKeyToken=cc7b13ffcd2ddd51".
             Разрешенный путь к файлу - "C:\Program Files\dotnet\packs\Microsoft.NETCore.App.Ref\10.0.4\ref\net10.0\System.Formats.Asn1.dll".
             Обнаружена ссылка в расположении пути поиска "{RawFileName}".
             Данная ссылка не является "CopyLocal" так как хотя бы для одного источника данных параметр "Private" имеет значение "false", и нет источников данных, для которых параметр "Private" имеет значение "true".
         Первичная ссылка "System.Formats.Tar, Version=10.0.0.0, Culture=neutral, PublicKeyToken=cc7b13ffcd2ddd51".
             Разрешенный путь к файлу - "C:\Program Files\dotnet\packs\Microsoft.NETCore.App.Ref\10.0.4\ref\net10.0\System.Formats.Tar.dll".
             Обнаружена ссылка в расположении пути поиска "{RawFileName}".
             Данная ссылка не является "CopyLocal" так как хотя бы для одного источника данных параметр "Private" имеет значение "false", и нет источников данных, для которых параметр "Private" имеет значение "true".
         Первичная ссылка "System.Globalization.Calendars, Version=10.0.0.0, Culture=neutral, PublicKeyToken=b03f5f7f11d50a3a".
             Разрешенный путь к файлу - "C:\Program Files\dotnet\packs\Microsoft.NETCore.App.Ref\10.0.4\ref\net10.0\System.Globalization.Calendars.dll".
             Обнаружена ссылка в расположении пути поиска "{RawFileName}".
             Данная ссылка не является "CopyLocal" так как хотя бы для одного источника данных параметр "Private" имеет значение "false", и нет источников данных, для которых параметр "Private" имеет значение "true".
         Первичная ссылка "System.Globalization.Extensions, Version=10.0.0.0, Culture=neutral, PublicKeyToken=b03f5f7f11d50a3a".
             Разрешенный путь к файлу - "C:\Program Files\dotnet\packs\Microsoft.NETCore.App.Ref\10.0.4\ref\net10.0\System.Globalization.Extensions.dll".
             Обнаружена ссылка в расположении пути поиска "{RawFileName}".
             Данная ссылка не является "CopyLocal" так как хотя бы для одного источника данных параметр "Private" имеет значение "false", и нет источников данных, для которых параметр "Private" имеет значение "true".
         Первичная ссылка "System.Globalization, Version=10.0.0.0, Culture=neutral, PublicKeyToken=b03f5f7f11d50a3a".
             Разрешенный путь к файлу - "C:\Program Files\dotnet\packs\Microsoft.NETCore.App.Ref\10.0.4\ref\net10.0\System.Globalization.dll".
             Обнаружена ссылка в расположении пути поиска "{RawFileName}".
             Данная ссылка не является "CopyLocal" так как хотя бы для одного источника данных параметр "Private" имеет значение "false", и нет источников данных, для которых параметр "Private" имеет значение "true".
         Первичная ссылка "System.IO.Compression.Brotli, Version=10.0.0.0, Culture=neutral, PublicKeyToken=b77a5c561934e089".
             Разрешенный путь к файлу - "C:\Program Files\dotnet\packs\Microsoft.NETCore.App.Ref\10.0.4\ref\net10.0\System.IO.Compression.Brotli.dll".
             Обнаружена ссылка в расположении пути поиска "{RawFileName}".
             Данная ссылка не является "CopyLocal" так как хотя бы для одного источника данных параметр "Private" имеет значение "false", и нет источников данных, для которых параметр "Private" имеет значение "true".
         Первичная ссылка "System.IO.Compression.FileSystem, Version=4.0.0.0, Culture=neutral, PublicKeyToken=b77a5c561934e089".
             Разрешенный путь к файлу - "C:\Program Files\dotnet\packs\Microsoft.NETCore.App.Ref\10.0.4\ref\net10.0\System.IO.Compression.FileSystem.dll".
             Обнаружена ссылка в расположении пути поиска "{RawFileName}".
             Данная ссылка не является "CopyLocal" так как хотя бы для одного источника данных параметр "Private" имеет значение "false", и нет источников данных, для которых параметр "Private" имеет значение "true".
         Первичная ссылка "System.IO.Compression.ZipFile, Version=10.0.0.0, Culture=neutral, PublicKeyToken=b77a5c561934e089".
             Разрешенный путь к файлу - "C:\Program Files\dotnet\packs\Microsoft.NETCore.App.Ref\10.0.4\ref\net10.0\System.IO.Compression.ZipFile.dll".
             Обнаружена ссылка в расположении пути поиска "{RawFileName}".
             Данная ссылка не является "CopyLocal" так как хотя бы для одного источника данных параметр "Private" имеет значение "false", и нет источников данных, для которых параметр "Private" имеет значение "true".
         Первичная ссылка "System.IO.Compression, Version=10.0.0.0, Culture=neutral, PublicKeyToken=b77a5c561934e089".
             Разрешенный путь к файлу - "C:\Program Files\dotnet\packs\Microsoft.NETCore.App.Ref\10.0.4\ref\net10.0\System.IO.Compression.dll".
             Обнаружена ссылка в расположении пути поиска "{RawFileName}".
             Данная ссылка не является "CopyLocal" так как хотя бы для одного источника данных параметр "Private" имеет значение "false", и нет источников данных, для которых параметр "Private" имеет значение "true".
         Первичная ссылка "System.IO.FileSystem.AccessControl, Version=10.0.0.0, Culture=neutral, PublicKeyToken=b03f5f7f11d50a3a".
             Разрешенный путь к файлу - "C:\Program Files\dotnet\packs\Microsoft.NETCore.App.Ref\10.0.4\ref\net10.0\System.IO.FileSystem.AccessControl.dll".
             Обнаружена ссылка в расположении пути поиска "{RawFileName}".
             Данная ссылка не является "CopyLocal" так как хотя бы для одного источника данных параметр "Private" имеет значение "false", и нет источников данных, для которых параметр "Private" имеет значение "true".
         Первичная ссылка "System.IO.FileSystem.DriveInfo, Version=10.0.0.0, Culture=neutral, PublicKeyToken=b03f5f7f11d50a3a".
             Разрешенный путь к файлу - "C:\Program Files\dotnet\packs\Microsoft.NETCore.App.Ref\10.0.4\ref\net10.0\System.IO.FileSystem.DriveInfo.dll".
             Обнаружена ссылка в расположении пути поиска "{RawFileName}".
             Данная ссылка не является "CopyLocal" так как хотя бы для одного источника данных параметр "Private" имеет значение "false", и нет источников данных, для которых параметр "Private" имеет значение "true".
         Первичная ссылка "System.IO.FileSystem.Primitives, Version=10.0.0.0, Culture=neutral, PublicKeyToken=b03f5f7f11d50a3a".
             Разрешенный путь к файлу - "C:\Program Files\dotnet\packs\Microsoft.NETCore.App.Ref\10.0.4\ref\net10.0\System.IO.FileSystem.Primitives.dll".
             Обнаружена ссылка в расположении пути поиска "{RawFileName}".
             Данная ссылка не является "CopyLocal" так как хотя бы для одного источника данных параметр "Private" имеет значение "false", и нет источников данных, для которых параметр "Private" имеет значение "true".
         Первичная ссылка "System.IO.FileSystem.Watcher, Version=10.0.0.0, Culture=neutral, PublicKeyToken=b03f5f7f11d50a3a".
             Разрешенный путь к файлу - "C:\Program Files\dotnet\packs\Microsoft.NETCore.App.Ref\10.0.4\ref\net10.0\System.IO.FileSystem.Watcher.dll".
             Обнаружена ссылка в расположении пути поиска "{RawFileName}".
             Данная ссылка не является "CopyLocal" так как хотя бы для одного источника данных параметр "Private" имеет значение "false", и нет источников данных, для которых параметр "Private" имеет значение "true".
         Первичная ссылка "System.IO.FileSystem, Version=10.0.0.0, Culture=neutral, PublicKeyToken=b03f5f7f11d50a3a".
             Разрешенный путь к файлу - "C:\Program Files\dotnet\packs\Microsoft.NETCore.App.Ref\10.0.4\ref\net10.0\System.IO.FileSystem.dll".
             Обнаружена ссылка в расположении пути поиска "{RawFileName}".
             Данная ссылка не является "CopyLocal" так как хотя бы для одного источника данных параметр "Private" имеет значение "false", и нет источников данных, для которых параметр "Private" имеет значение "true".
         Первичная ссылка "System.IO.IsolatedStorage, Version=10.0.0.0, Culture=neutral, PublicKeyToken=b03f5f7f11d50a3a".
             Разрешенный путь к файлу - "C:\Program Files\dotnet\packs\Microsoft.NETCore.App.Ref\10.0.4\ref\net10.0\System.IO.IsolatedStorage.dll".
             Обнаружена ссылка в расположении пути поиска "{RawFileName}".
             Данная ссылка не является "CopyLocal" так как хотя бы для одного источника данных параметр "Private" имеет значение "false", и нет источников данных, для которых параметр "Private" имеет значение "true".
         Первичная ссылка "System.IO.MemoryMappedFiles, Version=10.0.0.0, Culture=neutral, PublicKeyToken=b03f5f7f11d50a3a".
             Разрешенный путь к файлу - "C:\Program Files\dotnet\packs\Microsoft.NETCore.App.Ref\10.0.4\ref\net10.0\System.IO.MemoryMappedFiles.dll".
             Обнаружена ссылка в расположении пути поиска "{RawFileName}".
             Данная ссылка не является "CopyLocal" так как хотя бы для одного источника данных параметр "Private" имеет значение "false", и нет источников данных, для которых параметр "Private" имеет значение "true".
         Первичная ссылка "System.IO.Pipelines, Version=10.0.0.0, Culture=neutral, PublicKeyToken=cc7b13ffcd2ddd51".
             Разрешенный путь к файлу - "C:\Program Files\dotnet\packs\Microsoft.NETCore.App.Ref\10.0.4\ref\net10.0\System.IO.Pipelines.dll".
             Обнаружена ссылка в расположении пути поиска "{RawFileName}".
             Данная ссылка не является "CopyLocal" так как хотя бы для одного источника данных параметр "Private" имеет значение "false", и нет источников данных, для которых параметр "Private" имеет значение "true".
         Первичная ссылка "System.IO.Pipes.AccessControl, Version=10.0.0.0, Culture=neutral, PublicKeyToken=b03f5f7f11d50a3a".
             Разрешенный путь к файлу - "C:\Program Files\dotnet\packs\Microsoft.NETCore.App.Ref\10.0.4\ref\net10.0\System.IO.Pipes.AccessControl.dll".
             Обнаружена ссылка в расположении пути поиска "{RawFileName}".
             Данная ссылка не является "CopyLocal" так как хотя бы для одного источника данных параметр "Private" имеет значение "false", и нет источников данных, для которых параметр "Private" имеет значение "true".
         Первичная ссылка "System.IO.Pipes, Version=10.0.0.0, Culture=neutral, PublicKeyToken=b03f5f7f11d50a3a".
             Разрешенный путь к файлу - "C:\Program Files\dotnet\packs\Microsoft.NETCore.App.Ref\10.0.4\ref\net10.0\System.IO.Pipes.dll".
             Обнаружена ссылка в расположении пути поиска "{RawFileName}".
             Данная ссылка не является "CopyLocal" так как хотя бы для одного источника данных параметр "Private" имеет значение "false", и нет источников данных, для которых параметр "Private" имеет значение "true".
         Первичная ссылка "System.IO.UnmanagedMemoryStream, Version=10.0.0.0, Culture=neutral, PublicKeyToken=b03f5f7f11d50a3a".
             Разрешенный путь к файлу - "C:\Program Files\dotnet\packs\Microsoft.NETCore.App.Ref\10.0.4\ref\net10.0\System.IO.UnmanagedMemoryStream.dll".
             Обнаружена ссылка в расположении пути поиска "{RawFileName}".
             Данная ссылка не является "CopyLocal" так как хотя бы для одного источника данных параметр "Private" имеет значение "false", и нет источников данных, для которых параметр "Private" имеет значение "true".
         Первичная ссылка "System.IO, Version=10.0.0.0, Culture=neutral, PublicKeyToken=b03f5f7f11d50a3a".
             Разрешенный путь к файлу - "C:\Program Files\dotnet\packs\Microsoft.NETCore.App.Ref\10.0.4\ref\net10.0\System.IO.dll".
             Обнаружена ссылка в расположении пути поиска "{RawFileName}".
             Данная ссылка не является "CopyLocal" так как хотя бы для одного источника данных параметр "Private" имеет значение "false", и нет источников данных, для которых параметр "Private" имеет значение "true".
         Первичная ссылка "System.Linq.AsyncEnumerable, Version=10.0.0.0, Culture=neutral, PublicKeyToken=b03f5f7f11d50a3a".
             Разрешенный путь к файлу - "C:\Program Files\dotnet\packs\Microsoft.NETCore.App.Ref\10.0.4\ref\net10.0\System.Linq.AsyncEnumerable.dll".
             Обнаружена ссылка в расположении пути поиска "{RawFileName}".
             Данная ссылка не является "CopyLocal" так как хотя бы для одного источника данных параметр "Private" имеет значение "false", и нет источников данных, для которых параметр "Private" имеет значение "true".
         Первичная ссылка "System.Linq.Expressions, Version=10.0.0.0, Culture=neutral, PublicKeyToken=b03f5f7f11d50a3a".
             Разрешенный путь к файлу - "C:\Program Files\dotnet\packs\Microsoft.NETCore.App.Ref\10.0.4\ref\net10.0\System.Linq.Expressions.dll".
             Обнаружена ссылка в расположении пути поиска "{RawFileName}".
             Данная ссылка не является "CopyLocal" так как хотя бы для одного источника данных параметр "Private" имеет значение "false", и нет источников данных, для которых параметр "Private" имеет значение "true".
         Первичная ссылка "System.Linq.Parallel, Version=10.0.0.0, Culture=neutral, PublicKeyToken=b03f5f7f11d50a3a".
             Разрешенный путь к файлу - "C:\Program Files\dotnet\packs\Microsoft.NETCore.App.Ref\10.0.4\ref\net10.0\System.Linq.Parallel.dll".
             Обнаружена ссылка в расположении пути поиска "{RawFileName}".
             Данная ссылка не является "CopyLocal" так как хотя бы для одного источника данных параметр "Private" имеет значение "false", и нет источников данных, для которых параметр "Private" имеет значение "true".
         Первичная ссылка "System.Linq.Queryable, Version=10.0.0.0, Culture=neutral, PublicKeyToken=b03f5f7f11d50a3a".
             Разрешенный путь к файлу - "C:\Program Files\dotnet\packs\Microsoft.NETCore.App.Ref\10.0.4\ref\net10.0\System.Linq.Queryable.dll".
             Обнаружена ссылка в расположении пути поиска "{RawFileName}".
             Данная ссылка не является "CopyLocal" так как хотя бы для одного источника данных параметр "Private" имеет значение "false", и нет источников данных, для которых параметр "Private" имеет значение "true".
         Первичная ссылка "System.Linq, Version=10.0.0.0, Culture=neutral, PublicKeyToken=b03f5f7f11d50a3a".
             Разрешенный путь к файлу - "C:\Program Files\dotnet\packs\Microsoft.NETCore.App.Ref\10.0.4\ref\net10.0\System.Linq.dll".
             Обнаружена ссылка в расположении пути поиска "{RawFileName}".
             Данная ссылка не является "CopyLocal" так как хотя бы для одного источника данных параметр "Private" имеет значение "false", и нет источников данных, для которых параметр "Private" имеет значение "true".
         Первичная ссылка "System.Memory, Version=10.0.0.0, Culture=neutral, PublicKeyToken=cc7b13ffcd2ddd51".
             Разрешенный путь к файлу - "C:\Program Files\dotnet\packs\Microsoft.NETCore.App.Ref\10.0.4\ref\net10.0\System.Memory.dll".
             Обнаружена ссылка в расположении пути поиска "{RawFileName}".
             Данная ссылка не является "CopyLocal" так как хотя бы для одного источника данных параметр "Private" имеет значение "false", и нет источников данных, для которых параметр "Private" имеет значение "true".
         Первичная ссылка "System.Net.Http.Json, Version=10.0.0.0, Culture=neutral, PublicKeyToken=cc7b13ffcd2ddd51".
             Разрешенный путь к файлу - "C:\Program Files\dotnet\packs\Microsoft.NETCore.App.Ref\10.0.4\ref\net10.0\System.Net.Http.Json.dll".
             Обнаружена ссылка в расположении пути поиска "{RawFileName}".
             Данная ссылка не является "CopyLocal" так как хотя бы для одного источника данных параметр "Private" имеет значение "false", и нет источников данных, для которых параметр "Private" имеет значение "true".
         Первичная ссылка "System.Net.Http, Version=10.0.0.0, Culture=neutral, PublicKeyToken=b03f5f7f11d50a3a".
             Разрешенный путь к файлу - "C:\Program Files\dotnet\packs\Microsoft.NETCore.App.Ref\10.0.4\ref\net10.0\System.Net.Http.dll".
             Обнаружена ссылка в расположении пути поиска "{RawFileName}".
             Данная ссылка не является "CopyLocal" так как хотя бы для одного источника данных параметр "Private" имеет значение "false", и нет источников данных, для которых параметр "Private" имеет значение "true".
         Первичная ссылка "System.Net.HttpListener, Version=10.0.0.0, Culture=neutral, PublicKeyToken=cc7b13ffcd2ddd51".
             Разрешенный путь к файлу - "C:\Program Files\dotnet\packs\Microsoft.NETCore.App.Ref\10.0.4\ref\net10.0\System.Net.HttpListener.dll".
             Обнаружена ссылка в расположении пути поиска "{RawFileName}".
             Данная ссылка не является "CopyLocal" так как хотя бы для одного источника данных параметр "Private" имеет значение "false", и нет источников данных, для которых параметр "Private" имеет значение "true".
         Первичная ссылка "System.Net.Mail, Version=10.0.0.0, Culture=neutral, PublicKeyToken=cc7b13ffcd2ddd51".
             Разрешенный путь к файлу - "C:\Program Files\dotnet\packs\Microsoft.NETCore.App.Ref\10.0.4\ref\net10.0\System.Net.Mail.dll".
             Обнаружена ссылка в расположении пути поиска "{RawFileName}".
             Данная ссылка не является "CopyLocal" так как хотя бы для одного источника данных параметр "Private" имеет значение "false", и нет источников данных, для которых параметр "Private" имеет значение "true".
         Первичная ссылка "System.Net.NameResolution, Version=10.0.0.0, Culture=neutral, PublicKeyToken=b03f5f7f11d50a3a".
             Разрешенный путь к файлу - "C:\Program Files\dotnet\packs\Microsoft.NETCore.App.Ref\10.0.4\ref\net10.0\System.Net.NameResolution.dll".
             Обнаружена ссылка в расположении пути поиска "{RawFileName}".
             Данная ссылка не является "CopyLocal" так как хотя бы для одного источника данных параметр "Private" имеет значение "false", и нет источников данных, для которых параметр "Private" имеет значение "true".
         Первичная ссылка "System.Net.NetworkInformation, Version=10.0.0.0, Culture=neutral, PublicKeyToken=b03f5f7f11d50a3a".
             Разрешенный путь к файлу - "C:\Program Files\dotnet\packs\Microsoft.NETCore.App.Ref\10.0.4\ref\net10.0\System.Net.NetworkInformation.dll".
             Обнаружена ссылка в расположении пути поиска "{RawFileName}".
             Данная ссылка не является "CopyLocal" так как хотя бы для одного источника данных параметр "Private" имеет значение "false", и нет источников данных, для которых параметр "Private" имеет значение "true".
         Первичная ссылка "System.Net.Ping, Version=10.0.0.0, Culture=neutral, PublicKeyToken=b03f5f7f11d50a3a".
             Разрешенный путь к файлу - "C:\Program Files\dotnet\packs\Microsoft.NETCore.App.Ref\10.0.4\ref\net10.0\System.Net.Ping.dll".
             Обнаружена ссылка в расположении пути поиска "{RawFileName}".
             Данная ссылка не является "CopyLocal" так как хотя бы для одного источника данных параметр "Private" имеет значение "false", и нет источников данных, для которых параметр "Private" имеет значение "true".
         Первичная ссылка "System.Net.Primitives, Version=10.0.0.0, Culture=neutral, PublicKeyToken=b03f5f7f11d50a3a".
             Разрешенный путь к файлу - "C:\Program Files\dotnet\packs\Microsoft.NETCore.App.Ref\10.0.4\ref\net10.0\System.Net.Primitives.dll".
             Обнаружена ссылка в расположении пути поиска "{RawFileName}".
             Данная ссылка не является "CopyLocal" так как хотя бы для одного источника данных параметр "Private" имеет значение "false", и нет источников данных, для которых параметр "Private" имеет значение "true".
         Первичная ссылка "System.Net.Quic, Version=10.0.0.0, Culture=neutral, PublicKeyToken=b03f5f7f11d50a3a".
             Разрешенный путь к файлу - "C:\Program Files\dotnet\packs\Microsoft.NETCore.App.Ref\10.0.4\ref\net10.0\System.Net.Quic.dll".
             Обнаружена ссылка в расположении пути поиска "{RawFileName}".
             Данная ссылка не является "CopyLocal" так как хотя бы для одного источника данных параметр "Private" имеет значение "false", и нет источников данных, для которых параметр "Private" имеет значение "true".
         Первичная ссылка "System.Net.Requests, Version=10.0.0.0, Culture=neutral, PublicKeyToken=b03f5f7f11d50a3a".
             Разрешенный путь к файлу - "C:\Program Files\dotnet\packs\Microsoft.NETCore.App.Ref\10.0.4\ref\net10.0\System.Net.Requests.dll".
             Обнаружена ссылка в расположении пути поиска "{RawFileName}".
             Данная ссылка не является "CopyLocal" так как хотя бы для одного источника данных параметр "Private" имеет значение "false", и нет источников данных, для которых параметр "Private" имеет значение "true".
         Первичная ссылка "System.Net.Security, Version=10.0.0.0, Culture=neutral, PublicKeyToken=b03f5f7f11d50a3a".
             Разрешенный путь к файлу - "C:\Program Files\dotnet\packs\Microsoft.NETCore.App.Ref\10.0.4\ref\net10.0\System.Net.Security.dll".
             Обнаружена ссылка в расположении пути поиска "{RawFileName}".
             Данная ссылка не является "CopyLocal" так как хотя бы для одного источника данных параметр "Private" имеет значение "false", и нет источников данных, для которых параметр "Private" имеет значение "true".
         Первичная ссылка "System.Net.ServerSentEvents, Version=10.0.0.0, Culture=neutral, PublicKeyToken=cc7b13ffcd2ddd51".
             Разрешенный путь к файлу - "C:\Program Files\dotnet\packs\Microsoft.NETCore.App.Ref\10.0.4\ref\net10.0\System.Net.ServerSentEvents.dll".
             Обнаружена ссылка в расположении пути поиска "{RawFileName}".
             Данная ссылка не является "CopyLocal" так как хотя бы для одного источника данных параметр "Private" имеет значение "false", и нет источников данных, для которых параметр "Private" имеет значение "true".
         Первичная ссылка "System.Net.ServicePoint, Version=10.0.0.0, Culture=neutral, PublicKeyToken=cc7b13ffcd2ddd51".
             Разрешенный путь к файлу - "C:\Program Files\dotnet\packs\Microsoft.NETCore.App.Ref\10.0.4\ref\net10.0\System.Net.ServicePoint.dll".
             Обнаружена ссылка в расположении пути поиска "{RawFileName}".
             Данная ссылка не является "CopyLocal" так как хотя бы для одного источника данных параметр "Private" имеет значение "false", и нет источников данных, для которых параметр "Private" имеет значение "true".
         Первичная ссылка "System.Net.Sockets, Version=10.0.0.0, Culture=neutral, PublicKeyToken=b03f5f7f11d50a3a".
             Разрешенный путь к файлу - "C:\Program Files\dotnet\packs\Microsoft.NETCore.App.Ref\10.0.4\ref\net10.0\System.Net.Sockets.dll".
             Обнаружена ссылка в расположении пути поиска "{RawFileName}".
             Данная ссылка не является "CopyLocal" так как хотя бы для одного источника данных параметр "Private" имеет значение "false", и нет источников данных, для которых параметр "Private" имеет значение "true".
         Первичная ссылка "System.Net.WebClient, Version=10.0.0.0, Culture=neutral, PublicKeyToken=cc7b13ffcd2ddd51".
             Разрешенный путь к файлу - "C:\Program Files\dotnet\packs\Microsoft.NETCore.App.Ref\10.0.4\ref\net10.0\System.Net.WebClient.dll".
             Обнаружена ссылка в расположении пути поиска "{RawFileName}".
             Данная ссылка не является "CopyLocal" так как хотя бы для одного источника данных параметр "Private" имеет значение "false", и нет источников данных, для которых параметр "Private" имеет значение "true".
         Первичная ссылка "System.Net.WebHeaderCollection, Version=10.0.0.0, Culture=neutral, PublicKeyToken=b03f5f7f11d50a3a".
             Разрешенный путь к файлу - "C:\Program Files\dotnet\packs\Microsoft.NETCore.App.Ref\10.0.4\ref\net10.0\System.Net.WebHeaderCollection.dll".
             Обнаружена ссылка в расположении пути поиска "{RawFileName}".
             Данная ссылка не является "CopyLocal" так как хотя бы для одного источника данных параметр "Private" имеет значение "false", и нет источников данных, для которых параметр "Private" имеет значение "true".
         Первичная ссылка "System.Net.WebProxy, Version=10.0.0.0, Culture=neutral, PublicKeyToken=cc7b13ffcd2ddd51".
             Разрешенный путь к файлу - "C:\Program Files\dotnet\packs\Microsoft.NETCore.App.Ref\10.0.4\ref\net10.0\System.Net.WebProxy.dll".
             Обнаружена ссылка в расположении пути поиска "{RawFileName}".
             Данная ссылка не является "CopyLocal" так как хотя бы для одного источника данных параметр "Private" имеет значение "false", и нет источников данных, для которых параметр "Private" имеет значение "true".
         Первичная ссылка "System.Net.WebSockets.Client, Version=10.0.0.0, Culture=neutral, PublicKeyToken=b03f5f7f11d50a3a".
             Разрешенный путь к файлу - "C:\Program Files\dotnet\packs\Microsoft.NETCore.App.Ref\10.0.4\ref\net10.0\System.Net.WebSockets.Client.dll".
             Обнаружена ссылка в расположении пути поиска "{RawFileName}".
             Данная ссылка не является "CopyLocal" так как хотя бы для одного источника данных параметр "Private" имеет значение "false", и нет источников данных, для которых параметр "Private" имеет значение "true".
         Первичная ссылка "System.Net.WebSockets, Version=10.0.0.0, Culture=neutral, PublicKeyToken=b03f5f7f11d50a3a".
             Разрешенный путь к файлу - "C:\Program Files\dotnet\packs\Microsoft.NETCore.App.Ref\10.0.4\ref\net10.0\System.Net.WebSockets.dll".
             Обнаружена ссылка в расположении пути поиска "{RawFileName}".
             Данная ссылка не является "CopyLocal" так как хотя бы для одного источника данных параметр "Private" имеет значение "false", и нет источников данных, для которых параметр "Private" имеет значение "true".
         Первичная ссылка "System.Net, Version=4.0.0.0, Culture=neutral, PublicKeyToken=b03f5f7f11d50a3a".
             Разрешенный путь к файлу - "C:\Program Files\dotnet\packs\Microsoft.NETCore.App.Ref\10.0.4\ref\net10.0\System.Net.dll".
             Обнаружена ссылка в расположении пути поиска "{RawFileName}".
             Данная ссылка не является "CopyLocal" так как хотя бы для одного источника данных параметр "Private" имеет значение "false", и нет источников данных, для которых параметр "Private" имеет значение "true".
         Первичная ссылка "System.Numerics.Vectors, Version=10.0.0.0, Culture=neutral, PublicKeyToken=b03f5f7f11d50a3a".
             Разрешенный путь к файлу - "C:\Program Files\dotnet\packs\Microsoft.NETCore.App.Ref\10.0.4\ref\net10.0\System.Numerics.Vectors.dll".
             Обнаружена ссылка в расположении пути поиска "{RawFileName}".
             Данная ссылка не является "CopyLocal" так как хотя бы для одного источника данных параметр "Private" имеет значение "false", и нет источников данных, для которых параметр "Private" имеет значение "true".
         Первичная ссылка "System.Numerics, Version=4.0.0.0, Culture=neutral, PublicKeyToken=b77a5c561934e089".
             Разрешенный путь к файлу - "C:\Program Files\dotnet\packs\Microsoft.NETCore.App.Ref\10.0.4\ref\net10.0\System.Numerics.dll".
             Обнаружена ссылка в расположении пути поиска "{RawFileName}".
             Данная ссылка не является "CopyLocal" так как хотя бы для одного источника данных параметр "Private" имеет значение "false", и нет источников данных, для которых параметр "Private" имеет значение "true".
         Первичная ссылка "System.ObjectModel, Version=10.0.0.0, Culture=neutral, PublicKeyToken=b03f5f7f11d50a3a".
             Разрешенный путь к файлу - "C:\Program Files\dotnet\packs\Microsoft.NETCore.App.Ref\10.0.4\ref\net10.0\System.ObjectModel.dll".
             Обнаружена ссылка в расположении пути поиска "{RawFileName}".
             Данная ссылка не является "CopyLocal" так как хотя бы для одного источника данных параметр "Private" имеет значение "false", и нет источников данных, для которых параметр "Private" имеет значение "true".
         Первичная ссылка "System.Reflection.DispatchProxy, Version=10.0.0.0, Culture=neutral, PublicKeyToken=b03f5f7f11d50a3a".
             Разрешенный путь к файлу - "C:\Program Files\dotnet\packs\Microsoft.NETCore.App.Ref\10.0.4\ref\net10.0\System.Reflection.DispatchProxy.dll".
             Обнаружена ссылка в расположении пути поиска "{RawFileName}".
             Данная ссылка не является "CopyLocal" так как хотя бы для одного источника данных параметр "Private" имеет значение "false", и нет источников данных, для которых параметр "Private" имеет значение "true".
         Первичная ссылка "System.Reflection.Emit.ILGeneration, Version=10.0.0.0, Culture=neutral, PublicKeyToken=b03f5f7f11d50a3a".
             Разрешенный путь к файлу - "C:\Program Files\dotnet\packs\Microsoft.NETCore.App.Ref\10.0.4\ref\net10.0\System.Reflection.Emit.ILGeneration.dll".
             Обнаружена ссылка в расположении пути поиска "{RawFileName}".
             Данная ссылка не является "CopyLocal" так как хотя бы для одного источника данных параметр "Private" имеет значение "false", и нет источников данных, для которых параметр "Private" имеет значение "true".
         Первичная ссылка "System.Reflection.Emit.Lightweight, Version=10.0.0.0, Culture=neutral, PublicKeyToken=b03f5f7f11d50a3a".
             Разрешенный путь к файлу - "C:\Program Files\dotnet\packs\Microsoft.NETCore.App.Ref\10.0.4\ref\net10.0\System.Reflection.Emit.Lightweight.dll".
             Обнаружена ссылка в расположении пути поиска "{RawFileName}".
             Данная ссылка не является "CopyLocal" так как хотя бы для одного источника данных параметр "Private" имеет значение "false", и нет источников данных, для которых параметр "Private" имеет значение "true".
         Первичная ссылка "System.Reflection.Emit, Version=10.0.0.0, Culture=neutral, PublicKeyToken=b03f5f7f11d50a3a".
             Разрешенный путь к файлу - "C:\Program Files\dotnet\packs\Microsoft.NETCore.App.Ref\10.0.4\ref\net10.0\System.Reflection.Emit.dll".
             Обнаружена ссылка в расположении пути поиска "{RawFileName}".
             Данная ссылка не является "CopyLocal" так как хотя бы для одного источника данных параметр "Private" имеет значение "false", и нет источников данных, для которых параметр "Private" имеет значение "true".
         Первичная ссылка "System.Reflection.Extensions, Version=10.0.0.0, Culture=neutral, PublicKeyToken=b03f5f7f11d50a3a".
             Разрешенный путь к файлу - "C:\Program Files\dotnet\packs\Microsoft.NETCore.App.Ref\10.0.4\ref\net10.0\System.Reflection.Extensions.dll".
             Обнаружена ссылка в расположении пути поиска "{RawFileName}".
             Данная ссылка не является "CopyLocal" так как хотя бы для одного источника данных параметр "Private" имеет значение "false", и нет источников данных, для которых параметр "Private" имеет значение "true".
         Первичная ссылка "System.Reflection.Metadata, Version=10.0.0.0, Culture=neutral, PublicKeyToken=b03f5f7f11d50a3a".
             Разрешенный путь к файлу - "C:\Program Files\dotnet\packs\Microsoft.NETCore.App.Ref\10.0.4\ref\net10.0\System.Reflection.Metadata.dll".
             Обнаружена ссылка в расположении пути поиска "{RawFileName}".
             Данная ссылка не является "CopyLocal" так как хотя бы для одного источника данных параметр "Private" имеет значение "false", и нет источников данных, для которых параметр "Private" имеет значение "true".
         Первичная ссылка "System.Reflection.Primitives, Version=10.0.0.0, Culture=neutral, PublicKeyToken=b03f5f7f11d50a3a".
             Разрешенный путь к файлу - "C:\Program Files\dotnet\packs\Microsoft.NETCore.App.Ref\10.0.4\ref\net10.0\System.Reflection.Primitives.dll".
             Обнаружена ссылка в расположении пути поиска "{RawFileName}".
             Данная ссылка не является "CopyLocal" так как хотя бы для одного источника данных параметр "Private" имеет значение "false", и нет источников данных, для которых параметр "Private" имеет значение "true".
         Первичная ссылка "System.Reflection.TypeExtensions, Version=10.0.0.0, Culture=neutral, PublicKeyToken=b03f5f7f11d50a3a".
             Разрешенный путь к файлу - "C:\Program Files\dotnet\packs\Microsoft.NETCore.App.Ref\10.0.4\ref\net10.0\System.Reflection.TypeExtensions.dll".
             Обнаружена ссылка в расположении пути поиска "{RawFileName}".
             Данная ссылка не является "CopyLocal" так как хотя бы для одного источника данных параметр "Private" имеет значение "false", и нет источников данных, для которых параметр "Private" имеет значение "true".
         Первичная ссылка "System.Reflection, Version=10.0.0.0, Culture=neutral, PublicKeyToken=b03f5f7f11d50a3a".
             Разрешенный путь к файлу - "C:\Program Files\dotnet\packs\Microsoft.NETCore.App.Ref\10.0.4\ref\net10.0\System.Reflection.dll".
             Обнаружена ссылка в расположении пути поиска "{RawFileName}".
             Данная ссылка не является "CopyLocal" так как хотя бы для одного источника данных параметр "Private" имеет значение "false", и нет источников данных, для которых параметр "Private" имеет значение "true".
         Первичная ссылка "System.Resources.Reader, Version=10.0.0.0, Culture=neutral, PublicKeyToken=b03f5f7f11d50a3a".
             Разрешенный путь к файлу - "C:\Program Files\dotnet\packs\Microsoft.NETCore.App.Ref\10.0.4\ref\net10.0\System.Resources.Reader.dll".
             Обнаружена ссылка в расположении пути поиска "{RawFileName}".
             Данная ссылка не является "CopyLocal" так как хотя бы для одного источника данных параметр "Private" имеет значение "false", и нет источников данных, для которых параметр "Private" имеет значение "true".
         Первичная ссылка "System.Resources.ResourceManager, Version=10.0.0.0, Culture=neutral, PublicKeyToken=b03f5f7f11d50a3a".
             Разрешенный путь к файлу - "C:\Program Files\dotnet\packs\Microsoft.NETCore.App.Ref\10.0.4\ref\net10.0\System.Resources.ResourceManager.dll".
             Обнаружена ссылка в расположении пути поиска "{RawFileName}".
             Данная ссылка не является "CopyLocal" так как хотя бы для одного источника данных параметр "Private" имеет значение "false", и нет источников данных, для которых параметр "Private" имеет значение "true".
         Первичная ссылка "System.Resources.Writer, Version=10.0.0.0, Culture=neutral, PublicKeyToken=b03f5f7f11d50a3a".
             Разрешенный путь к файлу - "C:\Program Files\dotnet\packs\Microsoft.NETCore.App.Ref\10.0.4\ref\net10.0\System.Resources.Writer.dll".
             Обнаружена ссылка в расположении пути поиска "{RawFileName}".
             Данная ссылка не является "CopyLocal" так как хотя бы для одного источника данных параметр "Private" имеет значение "false", и нет источников данных, для которых параметр "Private" имеет значение "true".
         Первичная ссылка "System.Runtime.CompilerServices.Unsafe, Version=10.0.0.0, Culture=neutral, PublicKeyToken=b03f5f7f11d50a3a".
             Разрешенный путь к файлу - "C:\Program Files\dotnet\packs\Microsoft.NETCore.App.Ref\10.0.4\ref\net10.0\System.Runtime.CompilerServices.Unsafe.dll".
             Обнаружена ссылка в расположении пути поиска "{RawFileName}".
             Данная ссылка не является "CopyLocal" так как хотя бы для одного источника данных параметр "Private" имеет значение "false", и нет источников данных, для которых параметр "Private" имеет значение "true".
         Первичная ссылка "System.Runtime.CompilerServices.VisualC, Version=10.0.0.0, Culture=neutral, PublicKeyToken=b03f5f7f11d50a3a".
             Разрешенный путь к файлу - "C:\Program Files\dotnet\packs\Microsoft.NETCore.App.Ref\10.0.4\ref\net10.0\System.Runtime.CompilerServices.VisualC.dll".
             Обнаружена ссылка в расположении пути поиска "{RawFileName}".
             Данная ссылка не является "CopyLocal" так как хотя бы для одного источника данных параметр "Private" имеет значение "false", и нет источников данных, для которых параметр "Private" имеет значение "true".
         Первичная ссылка "System.Runtime.Extensions, Version=10.0.0.0, Culture=neutral, PublicKeyToken=b03f5f7f11d50a3a".
             Разрешенный путь к файлу - "C:\Program Files\dotnet\packs\Microsoft.NETCore.App.Ref\10.0.4\ref\net10.0\System.Runtime.Extensions.dll".
             Обнаружена ссылка в расположении пути поиска "{RawFileName}".
             Данная ссылка не является "CopyLocal" так как хотя бы для одного источника данных параметр "Private" имеет значение "false", и нет источников данных, для которых параметр "Private" имеет значение "true".
         Первичная ссылка "System.Runtime.Handles, Version=10.0.0.0, Culture=neutral, PublicKeyToken=b03f5f7f11d50a3a".
             Разрешенный путь к файлу - "C:\Program Files\dotnet\packs\Microsoft.NETCore.App.Ref\10.0.4\ref\net10.0\System.Runtime.Handles.dll".
             Обнаружена ссылка в расположении пути поиска "{RawFileName}".
             Данная ссылка не является "CopyLocal" так как хотя бы для одного источника данных параметр "Private" имеет значение "false", и нет источников данных, для которых параметр "Private" имеет значение "true".
         Первичная ссылка "System.Runtime.InteropServices.JavaScript, Version=10.0.0.0, Culture=neutral, PublicKeyToken=b03f5f7f11d50a3a".
             Разрешенный путь к файлу - "C:\Program Files\dotnet\packs\Microsoft.NETCore.App.Ref\10.0.4\ref\net10.0\System.Runtime.InteropServices.JavaScript.dll".
             Обнаружена ссылка в расположении пути поиска "{RawFileName}".
             Данная ссылка не является "CopyLocal" так как хотя бы для одного источника данных параметр "Private" имеет значение "false", и нет источников данных, для которых параметр "Private" имеет значение "true".
         Первичная ссылка "System.Runtime.InteropServices.RuntimeInformation, Version=10.0.0.0, Culture=neutral, PublicKeyToken=b03f5f7f11d50a3a".
             Разрешенный путь к файлу - "C:\Program Files\dotnet\packs\Microsoft.NETCore.App.Ref\10.0.4\ref\net10.0\System.Runtime.InteropServices.RuntimeInformation.dll".
             Обнаружена ссылка в расположении пути поиска "{RawFileName}".
             Данная ссылка не является "CopyLocal" так как хотя бы для одного источника данных параметр "Private" имеет значение "false", и нет источников данных, для которых параметр "Private" имеет значение "true".
         Первичная ссылка "System.Runtime.InteropServices, Version=10.0.0.0, Culture=neutral, PublicKeyToken=b03f5f7f11d50a3a".
             Разрешенный путь к файлу - "C:\Program Files\dotnet\packs\Microsoft.NETCore.App.Ref\10.0.4\ref\net10.0\System.Runtime.InteropServices.dll".
             Обнаружена ссылка в расположении пути поиска "{RawFileName}".
             Данная ссылка не является "CopyLocal" так как хотя бы для одного источника данных параметр "Private" имеет значение "false", и нет источников данных, для которых параметр "Private" имеет значение "true".
         Первичная ссылка "System.Runtime.Intrinsics, Version=10.0.0.0, Culture=neutral, PublicKeyToken=cc7b13ffcd2ddd51".
             Разрешенный путь к файлу - "C:\Program Files\dotnet\packs\Microsoft.NETCore.App.Ref\10.0.4\ref\net10.0\System.Runtime.Intrinsics.dll".
             Обнаружена ссылка в расположении пути поиска "{RawFileName}".
             Данная ссылка не является "CopyLocal" так как хотя бы для одного источника данных параметр "Private" имеет значение "false", и нет источников данных, для которых параметр "Private" имеет значение "true".
         Первичная ссылка "System.Runtime.Loader, Version=10.0.0.0, Culture=neutral, PublicKeyToken=b03f5f7f11d50a3a".
             Разрешенный путь к файлу - "C:\Program Files\dotnet\packs\Microsoft.NETCore.App.Ref\10.0.4\ref\net10.0\System.Runtime.Loader.dll".
             Обнаружена ссылка в расположении пути поиска "{RawFileName}".
             Данная ссылка не является "CopyLocal" так как хотя бы для одного источника данных параметр "Private" имеет значение "false", и нет источников данных, для которых параметр "Private" имеет значение "true".
         Первичная ссылка "System.Runtime.Numerics, Version=10.0.0.0, Culture=neutral, PublicKeyToken=b03f5f7f11d50a3a".
             Разрешенный путь к файлу - "C:\Program Files\dotnet\packs\Microsoft.NETCore.App.Ref\10.0.4\ref\net10.0\System.Runtime.Numerics.dll".
             Обнаружена ссылка в расположении пути поиска "{RawFileName}".
             Данная ссылка не является "CopyLocal" так как хотя бы для одного источника данных параметр "Private" имеет значение "false", и нет источников данных, для которых параметр "Private" имеет значение "true".
         Первичная ссылка "System.Runtime.Serialization.Formatters, Version=8.1.0.0, Culture=neutral, PublicKeyToken=b03f5f7f11d50a3a".
             Разрешенный путь к файлу - "C:\Program Files\dotnet\packs\Microsoft.NETCore.App.Ref\10.0.4\ref\net10.0\System.Runtime.Serialization.Formatters.dll".
             Обнаружена ссылка в расположении пути поиска "{RawFileName}".
             Данная ссылка не является "CopyLocal" так как хотя бы для одного источника данных параметр "Private" имеет значение "false", и нет источников данных, для которых параметр "Private" имеет значение "true".
         Первичная ссылка "System.Runtime.Serialization.Json, Version=10.0.0.0, Culture=neutral, PublicKeyToken=b03f5f7f11d50a3a".
             Разрешенный путь к файлу - "C:\Program Files\dotnet\packs\Microsoft.NETCore.App.Ref\10.0.4\ref\net10.0\System.Runtime.Serialization.Json.dll".
             Обнаружена ссылка в расположении пути поиска "{RawFileName}".
             Данная ссылка не является "CopyLocal" так как хотя бы для одного источника данных параметр "Private" имеет значение "false", и нет источников данных, для которых параметр "Private" имеет значение "true".
         Первичная ссылка "System.Runtime.Serialization.Primitives, Version=10.0.0.0, Culture=neutral, PublicKeyToken=b03f5f7f11d50a3a".
             Разрешенный путь к файлу - "C:\Program Files\dotnet\packs\Microsoft.NETCore.App.Ref\10.0.4\ref\net10.0\System.Runtime.Serialization.Primitives.dll".
             Обнаружена ссылка в расположении пути поиска "{RawFileName}".
             Данная ссылка не является "CopyLocal" так как хотя бы для одного источника данных параметр "Private" имеет значение "false", и нет источников данных, для которых параметр "Private" имеет значение "true".
         Первичная ссылка "System.Runtime.Serialization.Xml, Version=10.0.0.0, Culture=neutral, PublicKeyToken=b03f5f7f11d50a3a".
             Разрешенный путь к файлу - "C:\Program Files\dotnet\packs\Microsoft.NETCore.App.Ref\10.0.4\ref\net10.0\System.Runtime.Serialization.Xml.dll".
             Обнаружена ссылка в расположении пути поиска "{RawFileName}".
             Данная ссылка не является "CopyLocal" так как хотя бы для одного источника данных параметр "Private" имеет значение "false", и нет источников данных, для которых параметр "Private" имеет значение "true".
         Первичная ссылка "System.Runtime.Serialization, Version=4.0.0.0, Culture=neutral, PublicKeyToken=b77a5c561934e089".
             Разрешенный путь к файлу - "C:\Program Files\dotnet\packs\Microsoft.NETCore.App.Ref\10.0.4\ref\net10.0\System.Runtime.Serialization.dll".
             Обнаружена ссылка в расположении пути поиска "{RawFileName}".
             Данная ссылка не является "CopyLocal" так как хотя бы для одного источника данных параметр "Private" имеет значение "false", и нет источников данных, для которых параметр "Private" имеет значение "true".
         Первичная ссылка "System.Runtime, Version=10.0.0.0, Culture=neutral, PublicKeyToken=b03f5f7f11d50a3a".
             Разрешенный путь к файлу - "C:\Program Files\dotnet\packs\Microsoft.NETCore.App.Ref\10.0.4\ref\net10.0\System.Runtime.dll".
             Обнаружена ссылка в расположении пути поиска "{RawFileName}".
             Данная ссылка не является "CopyLocal" так как хотя бы для одного источника данных параметр "Private" имеет значение "false", и нет источников данных, для которых параметр "Private" имеет значение "true".
         Первичная ссылка "System.Security.AccessControl, Version=10.0.0.0, Culture=neutral, PublicKeyToken=b03f5f7f11d50a3a".
             Разрешенный путь к файлу - "C:\Program Files\dotnet\packs\Microsoft.NETCore.App.Ref\10.0.4\ref\net10.0\System.Security.AccessControl.dll".
             Обнаружена ссылка в расположении пути поиска "{RawFileName}".
             Данная ссылка не является "CopyLocal" так как хотя бы для одного источника данных параметр "Private" имеет значение "false", и нет источников данных, для которых параметр "Private" имеет значение "true".
         Первичная ссылка "System.Security.Claims, Version=10.0.0.0, Culture=neutral, PublicKeyToken=b03f5f7f11d50a3a".
             Разрешенный путь к файлу - "C:\Program Files\dotnet\packs\Microsoft.NETCore.App.Ref\10.0.4\ref\net10.0\System.Security.Claims.dll".
             Обнаружена ссылка в расположении пути поиска "{RawFileName}".
             Данная ссылка не является "CopyLocal" так как хотя бы для одного источника данных параметр "Private" имеет значение "false", и нет источников данных, для которых параметр "Private" имеет значение "true".
         Первичная ссылка "System.Security.Cryptography.Algorithms, Version=10.0.0.0, Culture=neutral, PublicKeyToken=b03f5f7f11d50a3a".
             Разрешенный путь к файлу - "C:\Program Files\dotnet\packs\Microsoft.NETCore.App.Ref\10.0.4\ref\net10.0\System.Security.Cryptography.Algorithms.dll".
             Обнаружена ссылка в расположении пути поиска "{RawFileName}".
             Данная ссылка не является "CopyLocal" так как хотя бы для одного источника данных параметр "Private" имеет значение "false", и нет источников данных, для которых параметр "Private" имеет значение "true".
         Первичная ссылка "System.Security.Cryptography.Cng, Version=10.0.0.0, Culture=neutral, PublicKeyToken=b03f5f7f11d50a3a".
             Разрешенный путь к файлу - "C:\Program Files\dotnet\packs\Microsoft.NETCore.App.Ref\10.0.4\ref\net10.0\System.Security.Cryptography.Cng.dll".
             Обнаружена ссылка в расположении пути поиска "{RawFileName}".
             Данная ссылка не является "CopyLocal" так как хотя бы для одного источника данных параметр "Private" имеет значение "false", и нет источников данных, для которых параметр "Private" имеет значение "true".
         Первичная ссылка "System.Security.Cryptography.Csp, Version=10.0.0.0, Culture=neutral, PublicKeyToken=b03f5f7f11d50a3a".
             Разрешенный путь к файлу - "C:\Program Files\dotnet\packs\Microsoft.NETCore.App.Ref\10.0.4\ref\net10.0\System.Security.Cryptography.Csp.dll".
             Обнаружена ссылка в расположении пути поиска "{RawFileName}".
             Данная ссылка не является "CopyLocal" так как хотя бы для одного источника данных параметр "Private" имеет значение "false", и нет источников данных, для которых параметр "Private" имеет значение "true".
         Первичная ссылка "System.Security.Cryptography.Encoding, Version=10.0.0.0, Culture=neutral, PublicKeyToken=b03f5f7f11d50a3a".
             Разрешенный путь к файлу - "C:\Program Files\dotnet\packs\Microsoft.NETCore.App.Ref\10.0.4\ref\net10.0\System.Security.Cryptography.Encoding.dll".
             Обнаружена ссылка в расположении пути поиска "{RawFileName}".
             Данная ссылка не является "CopyLocal" так как хотя бы для одного источника данных параметр "Private" имеет значение "false", и нет источников данных, для которых параметр "Private" имеет значение "true".
         Первичная ссылка "System.Security.Cryptography.OpenSsl, Version=10.0.0.0, Culture=neutral, PublicKeyToken=b03f5f7f11d50a3a".
             Разрешенный путь к файлу - "C:\Program Files\dotnet\packs\Microsoft.NETCore.App.Ref\10.0.4\ref\net10.0\System.Security.Cryptography.OpenSsl.dll".
             Обнаружена ссылка в расположении пути поиска "{RawFileName}".
             Данная ссылка не является "CopyLocal" так как хотя бы для одного источника данных параметр "Private" имеет значение "false", и нет источников данных, для которых параметр "Private" имеет значение "true".
         Первичная ссылка "System.Security.Cryptography.Primitives, Version=10.0.0.0, Culture=neutral, PublicKeyToken=b03f5f7f11d50a3a".
             Разрешенный путь к файлу - "C:\Program Files\dotnet\packs\Microsoft.NETCore.App.Ref\10.0.4\ref\net10.0\System.Security.Cryptography.Primitives.dll".
             Обнаружена ссылка в расположении пути поиска "{RawFileName}".
             Данная ссылка не является "CopyLocal" так как хотя бы для одного источника данных параметр "Private" имеет значение "false", и нет источников данных, для которых параметр "Private" имеет значение "true".
         Первичная ссылка "System.Security.Cryptography.X509Certificates, Version=10.0.0.0, Culture=neutral, PublicKeyToken=b03f5f7f11d50a3a".
             Разрешенный путь к файлу - "C:\Program Files\dotnet\packs\Microsoft.NETCore.App.Ref\10.0.4\ref\net10.0\System.Security.Cryptography.X509Certificates.dll".
             Обнаружена ссылка в расположении пути поиска "{RawFileName}".
             Данная ссылка не является "CopyLocal" так как хотя бы для одного источника данных параметр "Private" имеет значение "false", и нет источников данных, для которых параметр "Private" имеет значение "true".
         Первичная ссылка "System.Security.Cryptography, Version=10.0.0.0, Culture=neutral, PublicKeyToken=b03f5f7f11d50a3a".
             Разрешенный путь к файлу - "C:\Program Files\dotnet\packs\Microsoft.NETCore.App.Ref\10.0.4\ref\net10.0\System.Security.Cryptography.dll".
             Обнаружена ссылка в расположении пути поиска "{RawFileName}".
             Данная ссылка не является "CopyLocal" так как хотя бы для одного источника данных параметр "Private" имеет значение "false", и нет источников данных, для которых параметр "Private" имеет значение "true".
         Первичная ссылка "System.Security.Principal.Windows, Version=10.0.0.0, Culture=neutral, PublicKeyToken=b03f5f7f11d50a3a".
             Разрешенный путь к файлу - "C:\Program Files\dotnet\packs\Microsoft.NETCore.App.Ref\10.0.4\ref\net10.0\System.Security.Principal.Windows.dll".
             Обнаружена ссылка в расположении пути поиска "{RawFileName}".
             Данная ссылка не является "CopyLocal" так как хотя бы для одного источника данных параметр "Private" имеет значение "false", и нет источников данных, для которых параметр "Private" имеет значение "true".
         Первичная ссылка "System.Security.Principal, Version=10.0.0.0, Culture=neutral, PublicKeyToken=b03f5f7f11d50a3a".
             Разрешенный путь к файлу - "C:\Program Files\dotnet\packs\Microsoft.NETCore.App.Ref\10.0.4\ref\net10.0\System.Security.Principal.dll".
             Обнаружена ссылка в расположении пути поиска "{RawFileName}".
             Данная ссылка не является "CopyLocal" так как хотя бы для одного источника данных параметр "Private" имеет значение "false", и нет источников данных, для которых параметр "Private" имеет значение "true".
         Первичная ссылка "System.Security.SecureString, Version=10.0.0.0, Culture=neutral, PublicKeyToken=b03f5f7f11d50a3a".
             Разрешенный путь к файлу - "C:\Program Files\dotnet\packs\Microsoft.NETCore.App.Ref\10.0.4\ref\net10.0\System.Security.SecureString.dll".
             Обнаружена ссылка в расположении пути поиска "{RawFileName}".
             Данная ссылка не является "CopyLocal" так как хотя бы для одного источника данных параметр "Private" имеет значение "false", и нет источников данных, для которых параметр "Private" имеет значение "true".
         Первичная ссылка "System.Security, Version=4.0.0.0, Culture=neutral, PublicKeyToken=b03f5f7f11d50a3a".
             Разрешенный путь к файлу - "C:\Program Files\dotnet\packs\Microsoft.NETCore.App.Ref\10.0.4\ref\net10.0\System.Security.dll".
             Обнаружена ссылка в расположении пути поиска "{RawFileName}".
             Данная ссылка не является "CopyLocal" так как хотя бы для одного источника данных параметр "Private" имеет значение "false", и нет источников данных, для которых параметр "Private" имеет значение "true".
         Первичная ссылка "System.ServiceModel.Web, Version=4.0.0.0, Culture=neutral, PublicKeyToken=31bf3856ad364e35".
             Разрешенный путь к файлу - "C:\Program Files\dotnet\packs\Microsoft.NETCore.App.Ref\10.0.4\ref\net10.0\System.ServiceModel.Web.dll".
             Обнаружена ссылка в расположении пути поиска "{RawFileName}".
             Данная ссылка не является "CopyLocal" так как хотя бы для одного источника данных параметр "Private" имеет значение "false", и нет источников данных, для которых параметр "Private" имеет значение "true".
         Первичная ссылка "System.ServiceProcess, Version=4.0.0.0, Culture=neutral, PublicKeyToken=b03f5f7f11d50a3a".
             Разрешенный путь к файлу - "C:\Program Files\dotnet\packs\Microsoft.NETCore.App.Ref\10.0.4\ref\net10.0\System.ServiceProcess.dll".
             Обнаружена ссылка в расположении пути поиска "{RawFileName}".
             Данная ссылка не является "CopyLocal" так как хотя бы для одного источника данных параметр "Private" имеет значение "false", и нет источников данных, для которых параметр "Private" имеет значение "true".
         Первичная ссылка "System.Text.Encoding.CodePages, Version=10.0.0.0, Culture=neutral, PublicKeyToken=b03f5f7f11d50a3a".
             Разрешенный путь к файлу - "C:\Program Files\dotnet\packs\Microsoft.NETCore.App.Ref\10.0.4\ref\net10.0\System.Text.Encoding.CodePages.dll".
             Обнаружена ссылка в расположении пути поиска "{RawFileName}".
             Данная ссылка не является "CopyLocal" так как хотя бы для одного источника данных параметр "Private" имеет значение "false", и нет источников данных, для которых параметр "Private" имеет значение "true".
         Первичная ссылка "System.Text.Encoding.Extensions, Version=10.0.0.0, Culture=neutral, PublicKeyToken=b03f5f7f11d50a3a".
             Разрешенный путь к файлу - "C:\Program Files\dotnet\packs\Microsoft.NETCore.App.Ref\10.0.4\ref\net10.0\System.Text.Encoding.Extensions.dll".
             Обнаружена ссылка в расположении пути поиска "{RawFileName}".
             Данная ссылка не является "CopyLocal" так как хотя бы для одного источника данных параметр "Private" имеет значение "false", и нет источников данных, для которых параметр "Private" имеет значение "true".
         Первичная ссылка "System.Text.Encoding, Version=10.0.0.0, Culture=neutral, PublicKeyToken=b03f5f7f11d50a3a".
             Разрешенный путь к файлу - "C:\Program Files\dotnet\packs\Microsoft.NETCore.App.Ref\10.0.4\ref\net10.0\System.Text.Encoding.dll".
             Обнаружена ссылка в расположении пути поиска "{RawFileName}".
             Данная ссылка не является "CopyLocal" так как хотя бы для одного источника данных параметр "Private" имеет значение "false", и нет источников данных, для которых параметр "Private" имеет значение "true".
         Первичная ссылка "System.Text.Encodings.Web, Version=10.0.0.0, Culture=neutral, PublicKeyToken=cc7b13ffcd2ddd51".
             Разрешенный путь к файлу - "C:\Program Files\dotnet\packs\Microsoft.NETCore.App.Ref\10.0.4\ref\net10.0\System.Text.Encodings.Web.dll".
             Обнаружена ссылка в расположении пути поиска "{RawFileName}".
             Данная ссылка не является "CopyLocal" так как хотя бы для одного источника данных параметр "Private" имеет значение "false", и нет источников данных, для которых параметр "Private" имеет значение "true".
         Первичная ссылка "System.Text.Json, Version=10.0.0.0, Culture=neutral, PublicKeyToken=cc7b13ffcd2ddd51".
             Разрешенный путь к файлу - "C:\Program Files\dotnet\packs\Microsoft.NETCore.App.Ref\10.0.4\ref\net10.0\System.Text.Json.dll".
             Обнаружена ссылка в расположении пути поиска "{RawFileName}".
             Данная ссылка не является "CopyLocal" так как хотя бы для одного источника данных параметр "Private" имеет значение "false", и нет источников данных, для которых параметр "Private" имеет значение "true".
         Первичная ссылка "System.Text.RegularExpressions, Version=10.0.0.0, Culture=neutral, PublicKeyToken=b03f5f7f11d50a3a".
             Разрешенный путь к файлу - "C:\Program Files\dotnet\packs\Microsoft.NETCore.App.Ref\10.0.4\ref\net10.0\System.Text.RegularExpressions.dll".
             Обнаружена ссылка в расположении пути поиска "{RawFileName}".
             Данная ссылка не является "CopyLocal" так как хотя бы для одного источника данных параметр "Private" имеет значение "false", и нет источников данных, для которых параметр "Private" имеет значение "true".
         Первичная ссылка "System.Threading.AccessControl, Version=10.0.0.0, Culture=neutral, PublicKeyToken=b03f5f7f11d50a3a".
             Разрешенный путь к файлу - "C:\Program Files\dotnet\packs\Microsoft.NETCore.App.Ref\10.0.4\ref\net10.0\System.Threading.AccessControl.dll".
             Обнаружена ссылка в расположении пути поиска "{RawFileName}".
             Данная ссылка не является "CopyLocal" так как хотя бы для одного источника данных параметр "Private" имеет значение "false", и нет источников данных, для которых параметр "Private" имеет значение "true".
         Первичная ссылка "System.Threading.Channels, Version=10.0.0.0, Culture=neutral, PublicKeyToken=cc7b13ffcd2ddd51".
             Разрешенный путь к файлу - "C:\Program Files\dotnet\packs\Microsoft.NETCore.App.Ref\10.0.4\ref\net10.0\System.Threading.Channels.dll".
             Обнаружена ссылка в расположении пути поиска "{RawFileName}".
             Данная ссылка не является "CopyLocal" так как хотя бы для одного источника данных параметр "Private" имеет значение "false", и нет источников данных, для которых параметр "Private" имеет значение "true".
         Первичная ссылка "System.Threading.Overlapped, Version=10.0.0.0, Culture=neutral, PublicKeyToken=b03f5f7f11d50a3a".
             Разрешенный путь к файлу - "C:\Program Files\dotnet\packs\Microsoft.NETCore.App.Ref\10.0.4\ref\net10.0\System.Threading.Overlapped.dll".
             Обнаружена ссылка в расположении пути поиска "{RawFileName}".
             Данная ссылка не является "CopyLocal" так как хотя бы для одного источника данных параметр "Private" имеет значение "false", и нет источников данных, для которых параметр "Private" имеет значение "true".
         Первичная ссылка "System.Threading.Tasks.Dataflow, Version=10.0.0.0, Culture=neutral, PublicKeyToken=b03f5f7f11d50a3a".
             Разрешенный путь к файлу - "C:\Program Files\dotnet\packs\Microsoft.NETCore.App.Ref\10.0.4\ref\net10.0\System.Threading.Tasks.Dataflow.dll".
             Обнаружена ссылка в расположении пути поиска "{RawFileName}".
             Данная ссылка не является "CopyLocal" так как хотя бы для одного источника данных параметр "Private" имеет значение "false", и нет источников данных, для которых параметр "Private" имеет значение "true".
         Первичная ссылка "System.Threading.Tasks.Extensions, Version=10.0.0.0, Culture=neutral, PublicKeyToken=cc7b13ffcd2ddd51".
             Разрешенный путь к файлу - "C:\Program Files\dotnet\packs\Microsoft.NETCore.App.Ref\10.0.4\ref\net10.0\System.Threading.Tasks.Extensions.dll".
             Обнаружена ссылка в расположении пути поиска "{RawFileName}".
             Данная ссылка не является "CopyLocal" так как хотя бы для одного источника данных параметр "Private" имеет значение "false", и нет источников данных, для которых параметр "Private" имеет значение "true".
         Первичная ссылка "System.Threading.Tasks.Parallel, Version=10.0.0.0, Culture=neutral, PublicKeyToken=b03f5f7f11d50a3a".
             Разрешенный путь к файлу - "C:\Program Files\dotnet\packs\Microsoft.NETCore.App.Ref\10.0.4\ref\net10.0\System.Threading.Tasks.Parallel.dll".
             Обнаружена ссылка в расположении пути поиска "{RawFileName}".
             Данная ссылка не является "CopyLocal" так как хотя бы для одного источника данных параметр "Private" имеет значение "false", и нет источников данных, для которых параметр "Private" имеет значение "true".
         Первичная ссылка "System.Threading.Tasks, Version=10.0.0.0, Culture=neutral, PublicKeyToken=b03f5f7f11d50a3a".
             Разрешенный путь к файлу - "C:\Program Files\dotnet\packs\Microsoft.NETCore.App.Ref\10.0.4\ref\net10.0\System.Threading.Tasks.dll".
             Обнаружена ссылка в расположении пути поиска "{RawFileName}".
             Данная ссылка не является "CopyLocal" так как хотя бы для одного источника данных параметр "Private" имеет значение "false", и нет источников данных, для которых параметр "Private" имеет значение "true".
         Первичная ссылка "System.Threading.Thread, Version=10.0.0.0, Culture=neutral, PublicKeyToken=b03f5f7f11d50a3a".
             Разрешенный путь к файлу - "C:\Program Files\dotnet\packs\Microsoft.NETCore.App.Ref\10.0.4\ref\net10.0\System.Threading.Thread.dll".
             Обнаружена ссылка в расположении пути поиска "{RawFileName}".
             Данная ссылка не является "CopyLocal" так как хотя бы для одного источника данных параметр "Private" имеет значение "false", и нет источников данных, для которых параметр "Private" имеет значение "true".
         Первичная ссылка "System.Threading.ThreadPool, Version=10.0.0.0, Culture=neutral, PublicKeyToken=b03f5f7f11d50a3a".
             Разрешенный путь к файлу - "C:\Program Files\dotnet\packs\Microsoft.NETCore.App.Ref\10.0.4\ref\net10.0\System.Threading.ThreadPool.dll".
             Обнаружена ссылка в расположении пути поиска "{RawFileName}".
             Данная ссылка не является "CopyLocal" так как хотя бы для одного источника данных параметр "Private" имеет значение "false", и нет источников данных, для которых параметр "Private" имеет значение "true".
         Первичная ссылка "System.Threading.Timer, Version=10.0.0.0, Culture=neutral, PublicKeyToken=b03f5f7f11d50a3a".
             Разрешенный путь к файлу - "C:\Program Files\dotnet\packs\Microsoft.NETCore.App.Ref\10.0.4\ref\net10.0\System.Threading.Timer.dll".
             Обнаружена ссылка в расположении пути поиска "{RawFileName}".
             Данная ссылка не является "CopyLocal" так как хотя бы для одного источника данных параметр "Private" имеет значение "false", и нет источников данных, для которых параметр "Private" имеет значение "true".
         Первичная ссылка "System.Threading, Version=10.0.0.0, Culture=neutral, PublicKeyToken=b03f5f7f11d50a3a".
             Разрешенный путь к файлу - "C:\Program Files\dotnet\packs\Microsoft.NETCore.App.Ref\10.0.4\ref\net10.0\System.Threading.dll".
             Обнаружена ссылка в расположении пути поиска "{RawFileName}".
             Данная ссылка не является "CopyLocal" так как хотя бы для одного источника данных параметр "Private" имеет значение "false", и нет источников данных, для которых параметр "Private" имеет значение "true".
         Первичная ссылка "System.Transactions.Local, Version=10.0.0.0, Culture=neutral, PublicKeyToken=cc7b13ffcd2ddd51".
             Разрешенный путь к файлу - "C:\Program Files\dotnet\packs\Microsoft.NETCore.App.Ref\10.0.4\ref\net10.0\System.Transactions.Local.dll".
             Обнаружена ссылка в расположении пути поиска "{RawFileName}".
             Данная ссылка не является "CopyLocal" так как хотя бы для одного источника данных параметр "Private" имеет значение "false", и нет источников данных, для которых параметр "Private" имеет значение "true".
         Первичная ссылка "System.Transactions, Version=4.0.0.0, Culture=neutral, PublicKeyToken=b77a5c561934e089".
             Разрешенный путь к файлу - "C:\Program Files\dotnet\packs\Microsoft.NETCore.App.Ref\10.0.4\ref\net10.0\System.Transactions.dll".
             Обнаружена ссылка в расположении пути поиска "{RawFileName}".
             Данная ссылка не является "CopyLocal" так как хотя бы для одного источника данных параметр "Private" имеет значение "false", и нет источников данных, для которых параметр "Private" имеет значение "true".
         Первичная ссылка "System.ValueTuple, Version=10.0.0.0, Culture=neutral, PublicKeyToken=cc7b13ffcd2ddd51".
             Разрешенный путь к файлу - "C:\Program Files\dotnet\packs\Microsoft.NETCore.App.Ref\10.0.4\ref\net10.0\System.ValueTuple.dll".
             Обнаружена ссылка в расположении пути поиска "{RawFileName}".
             Данная ссылка не является "CopyLocal" так как хотя бы для одного источника данных параметр "Private" имеет значение "false", и нет источников данных, для которых параметр "Private" имеет значение "true".
         Первичная ссылка "System.Web.HttpUtility, Version=10.0.0.0, Culture=neutral, PublicKeyToken=cc7b13ffcd2ddd51".
             Разрешенный путь к файлу - "C:\Program Files\dotnet\packs\Microsoft.NETCore.App.Ref\10.0.4\ref\net10.0\System.Web.HttpUtility.dll".
             Обнаружена ссылка в расположении пути поиска "{RawFileName}".
             Данная ссылка не является "CopyLocal" так как хотя бы для одного источника данных параметр "Private" имеет значение "false", и нет источников данных, для которых параметр "Private" имеет значение "true".
         Первичная ссылка "System.Web, Version=4.0.0.0, Culture=neutral, PublicKeyToken=b03f5f7f11d50a3a".
             Разрешенный путь к файлу - "C:\Program Files\dotnet\packs\Microsoft.NETCore.App.Ref\10.0.4\ref\net10.0\System.Web.dll".
             Обнаружена ссылка в расположении пути поиска "{RawFileName}".
             Данная ссылка не является "CopyLocal" так как хотя бы для одного источника данных параметр "Private" имеет значение "false", и нет источников данных, для которых параметр "Private" имеет значение "true".
         Первичная ссылка "System.Windows, Version=4.0.0.0, Culture=neutral, PublicKeyToken=b03f5f7f11d50a3a".
             Разрешенный путь к файлу - "C:\Program Files\dotnet\packs\Microsoft.NETCore.App.Ref\10.0.4\ref\net10.0\System.Windows.dll".
             Обнаружена ссылка в расположении пути поиска "{RawFileName}".
             Данная ссылка не является "CopyLocal" так как хотя бы для одного источника данных параметр "Private" имеет значение "false", и нет источников данных, для которых параметр "Private" имеет значение "true".
         Первичная ссылка "System.Xml.Linq, Version=4.0.0.0, Culture=neutral, PublicKeyToken=b77a5c561934e089".
             Разрешенный путь к файлу - "C:\Program Files\dotnet\packs\Microsoft.NETCore.App.Ref\10.0.4\ref\net10.0\System.Xml.Linq.dll".
             Обнаружена ссылка в расположении пути поиска "{RawFileName}".
             Данная ссылка не является "CopyLocal" так как хотя бы для одного источника данных параметр "Private" имеет значение "false", и нет источников данных, для которых параметр "Private" имеет значение "true".
         Первичная ссылка "System.Xml.ReaderWriter, Version=10.0.0.0, Culture=neutral, PublicKeyToken=b03f5f7f11d50a3a".
             Разрешенный путь к файлу - "C:\Program Files\dotnet\packs\Microsoft.NETCore.App.Ref\10.0.4\ref\net10.0\System.Xml.ReaderWriter.dll".
             Обнаружена ссылка в расположении пути поиска "{RawFileName}".
             Данная ссылка не является "CopyLocal" так как хотя бы для одного источника данных параметр "Private" имеет значение "false", и нет источников данных, для которых параметр "Private" имеет значение "true".
         Первичная ссылка "System.Xml.Serialization, Version=4.0.0.0, Culture=neutral, PublicKeyToken=b77a5c561934e089".
             Разрешенный путь к файлу - "C:\Program Files\dotnet\packs\Microsoft.NETCore.App.Ref\10.0.4\ref\net10.0\System.Xml.Serialization.dll".
             Обнаружена ссылка в расположении пути поиска "{RawFileName}".
             Данная ссылка не является "CopyLocal" так как хотя бы для одного источника данных параметр "Private" имеет значение "false", и нет источников данных, для которых параметр "Private" имеет значение "true".
         Первичная ссылка "System.Xml.XDocument, Version=10.0.0.0, Culture=neutral, PublicKeyToken=b03f5f7f11d50a3a".
             Разрешенный путь к файлу - "C:\Program Files\dotnet\packs\Microsoft.NETCore.App.Ref\10.0.4\ref\net10.0\System.Xml.XDocument.dll".
             Обнаружена ссылка в расположении пути поиска "{RawFileName}".
             Данная ссылка не является "CopyLocal" так как хотя бы для одного источника данных параметр "Private" имеет значение "false", и нет источников данных, для которых параметр "Private" имеет значение "true".
         Первичная ссылка "System.Xml.XPath.XDocument, Version=10.0.0.0, Culture=neutral, PublicKeyToken=b03f5f7f11d50a3a".
             Разрешенный путь к файлу - "C:\Program Files\dotnet\packs\Microsoft.NETCore.App.Ref\10.0.4\ref\net10.0\System.Xml.XPath.XDocument.dll".
             Обнаружена ссылка в расположении пути поиска "{RawFileName}".
             Данная ссылка не является "CopyLocal" так как хотя бы для одного источника данных параметр "Private" имеет значение "false", и нет источников данных, для которых параметр "Private" имеет значение "true".
         Первичная ссылка "System.Xml.XPath, Version=10.0.0.0, Culture=neutral, PublicKeyToken=b03f5f7f11d50a3a".
             Разрешенный путь к файлу - "C:\Program Files\dotnet\packs\Microsoft.NETCore.App.Ref\10.0.4\ref\net10.0\System.Xml.XPath.dll".
             Обнаружена ссылка в расположении пути поиска "{RawFileName}".
             Данная ссылка не является "CopyLocal" так как хотя бы для одного источника данных параметр "Private" имеет значение "false", и нет источников данных, для которых параметр "Private" имеет значение "true".
         Первичная ссылка "System.Xml.XmlDocument, Version=10.0.0.0, Culture=neutral, PublicKeyToken=b03f5f7f11d50a3a".
             Разрешенный путь к файлу - "C:\Program Files\dotnet\packs\Microsoft.NETCore.App.Ref\10.0.4\ref\net10.0\System.Xml.XmlDocument.dll".
             Обнаружена ссылка в расположении пути поиска "{RawFileName}".
             Данная ссылка не является "CopyLocal" так как хотя бы для одного источника данных параметр "Private" имеет значение "false", и нет источников данных, для которых параметр "Private" имеет значение "true".
         Первичная ссылка "System.Xml.XmlSerializer, Version=10.0.0.0, Culture=neutral, PublicKeyToken=b03f5f7f11d50a3a".
             Разрешенный путь к файлу - "C:\Program Files\dotnet\packs\Microsoft.NETCore.App.Ref\10.0.4\ref\net10.0\System.Xml.XmlSerializer.dll".
             Обнаружена ссылка в расположении пути поиска "{RawFileName}".
             Данная ссылка не является "CopyLocal" так как хотя бы для одного источника данных параметр "Private" имеет значение "false", и нет источников данных, для которых параметр "Private" имеет значение "true".
         Первичная ссылка "System.Xml, Version=4.0.0.0, Culture=neutral, PublicKeyToken=b77a5c561934e089".
             Разрешенный путь к файлу - "C:\Program Files\dotnet\packs\Microsoft.NETCore.App.Ref\10.0.4\ref\net10.0\System.Xml.dll".
             Обнаружена ссылка в расположении пути поиска "{RawFileName}".
             Данная ссылка не является "CopyLocal" так как хотя бы для одного источника данных параметр "Private" имеет значение "false", и нет источников данных, для которых параметр "Private" имеет значение "true".
         Первичная ссылка "System, Version=4.0.0.0, Culture=neutral, PublicKeyToken=b77a5c561934e089".
             Разрешенный путь к файлу - "C:\Program Files\dotnet\packs\Microsoft.NETCore.App.Ref\10.0.4\ref\net10.0\System.dll".
             Обнаружена ссылка в расположении пути поиска "{RawFileName}".
             Данная ссылка не является "CopyLocal" так как хотя бы для одного источника данных параметр "Private" имеет значение "false", и нет источников данных, для которых параметр "Private" имеет значение "true".
         Первичная ссылка "mscorlib, Version=4.0.0.0, Culture=neutral, PublicKeyToken=b77a5c561934e089".
             Разрешенный путь к файлу - "C:\Program Files\dotnet\packs\Microsoft.NETCore.App.Ref\10.0.4\ref\net10.0\mscorlib.dll".
             Обнаружена ссылка в расположении пути поиска "{RawFileName}".
             Данная ссылка не является "CopyLocal" так как хотя бы для одного источника данных параметр "Private" имеет значение "false", и нет источников данных, для которых параметр "Private" имеет значение "true".
         Первичная ссылка "netstandard, Version=2.1.0.0, Culture=neutral, PublicKeyToken=cc7b13ffcd2ddd51".
             Разрешенный путь к файлу - "C:\Program Files\dotnet\packs\Microsoft.NETCore.App.Ref\10.0.4\ref\net10.0\netstandard.dll".
             Обнаружена ссылка в расположении пути поиска "{RawFileName}".
             Данная ссылка не является "CopyLocal" так как хотя бы для одного источника данных параметр "Private" имеет значение "false", и нет источников данных, для которых параметр "Private" имеет значение "true".
         Первичная ссылка "Accessibility, Version=4.0.0.0, Culture=neutral, PublicKeyToken=31bf3856ad364e35".
             Разрешенный путь к файлу - "C:\Program Files\dotnet\packs\Microsoft.WindowsDesktop.App.Ref\10.0.4\ref\net10.0\Accessibility.dll".
             Обнаружена ссылка в расположении пути поиска "{RawFileName}".
             Данная ссылка не является "CopyLocal" так как хотя бы для одного источника данных параметр "Private" имеет значение "false", и нет источников данных, для которых параметр "Private" имеет значение "true".
         Первичная ссылка "Microsoft.Win32.Registry.AccessControl, Version=10.0.0.0, Culture=neutral, PublicKeyToken=b03f5f7f11d50a3a".
             Разрешенный путь к файлу - "C:\Program Files\dotnet\packs\Microsoft.WindowsDesktop.App.Ref\10.0.4\ref\net10.0\Microsoft.Win32.Registry.AccessControl.dll".
             Обнаружена ссылка в расположении пути поиска "{RawFileName}".
             Данная ссылка не является "CopyLocal" так как хотя бы для одного источника данных параметр "Private" имеет значение "false", и нет источников данных, для которых параметр "Private" имеет значение "true".
         Первичная ссылка "Microsoft.Win32.SystemEvents, Version=10.0.0.0, Culture=neutral, PublicKeyToken=cc7b13ffcd2ddd51".
             Разрешенный путь к файлу - "C:\Program Files\dotnet\packs\Microsoft.WindowsDesktop.App.Ref\10.0.4\ref\net10.0\Microsoft.Win32.SystemEvents.dll".
             Обнаружена ссылка в расположении пути поиска "{RawFileName}".
             Данная ссылка не является "CopyLocal" так как хотя бы для одного источника данных параметр "Private" имеет значение "false", и нет источников данных, для которых параметр "Private" имеет значение "true".
         Первичная ссылка "PresentationCore, Version=10.0.0.0, Culture=neutral, PublicKeyToken=31bf3856ad364e35".
             Разрешенный путь к файлу - "C:\Program Files\dotnet\packs\Microsoft.WindowsDesktop.App.Ref\10.0.4\ref\net10.0\PresentationCore.dll".
             Обнаружена ссылка в расположении пути поиска "{RawFileName}".
             Данная ссылка не является "CopyLocal" так как хотя бы для одного источника данных параметр "Private" имеет значение "false", и нет источников данных, для которых параметр "Private" имеет значение "true".
         Первичная ссылка "PresentationFramework.Aero, Version=10.0.0.0, Culture=neutral, PublicKeyToken=31bf3856ad364e35".
             Разрешенный путь к файлу - "C:\Program Files\dotnet\packs\Microsoft.WindowsDesktop.App.Ref\10.0.4\ref\net10.0\PresentationFramework.Aero.dll".
             Обнаружена ссылка в расположении пути поиска "{RawFileName}".
             Данная ссылка не является "CopyLocal" так как хотя бы для одного источника данных параметр "Private" имеет значение "false", и нет источников данных, для которых параметр "Private" имеет значение "true".
         Первичная ссылка "PresentationFramework.Aero2, Version=10.0.0.0, Culture=neutral, PublicKeyToken=31bf3856ad364e35".
             Разрешенный путь к файлу - "C:\Program Files\dotnet\packs\Microsoft.WindowsDesktop.App.Ref\10.0.4\ref\net10.0\PresentationFramework.Aero2.dll".
             Обнаружена ссылка в расположении пути поиска "{RawFileName}".
             Данная ссылка не является "CopyLocal" так как хотя бы для одного источника данных параметр "Private" имеет значение "false", и нет источников данных, для которых параметр "Private" имеет значение "true".
         Первичная ссылка "PresentationFramework.AeroLite, Version=10.0.0.0, Culture=neutral, PublicKeyToken=31bf3856ad364e35".
             Разрешенный путь к файлу - "C:\Program Files\dotnet\packs\Microsoft.WindowsDesktop.App.Ref\10.0.4\ref\net10.0\PresentationFramework.AeroLite.dll".
             Обнаружена ссылка в расположении пути поиска "{RawFileName}".
             Данная ссылка не является "CopyLocal" так как хотя бы для одного источника данных параметр "Private" имеет значение "false", и нет источников данных, для которых параметр "Private" имеет значение "true".
         Первичная ссылка "PresentationFramework.Classic, Version=10.0.0.0, Culture=neutral, PublicKeyToken=31bf3856ad364e35".
             Разрешенный путь к файлу - "C:\Program Files\dotnet\packs\Microsoft.WindowsDesktop.App.Ref\10.0.4\ref\net10.0\PresentationFramework.Classic.dll".
             Обнаружена ссылка в расположении пути поиска "{RawFileName}".
             Данная ссылка не является "CopyLocal" так как хотя бы для одного источника данных параметр "Private" имеет значение "false", и нет источников данных, для которых параметр "Private" имеет значение "true".
         Первичная ссылка "PresentationFramework.Luna, Version=10.0.0.0, Culture=neutral, PublicKeyToken=31bf3856ad364e35".
             Разрешенный путь к файлу - "C:\Program Files\dotnet\packs\Microsoft.WindowsDesktop.App.Ref\10.0.4\ref\net10.0\PresentationFramework.Luna.dll".
             Обнаружена ссылка в расположении пути поиска "{RawFileName}".
             Данная ссылка не является "CopyLocal" так как хотя бы для одного источника данных параметр "Private" имеет значение "false", и нет источников данных, для которых параметр "Private" имеет значение "true".
         Первичная ссылка "PresentationFramework.Royale, Version=10.0.0.0, Culture=neutral, PublicKeyToken=31bf3856ad364e35".
             Разрешенный путь к файлу - "C:\Program Files\dotnet\packs\Microsoft.WindowsDesktop.App.Ref\10.0.4\ref\net10.0\PresentationFramework.Royale.dll".
             Обнаружена ссылка в расположении пути поиска "{RawFileName}".
             Данная ссылка не является "CopyLocal" так как хотя бы для одного источника данных параметр "Private" имеет значение "false", и нет источников данных, для которых параметр "Private" имеет значение "true".
         Первичная ссылка "PresentationFramework, Version=10.0.0.0, Culture=neutral, PublicKeyToken=31bf3856ad364e35".
             Разрешенный путь к файлу - "C:\Program Files\dotnet\packs\Microsoft.WindowsDesktop.App.Ref\10.0.4\ref\net10.0\PresentationFramework.dll".
             Обнаружена ссылка в расположении пути поиска "{RawFileName}".
             Данная ссылка не является "CopyLocal" так как хотя бы для одного источника данных параметр "Private" имеет значение "false", и нет источников данных, для которых параметр "Private" имеет значение "true".
         Первичная ссылка "PresentationUI, Version=10.0.0.0, Culture=neutral, PublicKeyToken=b77a5c561934e089".
             Разрешенный путь к файлу - "C:\Program Files\dotnet\packs\Microsoft.WindowsDesktop.App.Ref\10.0.4\ref\net10.0\PresentationUI.dll".
             Обнаружена ссылка в расположении пути поиска "{RawFileName}".
             Данная ссылка не является "CopyLocal" так как хотя бы для одного источника данных параметр "Private" имеет значение "false", и нет источников данных, для которых параметр "Private" имеет значение "true".
         Первичная ссылка "ReachFramework, Version=10.0.0.0, Culture=neutral, PublicKeyToken=31bf3856ad364e35".
             Разрешенный путь к файлу - "C:\Program Files\dotnet\packs\Microsoft.WindowsDesktop.App.Ref\10.0.4\ref\net10.0\ReachFramework.dll".
             Обнаружена ссылка в расположении пути поиска "{RawFileName}".
             Данная ссылка не является "CopyLocal" так как хотя бы для одного источника данных параметр "Private" имеет значение "false", и нет источников данных, для которых параметр "Private" имеет значение "true".
         Первичная ссылка "System.CodeDom, Version=10.0.0.0, Culture=neutral, PublicKeyToken=cc7b13ffcd2ddd51".
             Разрешенный путь к файлу - "C:\Program Files\dotnet\packs\Microsoft.WindowsDesktop.App.Ref\10.0.4\ref\net10.0\System.CodeDom.dll".
             Обнаружена ссылка в расположении пути поиска "{RawFileName}".
             Данная ссылка не является "CopyLocal" так как хотя бы для одного источника данных параметр "Private" имеет значение "false", и нет источников данных, для которых параметр "Private" имеет значение "true".
         Первичная ссылка "System.Configuration.ConfigurationManager, Version=10.0.0.0, Culture=neutral, PublicKeyToken=cc7b13ffcd2ddd51".
             Разрешенный путь к файлу - "C:\Program Files\dotnet\packs\Microsoft.WindowsDesktop.App.Ref\10.0.4\ref\net10.0\System.Configuration.ConfigurationManager.dll".
             Обнаружена ссылка в расположении пути поиска "{RawFileName}".
             Данная ссылка не является "CopyLocal" так как хотя бы для одного источника данных параметр "Private" имеет значение "false", и нет источников данных, для которых параметр "Private" имеет значение "true".
         Первичная ссылка "System.Diagnostics.EventLog, Version=10.0.0.0, Culture=neutral, PublicKeyToken=cc7b13ffcd2ddd51".
             Разрешенный путь к файлу - "C:\Program Files\dotnet\packs\Microsoft.WindowsDesktop.App.Ref\10.0.4\ref\net10.0\System.Diagnostics.EventLog.dll".
             Обнаружена ссылка в расположении пути поиска "{RawFileName}".
             Данная ссылка не является "CopyLocal" так как хотя бы для одного источника данных параметр "Private" имеет значение "false", и нет источников данных, для которых параметр "Private" имеет значение "true".
         Первичная ссылка "System.Diagnostics.PerformanceCounter, Version=10.0.0.0, Culture=neutral, PublicKeyToken=cc7b13ffcd2ddd51".
             Разрешенный путь к файлу - "C:\Program Files\dotnet\packs\Microsoft.WindowsDesktop.App.Ref\10.0.4\ref\net10.0\System.Diagnostics.PerformanceCounter.dll".
             Обнаружена ссылка в расположении пути поиска "{RawFileName}".
             Данная ссылка не является "CopyLocal" так как хотя бы для одного источника данных параметр "Private" имеет значение "false", и нет источников данных, для которых параметр "Private" имеет значение "true".
         Первичная ссылка "System.DirectoryServices, Version=10.0.0.0, Culture=neutral, PublicKeyToken=b03f5f7f11d50a3a".
             Разрешенный путь к файлу - "C:\Program Files\dotnet\packs\Microsoft.WindowsDesktop.App.Ref\10.0.4\ref\net10.0\System.DirectoryServices.dll".
             Обнаружена ссылка в расположении пути поиска "{RawFileName}".
             Данная ссылка не является "CopyLocal" так как хотя бы для одного источника данных параметр "Private" имеет значение "false", и нет источников данных, для которых параметр "Private" имеет значение "true".
         Первичная ссылка "System.Drawing.Common, Version=10.0.0.0, Culture=neutral, PublicKeyToken=cc7b13ffcd2ddd51".
             Разрешенный путь к файлу - "C:\Program Files\dotnet\packs\Microsoft.WindowsDesktop.App.Ref\10.0.4\ref\net10.0\System.Drawing.Common.dll".
             Обнаружена ссылка в расположении пути поиска "{RawFileName}".
             Данная ссылка не является "CopyLocal" так как хотя бы для одного источника данных параметр "Private" имеет значение "false", и нет источников данных, для которых параметр "Private" имеет значение "true".
         Первичная ссылка "System.Formats.Nrbf, Version=10.0.0.0, Culture=neutral, PublicKeyToken=cc7b13ffcd2ddd51".
             Разрешенный путь к файлу - "C:\Program Files\dotnet\packs\Microsoft.WindowsDesktop.App.Ref\10.0.4\ref\net10.0\System.Formats.Nrbf.dll".
             Обнаружена ссылка в расположении пути поиска "{RawFileName}".
             Данная ссылка не является "CopyLocal" так как хотя бы для одного источника данных параметр "Private" имеет значение "false", и нет источников данных, для которых параметр "Private" имеет значение "true".
         Первичная ссылка "System.IO.Packaging, Version=10.0.0.0, Culture=neutral, PublicKeyToken=b03f5f7f11d50a3a".
             Разрешенный путь к файлу - "C:\Program Files\dotnet\packs\Microsoft.WindowsDesktop.App.Ref\10.0.4\ref\net10.0\System.IO.Packaging.dll".
             Обнаружена ссылка в расположении пути поиска "{RawFileName}".
             Данная ссылка не является "CopyLocal" так как хотя бы для одного источника данных параметр "Private" имеет значение "false", и нет источников данных, для которых параметр "Private" имеет значение "true".
         Первичная ссылка "System.Printing, Version=10.0.0.0, Culture=neutral, PublicKeyToken=31bf3856ad364e35".
             Разрешенный путь к файлу - "C:\Program Files\dotnet\packs\Microsoft.WindowsDesktop.App.Ref\10.0.4\ref\net10.0\System.Printing.dll".
             Обнаружена ссылка в расположении пути поиска "{RawFileName}".
             Данная ссылка не является "CopyLocal" так как хотя бы для одного источника данных параметр "Private" имеет значение "false", и нет источников данных, для которых параметр "Private" имеет значение "true".
         Первичная ссылка "System.Private.Windows.Core, Version=10.0.0.0, Culture=neutral, PublicKeyToken=b77a5c561934e089".
             Разрешенный путь к файлу - "C:\Program Files\dotnet\packs\Microsoft.WindowsDesktop.App.Ref\10.0.4\ref\net10.0\System.Private.Windows.Core.dll".
             Обнаружена ссылка в расположении пути поиска "{RawFileName}".
             Данная ссылка не является "CopyLocal" так как хотя бы для одного источника данных параметр "Private" имеет значение "false", и нет источников данных, для которых параметр "Private" имеет значение "true".
         Первичная ссылка "System.Private.Windows.GdiPlus, Version=10.0.0.0, Culture=neutral, PublicKeyToken=b77a5c561934e089".
             Разрешенный путь к файлу - "C:\Program Files\dotnet\packs\Microsoft.WindowsDesktop.App.Ref\10.0.4\ref\net10.0\System.Private.Windows.GdiPlus.dll".
             Обнаружена ссылка в расположении пути поиска "{RawFileName}".
             Данная ссылка не является "CopyLocal" так как хотя бы для одного источника данных параметр "Private" имеет значение "false", и нет источников данных, для которых параметр "Private" имеет значение "true".
         Первичная ссылка "System.Resources.Extensions, Version=10.0.0.0, Culture=neutral, PublicKeyToken=cc7b13ffcd2ddd51".
             Разрешенный путь к файлу - "C:\Program Files\dotnet\packs\Microsoft.WindowsDesktop.App.Ref\10.0.4\ref\net10.0\System.Resources.Extensions.dll".
             Обнаружена ссылка в расположении пути поиска "{RawFileName}".
             Данная ссылка не является "CopyLocal" так как хотя бы для одного источника данных параметр "Private" имеет значение "false", и нет источников данных, для которых параметр "Private" имеет значение "true".
         Первичная ссылка "System.Security.Cryptography.Pkcs, Version=10.0.0.0, Culture=neutral, PublicKeyToken=b03f5f7f11d50a3a".
             Разрешенный путь к файлу - "C:\Program Files\dotnet\packs\Microsoft.WindowsDesktop.App.Ref\10.0.4\ref\net10.0\System.Security.Cryptography.Pkcs.dll".
             Обнаружена ссылка в расположении пути поиска "{RawFileName}".
             Данная ссылка не является "CopyLocal" так как хотя бы для одного источника данных параметр "Private" имеет значение "false", и нет источников данных, для которых параметр "Private" имеет значение "true".
         Первичная ссылка "System.Security.Cryptography.ProtectedData, Version=10.0.0.0, Culture=neutral, PublicKeyToken=b03f5f7f11d50a3a".
             Разрешенный путь к файлу - "C:\Program Files\dotnet\packs\Microsoft.WindowsDesktop.App.Ref\10.0.4\ref\net10.0\System.Security.Cryptography.ProtectedData.dll".
             Обнаружена ссылка в расположении пути поиска "{RawFileName}".
             Данная ссылка не является "CopyLocal" так как хотя бы для одного источника данных параметр "Private" имеет значение "false", и нет источников данных, для которых параметр "Private" имеет значение "true".
         Первичная ссылка "System.Security.Cryptography.Xml, Version=10.0.0.0, Culture=neutral, PublicKeyToken=cc7b13ffcd2ddd51".
             Разрешенный путь к файлу - "C:\Program Files\dotnet\packs\Microsoft.WindowsDesktop.App.Ref\10.0.4\ref\net10.0\System.Security.Cryptography.Xml.dll".
             Обнаружена ссылка в расположении пути поиска "{RawFileName}".
             Данная ссылка не является "CopyLocal" так как хотя бы для одного источника данных параметр "Private" имеет значение "false", и нет источников данных, для которых параметр "Private" имеет значение "true".
         Первичная ссылка "System.Security.Permissions, Version=10.0.0.0, Culture=neutral, PublicKeyToken=cc7b13ffcd2ddd51".
             Разрешенный путь к файлу - "C:\Program Files\dotnet\packs\Microsoft.WindowsDesktop.App.Ref\10.0.4\ref\net10.0\System.Security.Permissions.dll".
             Обнаружена ссылка в расположении пути поиска "{RawFileName}".
             Данная ссылка не является "CopyLocal" так как хотя бы для одного источника данных параметр "Private" имеет значение "false", и нет источников данных, для которых параметр "Private" имеет значение "true".
         Первичная ссылка "System.Windows.Controls.Ribbon, Version=10.0.0.0, Culture=neutral, PublicKeyToken=b77a5c561934e089".
             Разрешенный путь к файлу - "C:\Program Files\dotnet\packs\Microsoft.WindowsDesktop.App.Ref\10.0.4\ref\net10.0\System.Windows.Controls.Ribbon.dll".
             Обнаружена ссылка в расположении пути поиска "{RawFileName}".
             Данная ссылка не является "CopyLocal" так как хотя бы для одного источника данных параметр "Private" имеет значение "false", и нет источников данных, для которых параметр "Private" имеет значение "true".
         Первичная ссылка "System.Windows.Extensions, Version=10.0.0.0, Culture=neutral, PublicKeyToken=cc7b13ffcd2ddd51".
             Разрешенный путь к файлу - "C:\Program Files\dotnet\packs\Microsoft.WindowsDesktop.App.Ref\10.0.4\ref\net10.0\System.Windows.Extensions.dll".
             Обнаружена ссылка в расположении пути поиска "{RawFileName}".
             Данная ссылка не является "CopyLocal" так как хотя бы для одного источника данных параметр "Private" имеет значение "false", и нет источников данных, для которых параметр "Private" имеет значение "true".
         Первичная ссылка "System.Windows.Input.Manipulations, Version=10.0.0.0, Culture=neutral, PublicKeyToken=b77a5c561934e089".
             Разрешенный путь к файлу - "C:\Program Files\dotnet\packs\Microsoft.WindowsDesktop.App.Ref\10.0.4\ref\net10.0\System.Windows.Input.Manipulations.dll".
             Обнаружена ссылка в расположении пути поиска "{RawFileName}".
             Данная ссылка не является "CopyLocal" так как хотя бы для одного источника данных параметр "Private" имеет значение "false", и нет источников данных, для которых параметр "Private" имеет значение "true".
         Первичная ссылка "System.Windows.Presentation, Version=10.0.0.0, Culture=neutral, PublicKeyToken=b77a5c561934e089".
             Разрешенный путь к файлу - "C:\Program Files\dotnet\packs\Microsoft.WindowsDesktop.App.Ref\10.0.4\ref\net10.0\System.Windows.Presentation.dll".
             Обнаружена ссылка в расположении пути поиска "{RawFileName}".
             Данная ссылка не является "CopyLocal" так как хотя бы для одного источника данных параметр "Private" имеет значение "false", и нет источников данных, для которых параметр "Private" имеет значение "true".
         Первичная ссылка "System.Windows.Primitives, Version=10.0.0.0, Culture=neutral, PublicKeyToken=31bf3856ad364e35".
             Разрешенный путь к файлу - "C:\Program Files\dotnet\packs\Microsoft.WindowsDesktop.App.Ref\10.0.4\ref\net10.0\System.Windows.Primitives.dll".
             Обнаружена ссылка в расположении пути поиска "{RawFileName}".
             Данная ссылка не является "CopyLocal" так как хотя бы для одного источника данных параметр "Private" имеет значение "false", и нет источников данных, для которых параметр "Private" имеет значение "true".
         Первичная ссылка "System.Xaml, Version=10.0.0.0, Culture=neutral, PublicKeyToken=b77a5c561934e089".
             Разрешенный путь к файлу - "C:\Program Files\dotnet\packs\Microsoft.WindowsDesktop.App.Ref\10.0.4\ref\net10.0\System.Xaml.dll".
             Обнаружена ссылка в расположении пути поиска "{RawFileName}".
             Данная ссылка не является "CopyLocal" так как хотя бы для одного источника данных параметр "Private" имеет значение "false", и нет источников данных, для которых параметр "Private" имеет значение "true".
         Первичная ссылка "UIAutomationClient, Version=10.0.0.0, Culture=neutral, PublicKeyToken=31bf3856ad364e35".
             Разрешенный путь к файлу - "C:\Program Files\dotnet\packs\Microsoft.WindowsDesktop.App.Ref\10.0.4\ref\net10.0\UIAutomationClient.dll".
             Обнаружена ссылка в расположении пути поиска "{RawFileName}".
             Данная ссылка не является "CopyLocal" так как хотя бы для одного источника данных параметр "Private" имеет значение "false", и нет источников данных, для которых параметр "Private" имеет значение "true".
         Первичная ссылка "UIAutomationClientSideProviders, Version=10.0.0.0, Culture=neutral, PublicKeyToken=b77a5c561934e089".
             Разрешенный путь к файлу - "C:\Program Files\dotnet\packs\Microsoft.WindowsDesktop.App.Ref\10.0.4\ref\net10.0\UIAutomationClientSideProviders.dll".
             Обнаружена ссылка в расположении пути поиска "{RawFileName}".
             Данная ссылка не является "CopyLocal" так как хотя бы для одного источника данных параметр "Private" имеет значение "false", и нет источников данных, для которых параметр "Private" имеет значение "true".
         Первичная ссылка "UIAutomationProvider, Version=10.0.0.0, Culture=neutral, PublicKeyToken=31bf3856ad364e35".
             Разрешенный путь к файлу - "C:\Program Files\dotnet\packs\Microsoft.WindowsDesktop.App.Ref\10.0.4\ref\net10.0\UIAutomationProvider.dll".
             Обнаружена ссылка в расположении пути поиска "{RawFileName}".
             Данная ссылка не является "CopyLocal" так как хотя бы для одного источника данных параметр "Private" имеет значение "false", и нет источников данных, для которых параметр "Private" имеет значение "true".
         Первичная ссылка "UIAutomationTypes, Version=10.0.0.0, Culture=neutral, PublicKeyToken=31bf3856ad364e35".
             Разрешенный путь к файлу - "C:\Program Files\dotnet\packs\Microsoft.WindowsDesktop.App.Ref\10.0.4\ref\net10.0\UIAutomationTypes.dll".
             Обнаружена ссылка в расположении пути поиска "{RawFileName}".
             Данная ссылка не является "CopyLocal" так как хотя бы для одного источника данных параметр "Private" имеет значение "false", и нет источников данных, для которых параметр "Private" имеет значение "true".
         Первичная ссылка "WindowsBase, Version=10.0.0.0, Culture=neutral, PublicKeyToken=31bf3856ad364e35".
             Разрешенный путь к файлу - "C:\Program Files\dotnet\packs\Microsoft.WindowsDesktop.App.Ref\10.0.4\ref\net10.0\WindowsBase.dll".
             Обнаружена ссылка в расположении пути поиска "{RawFileName}".
             Данная ссылка не является "CopyLocal" так как хотя бы для одного источника данных параметр "Private" имеет значение "false", и нет источников данных, для которых параметр "Private" имеет значение "true".
         Первичная ссылка "Microsoft.VisualBasic.Forms, Version=10.0.0.0, Culture=neutral, PublicKeyToken=b03f5f7f11d50a3a".
             Разрешенный путь к файлу - "C:\Program Files\dotnet\packs\Microsoft.WindowsDesktop.App.Ref\10.0.4\ref\net10.0\Microsoft.VisualBasic.Forms.dll".
             Обнаружена ссылка в расположении пути поиска "{RawFileName}".
             Данная ссылка не является "CopyLocal" так как хотя бы для одного источника данных параметр "Private" имеет значение "false", и нет источников данных, для которых параметр "Private" имеет значение "true".
         Первичная ссылка "Microsoft.VisualBasic, Version=10.1.0.0, Culture=neutral, PublicKeyToken=b03f5f7f11d50a3a".
             Разрешенный путь к файлу - "C:\Program Files\dotnet\packs\Microsoft.WindowsDesktop.App.Ref\10.0.4\ref\net10.0\Microsoft.VisualBasic.dll".
             Обнаружена ссылка в расположении пути поиска "{RawFileName}".
             Данная ссылка не является "CopyLocal" так как хотя бы для одного источника данных параметр "Private" имеет значение "false", и нет источников данных, для которых параметр "Private" имеет значение "true".
         Первичная ссылка "System.Design, Version=10.0.0.0, Culture=neutral, PublicKeyToken=b03f5f7f11d50a3a".
             Разрешенный путь к файлу - "C:\Program Files\dotnet\packs\Microsoft.WindowsDesktop.App.Ref\10.0.4\ref\net10.0\System.Design.dll".
             Обнаружена ссылка в расположении пути поиска "{RawFileName}".
             Данная ссылка не является "CopyLocal" так как хотя бы для одного источника данных параметр "Private" имеет значение "false", и нет источников данных, для которых параметр "Private" имеет значение "true".
         Первичная ссылка "System.Drawing.Design, Version=10.0.0.0, Culture=neutral, PublicKeyToken=b03f5f7f11d50a3a".
             Разрешенный путь к файлу - "C:\Program Files\dotnet\packs\Microsoft.WindowsDesktop.App.Ref\10.0.4\ref\net10.0\System.Drawing.Design.dll".
             Обнаружена ссылка в расположении пути поиска "{RawFileName}".
             Данная ссылка не является "CopyLocal" так как хотя бы для одного источника данных параметр "Private" имеет значение "false", и нет источников данных, для которых параметр "Private" имеет значение "true".
         Первичная ссылка "System.Drawing, Version=10.0.0.0, Culture=neutral, PublicKeyToken=b03f5f7f11d50a3a".
             Разрешенный путь к файлу - "C:\Program Files\dotnet\packs\Microsoft.WindowsDesktop.App.Ref\10.0.4\ref\net10.0\System.Drawing.dll".
             Обнаружена ссылка в расположении пути поиска "{RawFileName}".
             Данная ссылка не является "CopyLocal" так как хотя бы для одного источника данных параметр "Private" имеет значение "false", и нет источников данных, для которых параметр "Private" имеет значение "true".
         Первичная ссылка "System.Windows.Forms.Design.Editors, Version=10.0.0.0, Culture=neutral, PublicKeyToken=b03f5f7f11d50a3a".
             Разрешенный путь к файлу - "C:\Program Files\dotnet\packs\Microsoft.WindowsDesktop.App.Ref\10.0.4\ref\net10.0\System.Windows.Forms.Design.Editors.dll".
             Обнаружена ссылка в расположении пути поиска "{RawFileName}".
             Данная ссылка не является "CopyLocal" так как хотя бы для одного источника данных параметр "Private" имеет значение "false", и нет источников данных, для которых параметр "Private" имеет значение "true".
         Первичная ссылка "System.Windows.Forms.Design, Version=10.0.0.0, Culture=neutral, PublicKeyToken=b77a5c561934e089".
             Разрешенный путь к файлу - "C:\Program Files\dotnet\packs\Microsoft.WindowsDesktop.App.Ref\10.0.4\ref\net10.0\System.Windows.Forms.Design.dll".
             Обнаружена ссылка в расположении пути поиска "{RawFileName}".
             Данная ссылка не является "CopyLocal" так как хотя бы для одного источника данных параметр "Private" имеет значение "false", и нет источников данных, для которых параметр "Private" имеет значение "true".
         Первичная ссылка "System.Windows.Forms.Primitives, Version=10.0.0.0, Culture=neutral, PublicKeyToken=b77a5c561934e089".
             Разрешенный путь к файлу - "C:\Program Files\dotnet\packs\Microsoft.WindowsDesktop.App.Ref\10.0.4\ref\net10.0\System.Windows.Forms.Primitives.dll".
             Обнаружена ссылка в расположении пути поиска "{RawFileName}".
             Данная ссылка не является "CopyLocal" так как хотя бы для одного источника данных параметр "Private" имеет значение "false", и нет источников данных, для которых параметр "Private" имеет значение "true".
         Первичная ссылка "System.Windows.Forms, Version=10.0.0.0, Culture=neutral, PublicKeyToken=b77a5c561934e089".
             Разрешенный путь к файлу - "C:\Program Files\dotnet\packs\Microsoft.WindowsDesktop.App.Ref\10.0.4\ref\net10.0\System.Windows.Forms.dll".
             Обнаружена ссылка в расположении пути поиска "{RawFileName}".
             Данная ссылка не является "CopyLocal" так как хотя бы для одного источника данных параметр "Private" имеет значение "false", и нет источников данных, для которых параметр "Private" имеет значение "true".
       Выполнение задачи "ResolveAssemblyReference" завершено.
   1:7>Сборка целевого объекта "ResolveAssemblyReferences" в проекте "WeakestLink.csproj" завершена.
   1:7>Целевой объект "AfterResolveReferences" в файле "C:\Program Files\dotnet\sdk\10.0.200\Microsoft.Common.CurrentVersion.targets" из проекта "I:\WEAKEST LINK SOPFTWARE AI TESTERING FINALE\WeakestLink.csproj" (целевой объект "ResolveReferences" зависит от него):
   1:7>Сборка целевого объекта "AfterResolveReferences" в проекте "WeakestLink.csproj" завершена.
   1:7>Целевой объект "ResolveReferences" в файле "C:\Program Files\dotnet\sdk\10.0.200\Microsoft.Common.CurrentVersion.targets" из проекта "I:\WEAKEST LINK SOPFTWARE AI TESTERING FINALE\WeakestLink.csproj" (целевой объект "_BlockWinMDsOnUnsupportedTFMs" зависит от него):
   1:7>Сборка целевого объекта "ResolveReferences" в проекте "WeakestLink.csproj" завершена.
   1:7>Целевой объект "_BlockWinMDsOnUnsupportedTFMs" в файле "C:\Program Files\dotnet\sdk\10.0.200\Sdks\Microsoft.NET.Sdk\targets\Microsoft.NET.Sdk.targets" из проекта "I:\WEAKEST LINK SOPFTWARE AI TESTERING FINALE\WeakestLink.csproj" (целевой объект "CoreBuild" зависит от него):
       Используется задача "CheckForUnsupportedWinMDReferences" из сборки "C:\Program Files\dotnet\sdk\10.0.200\Sdks\Microsoft.NET.Sdk\targets\..\tools\net10.0\Microsoft.NET.Build.Tasks.dll".
       Задача "CheckForUnsupportedWinMDReferences"
       Выполнение задачи "CheckForUnsupportedWinMDReferences" завершено.
   1:7>Сборка целевого объекта "_BlockWinMDsOnUnsupportedTFMs" в проекте "WeakestLink.csproj" завершена.
       Целевой объект "ResolveReferences" пропущен. Предыдущая сборка успешна.
   1:7>Целевой объект "MarkupCompilePass1" в файле "C:\Program Files\dotnet\sdk\10.0.200\Sdks\Microsoft.NET.Sdk.WindowsDesktop\targets\Microsoft.WinFX.targets" из проекта "I:\WEAKEST LINK SOPFTWARE AI TESTERING FINALE\WeakestLink.csproj" (целевой объект "PrepareResources" зависит от него):
       Сборка загружена во время TaskRun: PresentationBuildTasks, Version=10.0.4.0, Culture=neutral, PublicKeyToken=31bf3856ad364e35 (расположение: C:\Program Files\dotnet\sdk\10.0.200\Sdks\Microsoft.NET.Sdk.WindowsDesktop\tools\net10.0\PresentationBuildTasks.dll, MVID: 7bce4002-43b0-4ed7-ac6f-af17d2ebf88b, AssemblyLoadContext: MSBuild plugin C:\Program Files\dotnet\sdk\10.0.200\Sdks\Microsoft.NET.Sdk.WindowsDesktop\tools\net10.0\PresentationBuildTasks.dll)
       Используется задача "MarkupCompilePass1" из сборки "C:\Program Files\dotnet\sdk\10.0.200\Sdks\Microsoft.NET.Sdk.WindowsDesktop\tools\net10.0\PresentationBuildTasks.dll".
       Задача "MarkupCompilePass1"
         
         
         Microsoft (R) Build Task "MarkupCompilePass1", версия "10.0.426.12010".
         © Корпорация Майкрософт (Microsoft Corporation), 2005. Все права защищены.
         
         
         Входные данные: файл ApplicationDefinition разметки: "I:\WEAKEST LINK SOPFTWARE AI TESTERING FINALE\App.xaml".
         Текущий каталог проекта: "I:\WEAKEST LINK SOPFTWARE AI TESTERING FINALE\".
         Результат анализа: "All".
         Перекомпилированный файл XAML: "I:\WEAKEST LINK SOPFTWARE AI TESTERING FINALE\Views\AudienceScreen.xaml".
         Перекомпилированный файл XAML: "I:\WEAKEST LINK SOPFTWARE AI TESTERING FINALE\Views\BroadcastScreen.xaml".
         Перекомпилированный файл XAML: "I:\WEAKEST LINK SOPFTWARE AI TESTERING FINALE\Views\BroadcastWindow.xaml".
         Перекомпилированный файл XAML: "I:\WEAKEST LINK SOPFTWARE AI TESTERING FINALE\Views\DarkMessageBox.xaml".
         Перекомпилированный файл XAML: "I:\WEAKEST LINK SOPFTWARE AI TESTERING FINALE\Views\HostScreen.xaml".
         Перекомпилированный файл XAML: "I:\WEAKEST LINK SOPFTWARE AI TESTERING FINALE\Views\HostScreenModern.xaml".
         Перекомпилированный файл XAML: "I:\WEAKEST LINK SOPFTWARE AI TESTERING FINALE\Views\HostScreenModernPremium.xaml".
         Перекомпилированный файл XAML: "I:\WEAKEST LINK SOPFTWARE AI TESTERING FINALE\Views\HostScreenPremium.xaml".
         Перекомпилированный файл XAML: "I:\WEAKEST LINK SOPFTWARE AI TESTERING FINALE\Views\OperatorPanel.xaml".
         Перекомпилированный файл XAML: "I:\WEAKEST LINK SOPFTWARE AI TESTERING FINALE\Views\QuestionEditorWindow.xaml".
         Перекомпилированный файл XAML: "I:\WEAKEST LINK SOPFTWARE AI TESTERING FINALE\Views\RoundStatsWindow.xaml".
         Перекомпилированный файл XAML: "I:\WEAKEST LINK SOPFTWARE AI TESTERING FINALE\Views\ServiceScreen.xaml".
         Перекомпилированный файл XAML: "I:\WEAKEST LINK SOPFTWARE AI TESTERING FINALE\Views\Styles\ObsidianStyles.xaml".
         Перекомпилированный файл XAML: "I:\WEAKEST LINK SOPFTWARE AI TESTERING FINALE\Views\Styles\UIConstants.xaml".
         Перекомпилированный файл XAML: "I:\WEAKEST LINK SOPFTWARE AI TESTERING FINALE\Views\WinWinner.xaml".
         Компиляция разметки начата.
         Тип OutputType равен "winexe".
         Входное значение: файл Reference для сборки: "C:\Program Files\dotnet\packs\Microsoft.WindowsDesktop.App.Ref\10.0.4\ref\net10.0\Accessibility.dll".
         Входное значение: файл Reference для сборки: "C:\Users\Timontiy\.nuget\packages\hidlibrary\3.3.40\lib\netstandard2\HidLibrary.dll".
         Входное значение: файл Reference для сборки: "C:\Program Files\dotnet\packs\Microsoft.NETCore.App.Ref\10.0.4\ref\net10.0\Microsoft.CSharp.dll".
         Входное значение: файл Reference для сборки: "C:\Program Files\dotnet\packs\Microsoft.NETCore.App.Ref\10.0.4\ref\net10.0\Microsoft.VisualBasic.Core.dll".
         Входное значение: файл Reference для сборки: "C:\Program Files\dotnet\packs\Microsoft.WindowsDesktop.App.Ref\10.0.4\ref\net10.0\Microsoft.VisualBasic.dll".
         Входное значение: файл Reference для сборки: "C:\Program Files\dotnet\packs\Microsoft.WindowsDesktop.App.Ref\10.0.4\ref\net10.0\Microsoft.VisualBasic.Forms.dll".
         Входное значение: файл Reference для сборки: "C:\Program Files\dotnet\packs\Microsoft.NETCore.App.Ref\10.0.4\ref\net10.0\Microsoft.Win32.Primitives.dll".
         Входное значение: файл Reference для сборки: "C:\Program Files\dotnet\packs\Microsoft.WindowsDesktop.App.Ref\10.0.4\ref\net10.0\Microsoft.Win32.Registry.AccessControl.dll".
         Входное значение: файл Reference для сборки: "C:\Program Files\dotnet\packs\Microsoft.NETCore.App.Ref\10.0.4\ref\net10.0\Microsoft.Win32.Registry.dll".
         Входное значение: файл Reference для сборки: "C:\Program Files\dotnet\packs\Microsoft.WindowsDesktop.App.Ref\10.0.4\ref\net10.0\Microsoft.Win32.SystemEvents.dll".
         Входное значение: файл Reference для сборки: "C:\Program Files\dotnet\packs\Microsoft.NETCore.App.Ref\10.0.4\ref\net10.0\mscorlib.dll".
         Входное значение: файл Reference для сборки: "C:\Users\Timontiy\.nuget\packages\naudio.asio\2.2.1\lib\netstandard2.0\NAudio.Asio.dll".
         Входное значение: файл Reference для сборки: "C:\Users\Timontiy\.nuget\packages\naudio.core\2.2.1\lib\netstandard2.0\NAudio.Core.dll".
         Входное значение: файл Reference для сборки: "C:\Users\Timontiy\.nuget\packages\naudio\2.2.1\lib\net6.0-windows7.0\NAudio.dll".
         Входное значение: файл Reference для сборки: "C:\Users\Timontiy\.nuget\packages\naudio.midi\2.2.1\lib\netstandard2.0\NAudio.Midi.dll".
         Входное значение: файл Reference для сборки: "C:\Users\Timontiy\.nuget\packages\naudio.wasapi\2.2.1\lib\netstandard2.0\NAudio.Wasapi.dll".
         Входное значение: файл Reference для сборки: "C:\Users\Timontiy\.nuget\packages\naudio.winforms\2.2.1\lib\netcoreapp3.1\NAudio.WinForms.dll".
         Входное значение: файл Reference для сборки: "C:\Users\Timontiy\.nuget\packages\naudio.winmm\2.2.1\lib\netstandard2.0\NAudio.WinMM.dll".
         Входное значение: файл Reference для сборки: "C:\Program Files\dotnet\packs\Microsoft.NETCore.App.Ref\10.0.4\ref\net10.0\netstandard.dll".
         Входное значение: файл Reference для сборки: "C:\Program Files\dotnet\packs\Microsoft.WindowsDesktop.App.Ref\10.0.4\ref\net10.0\PresentationCore.dll".
         Входное значение: файл Reference для сборки: "C:\Program Files\dotnet\packs\Microsoft.WindowsDesktop.App.Ref\10.0.4\ref\net10.0\PresentationFramework.Aero.dll".
         Входное значение: файл Reference для сборки: "C:\Program Files\dotnet\packs\Microsoft.WindowsDesktop.App.Ref\10.0.4\ref\net10.0\PresentationFramework.Aero2.dll".
         Входное значение: файл Reference для сборки: "C:\Program Files\dotnet\packs\Microsoft.WindowsDesktop.App.Ref\10.0.4\ref\net10.0\PresentationFramework.AeroLite.dll".
         Входное значение: файл Reference для сборки: "C:\Program Files\dotnet\packs\Microsoft.WindowsDesktop.App.Ref\10.0.4\ref\net10.0\PresentationFramework.Classic.dll".
         Входное значение: файл Reference для сборки: "C:\Program Files\dotnet\packs\Microsoft.WindowsDesktop.App.Ref\10.0.4\ref\net10.0\PresentationFramework.dll".
         Входное значение: файл Reference для сборки: "C:\Program Files\dotnet\packs\Microsoft.WindowsDesktop.App.Ref\10.0.4\ref\net10.0\PresentationFramework.Luna.dll".
         Входное значение: файл Reference для сборки: "C:\Program Files\dotnet\packs\Microsoft.WindowsDesktop.App.Ref\10.0.4\ref\net10.0\PresentationFramework.Royale.dll".
         Входное значение: файл Reference для сборки: "C:\Program Files\dotnet\packs\Microsoft.WindowsDesktop.App.Ref\10.0.4\ref\net10.0\PresentationUI.dll".
         Входное значение: файл Reference для сборки: "C:\Users\Timontiy\.nuget\packages\qrcoder\1.7.0\lib\net6.0\QRCoder.dll".
         Входное значение: файл Reference для сборки: "C:\Program Files\dotnet\packs\Microsoft.WindowsDesktop.App.Ref\10.0.4\ref\net10.0\ReachFramework.dll".
         Входное значение: файл Reference для сборки: "C:\Program Files\dotnet\packs\Microsoft.NETCore.App.Ref\10.0.4\ref\net10.0\System.AppContext.dll".
         Входное значение: файл Reference для сборки: "C:\Program Files\dotnet\packs\Microsoft.NETCore.App.Ref\10.0.4\ref\net10.0\System.Buffers.dll".
         Входное значение: файл Reference для сборки: "C:\Program Files\dotnet\packs\Microsoft.WindowsDesktop.App.Ref\10.0.4\ref\net10.0\System.CodeDom.dll".
         Входное значение: файл Reference для сборки: "C:\Program Files\dotnet\packs\Microsoft.NETCore.App.Ref\10.0.4\ref\net10.0\System.Collections.Concurrent.dll".
         Входное значение: файл Reference для сборки: "C:\Program Files\dotnet\packs\Microsoft.NETCore.App.Ref\10.0.4\ref\net10.0\System.Collections.dll".
         Входное значение: файл Reference для сборки: "C:\Program Files\dotnet\packs\Microsoft.NETCore.App.Ref\10.0.4\ref\net10.0\System.Collections.Immutable.dll".
         Входное значение: файл Reference для сборки: "C:\Program Files\dotnet\packs\Microsoft.NETCore.App.Ref\10.0.4\ref\net10.0\System.Collections.NonGeneric.dll".
         Входное значение: файл Reference для сборки: "C:\Program Files\dotnet\packs\Microsoft.NETCore.App.Ref\10.0.4\ref\net10.0\System.Collections.Specialized.dll".
         Входное значение: файл Reference для сборки: "C:\Program Files\dotnet\packs\Microsoft.NETCore.App.Ref\10.0.4\ref\net10.0\System.ComponentModel.Annotations.dll".
         Входное значение: файл Reference для сборки: "C:\Program Files\dotnet\packs\Microsoft.NETCore.App.Ref\10.0.4\ref\net10.0\System.ComponentModel.DataAnnotations.dll".
         Входное значение: файл Reference для сборки: "C:\Program Files\dotnet\packs\Microsoft.NETCore.App.Ref\10.0.4\ref\net10.0\System.ComponentModel.dll".
         Входное значение: файл Reference для сборки: "C:\Program Files\dotnet\packs\Microsoft.NETCore.App.Ref\10.0.4\ref\net10.0\System.ComponentModel.EventBasedAsync.dll".
         Входное значение: файл Reference для сборки: "C:\Program Files\dotnet\packs\Microsoft.NETCore.App.Ref\10.0.4\ref\net10.0\System.ComponentModel.Primitives.dll".
         Входное значение: файл Reference для сборки: "C:\Program Files\dotnet\packs\Microsoft.NETCore.App.Ref\10.0.4\ref\net10.0\System.ComponentModel.TypeConverter.dll".
         Входное значение: файл Reference для сборки: "C:\Program Files\dotnet\packs\Microsoft.WindowsDesktop.App.Ref\10.0.4\ref\net10.0\System.Configuration.ConfigurationManager.dll".
         Входное значение: файл Reference для сборки: "C:\Program Files\dotnet\packs\Microsoft.NETCore.App.Ref\10.0.4\ref\net10.0\System.Configuration.dll".
         Входное значение: файл Reference для сборки: "C:\Program Files\dotnet\packs\Microsoft.NETCore.App.Ref\10.0.4\ref\net10.0\System.Console.dll".
         Входное значение: файл Reference для сборки: "C:\Program Files\dotnet\packs\Microsoft.NETCore.App.Ref\10.0.4\ref\net10.0\System.Core.dll".
         Входное значение: файл Reference для сборки: "C:\Program Files\dotnet\packs\Microsoft.NETCore.App.Ref\10.0.4\ref\net10.0\System.Data.Common.dll".
         Входное значение: файл Reference для сборки: "C:\Program Files\dotnet\packs\Microsoft.NETCore.App.Ref\10.0.4\ref\net10.0\System.Data.DataSetExtensions.dll".
         Входное значение: файл Reference для сборки: "C:\Program Files\dotnet\packs\Microsoft.NETCore.App.Ref\10.0.4\ref\net10.0\System.Data.dll".
         Входное значение: файл Reference для сборки: "C:\Program Files\dotnet\packs\Microsoft.WindowsDesktop.App.Ref\10.0.4\ref\net10.0\System.Design.dll".
         Входное значение: файл Reference для сборки: "C:\Program Files\dotnet\packs\Microsoft.NETCore.App.Ref\10.0.4\ref\net10.0\System.Diagnostics.Contracts.dll".
         Входное значение: файл Reference для сборки: "C:\Program Files\dotnet\packs\Microsoft.NETCore.App.Ref\10.0.4\ref\net10.0\System.Diagnostics.Debug.dll".
         Входное значение: файл Reference для сборки: "C:\Program Files\dotnet\packs\Microsoft.NETCore.App.Ref\10.0.4\ref\net10.0\System.Diagnostics.DiagnosticSource.dll".
         Входное значение: файл Reference для сборки: "C:\Program Files\dotnet\packs\Microsoft.WindowsDesktop.App.Ref\10.0.4\ref\net10.0\System.Diagnostics.EventLog.dll".
         Входное значение: файл Reference для сборки: "C:\Program Files\dotnet\packs\Microsoft.NETCore.App.Ref\10.0.4\ref\net10.0\System.Diagnostics.FileVersionInfo.dll".
         Входное значение: файл Reference для сборки: "C:\Program Files\dotnet\packs\Microsoft.WindowsDesktop.App.Ref\10.0.4\ref\net10.0\System.Diagnostics.PerformanceCounter.dll".
         Входное значение: файл Reference для сборки: "C:\Program Files\dotnet\packs\Microsoft.NETCore.App.Ref\10.0.4\ref\net10.0\System.Diagnostics.Process.dll".
         Входное значение: файл Reference для сборки: "C:\Program Files\dotnet\packs\Microsoft.NETCore.App.Ref\10.0.4\ref\net10.0\System.Diagnostics.StackTrace.dll".
         Входное значение: файл Reference для сборки: "C:\Program Files\dotnet\packs\Microsoft.NETCore.App.Ref\10.0.4\ref\net10.0\System.Diagnostics.TextWriterTraceListener.dll".
         Входное значение: файл Reference для сборки: "C:\Program Files\dotnet\packs\Microsoft.NETCore.App.Ref\10.0.4\ref\net10.0\System.Diagnostics.Tools.dll".
         Входное значение: файл Reference для сборки: "C:\Program Files\dotnet\packs\Microsoft.NETCore.App.Ref\10.0.4\ref\net10.0\System.Diagnostics.TraceSource.dll".
         Входное значение: файл Reference для сборки: "C:\Program Files\dotnet\packs\Microsoft.NETCore.App.Ref\10.0.4\ref\net10.0\System.Diagnostics.Tracing.dll".
         Входное значение: файл Reference для сборки: "C:\Program Files\dotnet\packs\Microsoft.WindowsDesktop.App.Ref\10.0.4\ref\net10.0\System.DirectoryServices.dll".
         Входное значение: файл Reference для сборки: "C:\Program Files\dotnet\packs\Microsoft.NETCore.App.Ref\10.0.4\ref\net10.0\System.dll".
         Входное значение: файл Reference для сборки: "C:\Program Files\dotnet\packs\Microsoft.WindowsDesktop.App.Ref\10.0.4\ref\net10.0\System.Drawing.Common.dll".
         Входное значение: файл Reference для сборки: "C:\Program Files\dotnet\packs\Microsoft.WindowsDesktop.App.Ref\10.0.4\ref\net10.0\System.Drawing.Design.dll".
         Входное значение: файл Reference для сборки: "C:\Program Files\dotnet\packs\Microsoft.WindowsDesktop.App.Ref\10.0.4\ref\net10.0\System.Drawing.dll".
         Входное значение: файл Reference для сборки: "C:\Program Files\dotnet\packs\Microsoft.NETCore.App.Ref\10.0.4\ref\net10.0\System.Drawing.Primitives.dll".
         Входное значение: файл Reference для сборки: "C:\Program Files\dotnet\packs\Microsoft.NETCore.App.Ref\10.0.4\ref\net10.0\System.Dynamic.Runtime.dll".
         Входное значение: файл Reference для сборки: "C:\Program Files\dotnet\packs\Microsoft.NETCore.App.Ref\10.0.4\ref\net10.0\System.Formats.Asn1.dll".
         Входное значение: файл Reference для сборки: "C:\Program Files\dotnet\packs\Microsoft.WindowsDesktop.App.Ref\10.0.4\ref\net10.0\System.Formats.Nrbf.dll".
         Входное значение: файл Reference для сборки: "C:\Program Files\dotnet\packs\Microsoft.NETCore.App.Ref\10.0.4\ref\net10.0\System.Formats.Tar.dll".
         Входное значение: файл Reference для сборки: "C:\Program Files\dotnet\packs\Microsoft.NETCore.App.Ref\10.0.4\ref\net10.0\System.Globalization.Calendars.dll".
         Входное значение: файл Reference для сборки: "C:\Program Files\dotnet\packs\Microsoft.NETCore.App.Ref\10.0.4\ref\net10.0\System.Globalization.dll".
         Входное значение: файл Reference для сборки: "C:\Program Files\dotnet\packs\Microsoft.NETCore.App.Ref\10.0.4\ref\net10.0\System.Globalization.Extensions.dll".
         Входное значение: файл Reference для сборки: "C:\Program Files\dotnet\packs\Microsoft.NETCore.App.Ref\10.0.4\ref\net10.0\System.IO.Compression.Brotli.dll".
         Входное значение: файл Reference для сборки: "C:\Program Files\dotnet\packs\Microsoft.NETCore.App.Ref\10.0.4\ref\net10.0\System.IO.Compression.dll".
         Входное значение: файл Reference для сборки: "C:\Program Files\dotnet\packs\Microsoft.NETCore.App.Ref\10.0.4\ref\net10.0\System.IO.Compression.FileSystem.dll".
         Входное значение: файл Reference для сборки: "C:\Program Files\dotnet\packs\Microsoft.NETCore.App.Ref\10.0.4\ref\net10.0\System.IO.Compression.ZipFile.dll".
         Входное значение: файл Reference для сборки: "C:\Program Files\dotnet\packs\Microsoft.NETCore.App.Ref\10.0.4\ref\net10.0\System.IO.dll".
         Входное значение: файл Reference для сборки: "C:\Program Files\dotnet\packs\Microsoft.NETCore.App.Ref\10.0.4\ref\net10.0\System.IO.FileSystem.AccessControl.dll".
         Входное значение: файл Reference для сборки: "C:\Program Files\dotnet\packs\Microsoft.NETCore.App.Ref\10.0.4\ref\net10.0\System.IO.FileSystem.dll".
         Входное значение: файл Reference для сборки: "C:\Program Files\dotnet\packs\Microsoft.NETCore.App.Ref\10.0.4\ref\net10.0\System.IO.FileSystem.DriveInfo.dll".
         Входное значение: файл Reference для сборки: "C:\Program Files\dotnet\packs\Microsoft.NETCore.App.Ref\10.0.4\ref\net10.0\System.IO.FileSystem.Primitives.dll".
         Входное значение: файл Reference для сборки: "C:\Program Files\dotnet\packs\Microsoft.NETCore.App.Ref\10.0.4\ref\net10.0\System.IO.FileSystem.Watcher.dll".
         Входное значение: файл Reference для сборки: "C:\Program Files\dotnet\packs\Microsoft.NETCore.App.Ref\10.0.4\ref\net10.0\System.IO.IsolatedStorage.dll".
         Входное значение: файл Reference для сборки: "C:\Program Files\dotnet\packs\Microsoft.NETCore.App.Ref\10.0.4\ref\net10.0\System.IO.MemoryMappedFiles.dll".
         Входное значение: файл Reference для сборки: "C:\Program Files\dotnet\packs\Microsoft.WindowsDesktop.App.Ref\10.0.4\ref\net10.0\System.IO.Packaging.dll".
         Входное значение: файл Reference для сборки: "C:\Program Files\dotnet\packs\Microsoft.NETCore.App.Ref\10.0.4\ref\net10.0\System.IO.Pipelines.dll".
         Входное значение: файл Reference для сборки: "C:\Program Files\dotnet\packs\Microsoft.NETCore.App.Ref\10.0.4\ref\net10.0\System.IO.Pipes.AccessControl.dll".
         Входное значение: файл Reference для сборки: "C:\Program Files\dotnet\packs\Microsoft.NETCore.App.Ref\10.0.4\ref\net10.0\System.IO.Pipes.dll".
         Входное значение: файл Reference для сборки: "C:\Program Files\dotnet\packs\Microsoft.NETCore.App.Ref\10.0.4\ref\net10.0\System.IO.UnmanagedMemoryStream.dll".
         Входное значение: файл Reference для сборки: "C:\Program Files\dotnet\packs\Microsoft.NETCore.App.Ref\10.0.4\ref\net10.0\System.Linq.AsyncEnumerable.dll".
         Входное значение: файл Reference для сборки: "C:\Program Files\dotnet\packs\Microsoft.NETCore.App.Ref\10.0.4\ref\net10.0\System.Linq.dll".
         Входное значение: файл Reference для сборки: "C:\Program Files\dotnet\packs\Microsoft.NETCore.App.Ref\10.0.4\ref\net10.0\System.Linq.Expressions.dll".
         Входное значение: файл Reference для сборки: "C:\Program Files\dotnet\packs\Microsoft.NETCore.App.Ref\10.0.4\ref\net10.0\System.Linq.Parallel.dll".
         Входное значение: файл Reference для сборки: "C:\Program Files\dotnet\packs\Microsoft.NETCore.App.Ref\10.0.4\ref\net10.0\System.Linq.Queryable.dll".
         Входное значение: файл Reference для сборки: "C:\Program Files\dotnet\packs\Microsoft.NETCore.App.Ref\10.0.4\ref\net10.0\System.Memory.dll".
         Входное значение: файл Reference для сборки: "C:\Program Files\dotnet\packs\Microsoft.NETCore.App.Ref\10.0.4\ref\net10.0\System.Net.dll".
         Входное значение: файл Reference для сборки: "C:\Program Files\dotnet\packs\Microsoft.NETCore.App.Ref\10.0.4\ref\net10.0\System.Net.Http.dll".
         Входное значение: файл Reference для сборки: "C:\Program Files\dotnet\packs\Microsoft.NETCore.App.Ref\10.0.4\ref\net10.0\System.Net.Http.Json.dll".
         Входное значение: файл Reference для сборки: "C:\Program Files\dotnet\packs\Microsoft.NETCore.App.Ref\10.0.4\ref\net10.0\System.Net.HttpListener.dll".
         Входное значение: файл Reference для сборки: "C:\Program Files\dotnet\packs\Microsoft.NETCore.App.Ref\10.0.4\ref\net10.0\System.Net.Mail.dll".
         Входное значение: файл Reference для сборки: "C:\Program Files\dotnet\packs\Microsoft.NETCore.App.Ref\10.0.4\ref\net10.0\System.Net.NameResolution.dll".
         Входное значение: файл Reference для сборки: "C:\Program Files\dotnet\packs\Microsoft.NETCore.App.Ref\10.0.4\ref\net10.0\System.Net.NetworkInformation.dll".
         Входное значение: файл Reference для сборки: "C:\Program Files\dotnet\packs\Microsoft.NETCore.App.Ref\10.0.4\ref\net10.0\System.Net.Ping.dll".
         Входное значение: файл Reference для сборки: "C:\Program Files\dotnet\packs\Microsoft.NETCore.App.Ref\10.0.4\ref\net10.0\System.Net.Primitives.dll".
         Входное значение: файл Reference для сборки: "C:\Program Files\dotnet\packs\Microsoft.NETCore.App.Ref\10.0.4\ref\net10.0\System.Net.Quic.dll".
         Входное значение: файл Reference для сборки: "C:\Program Files\dotnet\packs\Microsoft.NETCore.App.Ref\10.0.4\ref\net10.0\System.Net.Requests.dll".
         Входное значение: файл Reference для сборки: "C:\Program Files\dotnet\packs\Microsoft.NETCore.App.Ref\10.0.4\ref\net10.0\System.Net.Security.dll".
         Входное значение: файл Reference для сборки: "C:\Program Files\dotnet\packs\Microsoft.NETCore.App.Ref\10.0.4\ref\net10.0\System.Net.ServerSentEvents.dll".
         Входное значение: файл Reference для сборки: "C:\Program Files\dotnet\packs\Microsoft.NETCore.App.Ref\10.0.4\ref\net10.0\System.Net.ServicePoint.dll".
         Входное значение: файл Reference для сборки: "C:\Program Files\dotnet\packs\Microsoft.NETCore.App.Ref\10.0.4\ref\net10.0\System.Net.Sockets.dll".
         Входное значение: файл Reference для сборки: "C:\Program Files\dotnet\packs\Microsoft.NETCore.App.Ref\10.0.4\ref\net10.0\System.Net.WebClient.dll".
         Входное значение: файл Reference для сборки: "C:\Program Files\dotnet\packs\Microsoft.NETCore.App.Ref\10.0.4\ref\net10.0\System.Net.WebHeaderCollection.dll".
         Входное значение: файл Reference для сборки: "C:\Program Files\dotnet\packs\Microsoft.NETCore.App.Ref\10.0.4\ref\net10.0\System.Net.WebProxy.dll".
         Входное значение: файл Reference для сборки: "C:\Program Files\dotnet\packs\Microsoft.NETCore.App.Ref\10.0.4\ref\net10.0\System.Net.WebSockets.Client.dll".
         Входное значение: файл Reference для сборки: "C:\Program Files\dotnet\packs\Microsoft.NETCore.App.Ref\10.0.4\ref\net10.0\System.Net.WebSockets.dll".
         Входное значение: файл Reference для сборки: "C:\Program Files\dotnet\packs\Microsoft.NETCore.App.Ref\10.0.4\ref\net10.0\System.Numerics.dll".
         Входное значение: файл Reference для сборки: "C:\Program Files\dotnet\packs\Microsoft.NETCore.App.Ref\10.0.4\ref\net10.0\System.Numerics.Vectors.dll".
         Входное значение: файл Reference для сборки: "C:\Program Files\dotnet\packs\Microsoft.NETCore.App.Ref\10.0.4\ref\net10.0\System.ObjectModel.dll".
         Входное значение: файл Reference для сборки: "C:\Program Files\dotnet\packs\Microsoft.WindowsDesktop.App.Ref\10.0.4\ref\net10.0\System.Printing.dll".
         Входное значение: файл Reference для сборки: "C:\Program Files\dotnet\packs\Microsoft.WindowsDesktop.App.Ref\10.0.4\ref\net10.0\System.Private.Windows.Core.dll".
         Входное значение: файл Reference для сборки: "C:\Program Files\dotnet\packs\Microsoft.WindowsDesktop.App.Ref\10.0.4\ref\net10.0\System.Private.Windows.GdiPlus.dll".
         Входное значение: файл Reference для сборки: "C:\Program Files\dotnet\packs\Microsoft.NETCore.App.Ref\10.0.4\ref\net10.0\System.Reflection.DispatchProxy.dll".
         Входное значение: файл Reference для сборки: "C:\Program Files\dotnet\packs\Microsoft.NETCore.App.Ref\10.0.4\ref\net10.0\System.Reflection.dll".
         Входное значение: файл Reference для сборки: "C:\Program Files\dotnet\packs\Microsoft.NETCore.App.Ref\10.0.4\ref\net10.0\System.Reflection.Emit.dll".
         Входное значение: файл Reference для сборки: "C:\Program Files\dotnet\packs\Microsoft.NETCore.App.Ref\10.0.4\ref\net10.0\System.Reflection.Emit.ILGeneration.dll".
         Входное значение: файл Reference для сборки: "C:\Program Files\dotnet\packs\Microsoft.NETCore.App.Ref\10.0.4\ref\net10.0\System.Reflection.Emit.Lightweight.dll".
         Входное значение: файл Reference для сборки: "C:\Program Files\dotnet\packs\Microsoft.NETCore.App.Ref\10.0.4\ref\net10.0\System.Reflection.Extensions.dll".
         Входное значение: файл Reference для сборки: "C:\Program Files\dotnet\packs\Microsoft.NETCore.App.Ref\10.0.4\ref\net10.0\System.Reflection.Metadata.dll".
         Входное значение: файл Reference для сборки: "C:\Program Files\dotnet\packs\Microsoft.NETCore.App.Ref\10.0.4\ref\net10.0\System.Reflection.Primitives.dll".
         Входное значение: файл Reference для сборки: "C:\Program Files\dotnet\packs\Microsoft.NETCore.App.Ref\10.0.4\ref\net10.0\System.Reflection.TypeExtensions.dll".
         Входное значение: файл Reference для сборки: "C:\Program Files\dotnet\packs\Microsoft.WindowsDesktop.App.Ref\10.0.4\ref\net10.0\System.Resources.Extensions.dll".
         Входное значение: файл Reference для сборки: "C:\Program Files\dotnet\packs\Microsoft.NETCore.App.Ref\10.0.4\ref\net10.0\System.Resources.Reader.dll".
         Входное значение: файл Reference для сборки: "C:\Program Files\dotnet\packs\Microsoft.NETCore.App.Ref\10.0.4\ref\net10.0\System.Resources.ResourceManager.dll".
         Входное значение: файл Reference для сборки: "C:\Program Files\dotnet\packs\Microsoft.NETCore.App.Ref\10.0.4\ref\net10.0\System.Resources.Writer.dll".
         Входное значение: файл Reference для сборки: "C:\Program Files\dotnet\packs\Microsoft.NETCore.App.Ref\10.0.4\ref\net10.0\System.Runtime.CompilerServices.Unsafe.dll".
         Входное значение: файл Reference для сборки: "C:\Program Files\dotnet\packs\Microsoft.NETCore.App.Ref\10.0.4\ref\net10.0\System.Runtime.CompilerServices.VisualC.dll".
         Входное значение: файл Reference для сборки: "C:\Program Files\dotnet\packs\Microsoft.NETCore.App.Ref\10.0.4\ref\net10.0\System.Runtime.dll".
         Входное значение: файл Reference для сборки: "C:\Program Files\dotnet\packs\Microsoft.NETCore.App.Ref\10.0.4\ref\net10.0\System.Runtime.Extensions.dll".
         Входное значение: файл Reference для сборки: "C:\Program Files\dotnet\packs\Microsoft.NETCore.App.Ref\10.0.4\ref\net10.0\System.Runtime.Handles.dll".
         Входное значение: файл Reference для сборки: "C:\Program Files\dotnet\packs\Microsoft.NETCore.App.Ref\10.0.4\ref\net10.0\System.Runtime.InteropServices.dll".
         Входное значение: файл Reference для сборки: "C:\Program Files\dotnet\packs\Microsoft.NETCore.App.Ref\10.0.4\ref\net10.0\System.Runtime.InteropServices.JavaScript.dll".
         Входное значение: файл Reference для сборки: "C:\Program Files\dotnet\packs\Microsoft.NETCore.App.Ref\10.0.4\ref\net10.0\System.Runtime.InteropServices.RuntimeInformation.dll".
         Входное значение: файл Reference для сборки: "C:\Program Files\dotnet\packs\Microsoft.NETCore.App.Ref\10.0.4\ref\net10.0\System.Runtime.Intrinsics.dll".
         Входное значение: файл Reference для сборки: "C:\Program Files\dotnet\packs\Microsoft.NETCore.App.Ref\10.0.4\ref\net10.0\System.Runtime.Loader.dll".
         Входное значение: файл Reference для сборки: "C:\Program Files\dotnet\packs\Microsoft.NETCore.App.Ref\10.0.4\ref\net10.0\System.Runtime.Numerics.dll".
         Входное значение: файл Reference для сборки: "C:\Program Files\dotnet\packs\Microsoft.NETCore.App.Ref\10.0.4\ref\net10.0\System.Runtime.Serialization.dll".
         Входное значение: файл Reference для сборки: "C:\Program Files\dotnet\packs\Microsoft.NETCore.App.Ref\10.0.4\ref\net10.0\System.Runtime.Serialization.Formatters.dll".
         Входное значение: файл Reference для сборки: "C:\Program Files\dotnet\packs\Microsoft.NETCore.App.Ref\10.0.4\ref\net10.0\System.Runtime.Serialization.Json.dll".
         Входное значение: файл Reference для сборки: "C:\Program Files\dotnet\packs\Microsoft.NETCore.App.Ref\10.0.4\ref\net10.0\System.Runtime.Serialization.Primitives.dll".
         Входное значение: файл Reference для сборки: "C:\Program Files\dotnet\packs\Microsoft.NETCore.App.Ref\10.0.4\ref\net10.0\System.Runtime.Serialization.Xml.dll".
         Входное значение: файл Reference для сборки: "C:\Program Files\dotnet\packs\Microsoft.NETCore.App.Ref\10.0.4\ref\net10.0\System.Security.AccessControl.dll".
         Входное значение: файл Reference для сборки: "C:\Program Files\dotnet\packs\Microsoft.NETCore.App.Ref\10.0.4\ref\net10.0\System.Security.Claims.dll".
         Входное значение: файл Reference для сборки: "C:\Program Files\dotnet\packs\Microsoft.NETCore.App.Ref\10.0.4\ref\net10.0\System.Security.Cryptography.Algorithms.dll".
         Входное значение: файл Reference для сборки: "C:\Program Files\dotnet\packs\Microsoft.NETCore.App.Ref\10.0.4\ref\net10.0\System.Security.Cryptography.Cng.dll".
         Входное значение: файл Reference для сборки: "C:\Program Files\dotnet\packs\Microsoft.NETCore.App.Ref\10.0.4\ref\net10.0\System.Security.Cryptography.Csp.dll".
         Входное значение: файл Reference для сборки: "C:\Program Files\dotnet\packs\Microsoft.NETCore.App.Ref\10.0.4\ref\net10.0\System.Security.Cryptography.dll".
         Входное значение: файл Reference для сборки: "C:\Program Files\dotnet\packs\Microsoft.NETCore.App.Ref\10.0.4\ref\net10.0\System.Security.Cryptography.Encoding.dll".
         Входное значение: файл Reference для сборки: "C:\Program Files\dotnet\packs\Microsoft.NETCore.App.Ref\10.0.4\ref\net10.0\System.Security.Cryptography.OpenSsl.dll".
         Входное значение: файл Reference для сборки: "C:\Program Files\dotnet\packs\Microsoft.WindowsDesktop.App.Ref\10.0.4\ref\net10.0\System.Security.Cryptography.Pkcs.dll".
         Входное значение: файл Reference для сборки: "C:\Program Files\dotnet\packs\Microsoft.NETCore.App.Ref\10.0.4\ref\net10.0\System.Security.Cryptography.Primitives.dll".
         Входное значение: файл Reference для сборки: "C:\Program Files\dotnet\packs\Microsoft.WindowsDesktop.App.Ref\10.0.4\ref\net10.0\System.Security.Cryptography.ProtectedData.dll".
         Входное значение: файл Reference для сборки: "C:\Program Files\dotnet\packs\Microsoft.NETCore.App.Ref\10.0.4\ref\net10.0\System.Security.Cryptography.X509Certificates.dll".
         Входное значение: файл Reference для сборки: "C:\Program Files\dotnet\packs\Microsoft.WindowsDesktop.App.Ref\10.0.4\ref\net10.0\System.Security.Cryptography.Xml.dll".
         Входное значение: файл Reference для сборки: "C:\Program Files\dotnet\packs\Microsoft.NETCore.App.Ref\10.0.4\ref\net10.0\System.Security.dll".
         Входное значение: файл Reference для сборки: "C:\Program Files\dotnet\packs\Microsoft.WindowsDesktop.App.Ref\10.0.4\ref\net10.0\System.Security.Permissions.dll".
         Входное значение: файл Reference для сборки: "C:\Program Files\dotnet\packs\Microsoft.NETCore.App.Ref\10.0.4\ref\net10.0\System.Security.Principal.dll".
         Входное значение: файл Reference для сборки: "C:\Program Files\dotnet\packs\Microsoft.NETCore.App.Ref\10.0.4\ref\net10.0\System.Security.Principal.Windows.dll".
         Входное значение: файл Reference для сборки: "C:\Program Files\dotnet\packs\Microsoft.NETCore.App.Ref\10.0.4\ref\net10.0\System.Security.SecureString.dll".
         Входное значение: файл Reference для сборки: "C:\Program Files\dotnet\packs\Microsoft.NETCore.App.Ref\10.0.4\ref\net10.0\System.ServiceModel.Web.dll".
         Входное значение: файл Reference для сборки: "C:\Program Files\dotnet\packs\Microsoft.NETCore.App.Ref\10.0.4\ref\net10.0\System.ServiceProcess.dll".
         Входное значение: файл Reference для сборки: "C:\Program Files\dotnet\packs\Microsoft.NETCore.App.Ref\10.0.4\ref\net10.0\System.Text.Encoding.CodePages.dll".
         Входное значение: файл Reference для сборки: "C:\Program Files\dotnet\packs\Microsoft.NETCore.App.Ref\10.0.4\ref\net10.0\System.Text.Encoding.dll".
         Входное значение: файл Reference для сборки: "C:\Program Files\dotnet\packs\Microsoft.NETCore.App.Ref\10.0.4\ref\net10.0\System.Text.Encoding.Extensions.dll".
         Входное значение: файл Reference для сборки: "C:\Program Files\dotnet\packs\Microsoft.NETCore.App.Ref\10.0.4\ref\net10.0\System.Text.Encodings.Web.dll".
         Входное значение: файл Reference для сборки: "C:\Program Files\dotnet\packs\Microsoft.NETCore.App.Ref\10.0.4\ref\net10.0\System.Text.Json.dll".
         Входное значение: файл Reference для сборки: "C:\Program Files\dotnet\packs\Microsoft.NETCore.App.Ref\10.0.4\ref\net10.0\System.Text.RegularExpressions.dll".
         Входное значение: файл Reference для сборки: "C:\Program Files\dotnet\packs\Microsoft.NETCore.App.Ref\10.0.4\ref\net10.0\System.Threading.AccessControl.dll".
         Входное значение: файл Reference для сборки: "C:\Program Files\dotnet\packs\Microsoft.NETCore.App.Ref\10.0.4\ref\net10.0\System.Threading.Channels.dll".
         Входное значение: файл Reference для сборки: "C:\Program Files\dotnet\packs\Microsoft.NETCore.App.Ref\10.0.4\ref\net10.0\System.Threading.dll".
         Входное значение: файл Reference для сборки: "C:\Program Files\dotnet\packs\Microsoft.NETCore.App.Ref\10.0.4\ref\net10.0\System.Threading.Overlapped.dll".
         Входное значение: файл Reference для сборки: "C:\Program Files\dotnet\packs\Microsoft.NETCore.App.Ref\10.0.4\ref\net10.0\System.Threading.Tasks.Dataflow.dll".
         Входное значение: файл Reference для сборки: "C:\Program Files\dotnet\packs\Microsoft.NETCore.App.Ref\10.0.4\ref\net10.0\System.Threading.Tasks.dll".
         Входное значение: файл Reference для сборки: "C:\Program Files\dotnet\packs\Microsoft.NETCore.App.Ref\10.0.4\ref\net10.0\System.Threading.Tasks.Extensions.dll".
         Входное значение: файл Reference для сборки: "C:\Program Files\dotnet\packs\Microsoft.NETCore.App.Ref\10.0.4\ref\net10.0\System.Threading.Tasks.Parallel.dll".
         Входное значение: файл Reference для сборки: "C:\Program Files\dotnet\packs\Microsoft.NETCore.App.Ref\10.0.4\ref\net10.0\System.Threading.Thread.dll".
         Входное значение: файл Reference для сборки: "C:\Program Files\dotnet\packs\Microsoft.NETCore.App.Ref\10.0.4\ref\net10.0\System.Threading.ThreadPool.dll".
         Входное значение: файл Reference для сборки: "C:\Program Files\dotnet\packs\Microsoft.NETCore.App.Ref\10.0.4\ref\net10.0\System.Threading.Timer.dll".
         Входное значение: файл Reference для сборки: "C:\Program Files\dotnet\packs\Microsoft.NETCore.App.Ref\10.0.4\ref\net10.0\System.Transactions.dll".
         Входное значение: файл Reference для сборки: "C:\Program Files\dotnet\packs\Microsoft.NETCore.App.Ref\10.0.4\ref\net10.0\System.Transactions.Local.dll".
         Входное значение: файл Reference для сборки: "C:\Program Files\dotnet\packs\Microsoft.NETCore.App.Ref\10.0.4\ref\net10.0\System.ValueTuple.dll".
         Входное значение: файл Reference для сборки: "C:\Program Files\dotnet\packs\Microsoft.NETCore.App.Ref\10.0.4\ref\net10.0\System.Web.dll".
         Входное значение: файл Reference для сборки: "C:\Program Files\dotnet\packs\Microsoft.NETCore.App.Ref\10.0.4\ref\net10.0\System.Web.HttpUtility.dll".
         Входное значение: файл Reference для сборки: "C:\Program Files\dotnet\packs\Microsoft.WindowsDesktop.App.Ref\10.0.4\ref\net10.0\System.Windows.Controls.Ribbon.dll".
         Входное значение: файл Reference для сборки: "C:\Program Files\dotnet\packs\Microsoft.NETCore.App.Ref\10.0.4\ref\net10.0\System.Windows.dll".
         Входное значение: файл Reference для сборки: "C:\Program Files\dotnet\packs\Microsoft.WindowsDesktop.App.Ref\10.0.4\ref\net10.0\System.Windows.Extensions.dll".
         Входное значение: файл Reference для сборки: "C:\Program Files\dotnet\packs\Microsoft.WindowsDesktop.App.Ref\10.0.4\ref\net10.0\System.Windows.Forms.Design.dll".
         Входное значение: файл Reference для сборки: "C:\Program Files\dotnet\packs\Microsoft.WindowsDesktop.App.Ref\10.0.4\ref\net10.0\System.Windows.Forms.Design.Editors.dll".
         Входное значение: файл Reference для сборки: "C:\Program Files\dotnet\packs\Microsoft.WindowsDesktop.App.Ref\10.0.4\ref\net10.0\System.Windows.Forms.dll".
         Входное значение: файл Reference для сборки: "C:\Program Files\dotnet\packs\Microsoft.WindowsDesktop.App.Ref\10.0.4\ref\net10.0\System.Windows.Forms.Primitives.dll".
         Входное значение: файл Reference для сборки: "C:\Program Files\dotnet\packs\Microsoft.WindowsDesktop.App.Ref\10.0.4\ref\net10.0\System.Windows.Input.Manipulations.dll".
         Входное значение: файл Reference для сборки: "C:\Program Files\dotnet\packs\Microsoft.WindowsDesktop.App.Ref\10.0.4\ref\net10.0\System.Windows.Presentation.dll".
         Входное значение: файл Reference для сборки: "C:\Program Files\dotnet\packs\Microsoft.WindowsDesktop.App.Ref\10.0.4\ref\net10.0\System.Windows.Primitives.dll".
         Входное значение: файл Reference для сборки: "C:\Program Files\dotnet\packs\Microsoft.WindowsDesktop.App.Ref\10.0.4\ref\net10.0\System.Xaml.dll".
         Входное значение: файл Reference для сборки: "C:\Program Files\dotnet\packs\Microsoft.NETCore.App.Ref\10.0.4\ref\net10.0\System.Xml.dll".
         Входное значение: файл Reference для сборки: "C:\Program Files\dotnet\packs\Microsoft.NETCore.App.Ref\10.0.4\ref\net10.0\System.Xml.Linq.dll".
         Входное значение: файл Reference для сборки: "C:\Program Files\dotnet\packs\Microsoft.NETCore.App.Ref\10.0.4\ref\net10.0\System.Xml.ReaderWriter.dll".
         Входное значение: файл Reference для сборки: "C:\Program Files\dotnet\packs\Microsoft.NETCore.App.Ref\10.0.4\ref\net10.0\System.Xml.Serialization.dll".
         Входное значение: файл Reference для сборки: "C:\Program Files\dotnet\packs\Microsoft.NETCore.App.Ref\10.0.4\ref\net10.0\System.Xml.XDocument.dll".
         Входное значение: файл Reference для сборки: "C:\Program Files\dotnet\packs\Microsoft.NETCore.App.Ref\10.0.4\ref\net10.0\System.Xml.XmlDocument.dll".
         Входное значение: файл Reference для сборки: "C:\Program Files\dotnet\packs\Microsoft.NETCore.App.Ref\10.0.4\ref\net10.0\System.Xml.XmlSerializer.dll".
         Входное значение: файл Reference для сборки: "C:\Program Files\dotnet\packs\Microsoft.NETCore.App.Ref\10.0.4\ref\net10.0\System.Xml.XPath.dll".
         Входное значение: файл Reference для сборки: "C:\Program Files\dotnet\packs\Microsoft.NETCore.App.Ref\10.0.4\ref\net10.0\System.Xml.XPath.XDocument.dll".
         Входное значение: файл Reference для сборки: "C:\Program Files\dotnet\packs\Microsoft.WindowsDesktop.App.Ref\10.0.4\ref\net10.0\UIAutomationClient.dll".
         Входное значение: файл Reference для сборки: "C:\Program Files\dotnet\packs\Microsoft.WindowsDesktop.App.Ref\10.0.4\ref\net10.0\UIAutomationClientSideProviders.dll".
         Входное значение: файл Reference для сборки: "C:\Program Files\dotnet\packs\Microsoft.WindowsDesktop.App.Ref\10.0.4\ref\net10.0\UIAutomationProvider.dll".
         Входное значение: файл Reference для сборки: "C:\Program Files\dotnet\packs\Microsoft.WindowsDesktop.App.Ref\10.0.4\ref\net10.0\UIAutomationTypes.dll".
         Входное значение: файл Reference для сборки: "C:\Program Files\dotnet\packs\Microsoft.WindowsDesktop.App.Ref\10.0.4\ref\net10.0\WindowsBase.dll".
         Входной файл "I:\WEAKEST LINK SOPFTWARE AI TESTERING FINALE\App.xaml" сопоставлен с новым относительным путем "App.xaml" в каталоге "I:\WEAKEST LINK SOPFTWARE AI TESTERING FINALE\".
         Входной файл "I:\WEAKEST LINK SOPFTWARE AI TESTERING FINALE\Views\AudienceScreen.xaml" сопоставлен с новым относительным путем "Views\AudienceScreen.xaml" в каталоге "I:\WEAKEST LINK SOPFTWARE AI TESTERING FINALE\".
         Входной файл "I:\WEAKEST LINK SOPFTWARE AI TESTERING FINALE\Views\BroadcastScreen.xaml" сопоставлен с новым относительным путем "Views\BroadcastScreen.xaml" в каталоге "I:\WEAKEST LINK SOPFTWARE AI TESTERING FINALE\".
         Входной файл "I:\WEAKEST LINK SOPFTWARE AI TESTERING FINALE\Views\BroadcastWindow.xaml" сопоставлен с новым относительным путем "Views\BroadcastWindow.xaml" в каталоге "I:\WEAKEST LINK SOPFTWARE AI TESTERING FINALE\".
         Входной файл "I:\WEAKEST LINK SOPFTWARE AI TESTERING FINALE\Views\DarkMessageBox.xaml" сопоставлен с новым относительным путем "Views\DarkMessageBox.xaml" в каталоге "I:\WEAKEST LINK SOPFTWARE AI TESTERING FINALE\".
         Входной файл "I:\WEAKEST LINK SOPFTWARE AI TESTERING FINALE\Views\HostScreen.xaml" сопоставлен с новым относительным путем "Views\HostScreen.xaml" в каталоге "I:\WEAKEST LINK SOPFTWARE AI TESTERING FINALE\".
         Входной файл "I:\WEAKEST LINK SOPFTWARE AI TESTERING FINALE\Views\HostScreenModern.xaml" сопоставлен с новым относительным путем "Views\HostScreenModern.xaml" в каталоге "I:\WEAKEST LINK SOPFTWARE AI TESTERING FINALE\".
         Входной файл "I:\WEAKEST LINK SOPFTWARE AI TESTERING FINALE\Views\HostScreenModernPremium.xaml" сопоставлен с новым относительным путем "Views\HostScreenModernPremium.xaml" в каталоге "I:\WEAKEST LINK SOPFTWARE AI TESTERING FINALE\".
         Входной файл "I:\WEAKEST LINK SOPFTWARE AI TESTERING FINALE\Views\HostScreenPremium.xaml" сопоставлен с новым относительным путем "Views\HostScreenPremium.xaml" в каталоге "I:\WEAKEST LINK SOPFTWARE AI TESTERING FINALE\".
         Входной файл "I:\WEAKEST LINK SOPFTWARE AI TESTERING FINALE\Views\OperatorPanel.xaml" сопоставлен с новым относительным путем "Views\OperatorPanel.xaml" в каталоге "I:\WEAKEST LINK SOPFTWARE AI TESTERING FINALE\".
   1:7>I:\WEAKEST LINK SOPFTWARE AI TESTERING FINALE\Views\OperatorPanel.xaml(2641,57): error MC3072: свойство "Padding" не существует в пространстве имен XML "http://schemas.microsoft.com/winfx/2006/xaml/presentation". Строка 2641 позиция 57. [I:\WEAKEST LINK SOPFTWARE AI TESTERING FINALE\WeakestLink.csproj]
         Входной файл "I:\WEAKEST LINK SOPFTWARE AI TESTERING FINALE\Views\QuestionEditorWindow.xaml" сопоставлен с новым относительным путем "Views\QuestionEditorWindow.xaml" в каталоге "I:\WEAKEST LINK SOPFTWARE AI TESTERING FINALE\".
         Входной файл "I:\WEAKEST LINK SOPFTWARE AI TESTERING FINALE\Views\RoundStatsWindow.xaml" сопоставлен с новым относительным путем "Views\RoundStatsWindow.xaml" в каталоге "I:\WEAKEST LINK SOPFTWARE AI TESTERING FINALE\".
         Входной файл "I:\WEAKEST LINK SOPFTWARE AI TESTERING FINALE\Views\ServiceScreen.xaml" сопоставлен с новым относительным путем "Views\ServiceScreen.xaml" в каталоге "I:\WEAKEST LINK SOPFTWARE AI TESTERING FINALE\".
         Входной файл "I:\WEAKEST LINK SOPFTWARE AI TESTERING FINALE\Views\Styles\ObsidianStyles.xaml" сопоставлен с новым относительным путем "Views\Styles\ObsidianStyles.xaml" в каталоге "I:\WEAKEST LINK SOPFTWARE AI TESTERING FINALE\".
         Входной файл "I:\WEAKEST LINK SOPFTWARE AI TESTERING FINALE\Views\Styles\UIConstants.xaml" сопоставлен с новым относительным путем "Views\Styles\UIConstants.xaml" в каталоге "I:\WEAKEST LINK SOPFTWARE AI TESTERING FINALE\".
         Входной файл "I:\WEAKEST LINK SOPFTWARE AI TESTERING FINALE\Views\WinWinner.xaml" сопоставлен с новым относительным путем "Views\WinWinner.xaml" в каталоге "I:\WEAKEST LINK SOPFTWARE AI TESTERING FINALE\".
         Сгенерирован файл кода: "I:\WEAKEST LINK SOPFTWARE AI TESTERING FINALE\obj\Debug\net10.0-windows\Views\AudienceScreen.g.cs".
         Сгенерирован файл BAML: "I:\WEAKEST LINK SOPFTWARE AI TESTERING FINALE\obj\Debug\net10.0-windows\Views\AudienceScreen.baml".
         Сгенерирован файл кода: "I:\WEAKEST LINK SOPFTWARE AI TESTERING FINALE\obj\Debug\net10.0-windows\Views\BroadcastScreen.g.cs".
         Сгенерирован файл BAML: "I:\WEAKEST LINK SOPFTWARE AI TESTERING FINALE\obj\Debug\net10.0-windows\Views\BroadcastScreen.baml".
         Сгенерирован файл кода: "I:\WEAKEST LINK SOPFTWARE AI TESTERING FINALE\obj\Debug\net10.0-windows\Views\BroadcastWindow.g.cs".
         Сгенерирован файл BAML: "I:\WEAKEST LINK SOPFTWARE AI TESTERING FINALE\obj\Debug\net10.0-windows\Views\BroadcastWindow.baml".
         Сгенерирован файл кода: "I:\WEAKEST LINK SOPFTWARE AI TESTERING FINALE\obj\Debug\net10.0-windows\Views\DarkMessageBox.g.cs".
         Сгенерирован файл BAML: "I:\WEAKEST LINK SOPFTWARE AI TESTERING FINALE\obj\Debug\net10.0-windows\Views\DarkMessageBox.baml".
         Сгенерирован файл кода: "I:\WEAKEST LINK SOPFTWARE AI TESTERING FINALE\obj\Debug\net10.0-windows\Views\HostScreen.g.cs".
         Сгенерирован файл BAML: "I:\WEAKEST LINK SOPFTWARE AI TESTERING FINALE\obj\Debug\net10.0-windows\Views\HostScreen.baml".
         Сгенерирован файл кода: "I:\WEAKEST LINK SOPFTWARE AI TESTERING FINALE\obj\Debug\net10.0-windows\Views\HostScreenModern.g.cs".
         Сгенерирован файл BAML: "I:\WEAKEST LINK SOPFTWARE AI TESTERING FINALE\obj\Debug\net10.0-windows\Views\HostScreenModern.baml".
         Сгенерирован файл кода: "I:\WEAKEST LINK SOPFTWARE AI TESTERING FINALE\obj\Debug\net10.0-windows\Views\HostScreenModernPremium.g.cs".
         Сгенерирован файл BAML: "I:\WEAKEST LINK SOPFTWARE AI TESTERING FINALE\obj\Debug\net10.0-windows\Views\HostScreenModernPremium.baml".
         Сгенерирован файл кода: "I:\WEAKEST LINK SOPFTWARE AI TESTERING FINALE\obj\Debug\net10.0-windows\Views\HostScreenPremium.g.cs".
         Сгенерирован файл BAML: "I:\WEAKEST LINK SOPFTWARE AI TESTERING FINALE\obj\Debug\net10.0-windows\Views\HostScreenPremium.baml".
         Сгенерирован файл кода: "I:\WEAKEST LINK SOPFTWARE AI TESTERING FINALE\obj\Debug\net10.0-windows\Views\QuestionEditorWindow.g.cs".
         Сгенерирован файл BAML: "I:\WEAKEST LINK SOPFTWARE AI TESTERING FINALE\obj\Debug\net10.0-windows\Views\QuestionEditorWindow.baml".
         Сгенерирован файл кода: "I:\WEAKEST LINK SOPFTWARE AI TESTERING FINALE\obj\Debug\net10.0-windows\Views\RoundStatsWindow.g.cs".
         Сгенерирован файл BAML: "I:\WEAKEST LINK SOPFTWARE AI TESTERING FINALE\obj\Debug\net10.0-windows\Views\RoundStatsWindow.baml".
         Сгенерирован файл кода: "I:\WEAKEST LINK SOPFTWARE AI TESTERING FINALE\obj\Debug\net10.0-windows\Views\ServiceScreen.g.cs".
         Сгенерирован файл BAML: "I:\WEAKEST LINK SOPFTWARE AI TESTERING FINALE\obj\Debug\net10.0-windows\Views\ServiceScreen.baml".
         Сгенерирован файл BAML: "I:\WEAKEST LINK SOPFTWARE AI TESTERING FINALE\obj\Debug\net10.0-windows\Views\Styles\ObsidianStyles.baml".
         Сгенерирован файл BAML: "I:\WEAKEST LINK SOPFTWARE AI TESTERING FINALE\obj\Debug\net10.0-windows\Views\Styles\UIConstants.baml".
         Сгенерирован файл кода: "I:\WEAKEST LINK SOPFTWARE AI TESTERING FINALE\obj\Debug\net10.0-windows\Views\WinWinner.g.cs".
         Сгенерирован файл BAML: "I:\WEAKEST LINK SOPFTWARE AI TESTERING FINALE\obj\Debug\net10.0-windows\Views\WinWinner.baml".
         Сгенерирован файл кода: "I:\WEAKEST LINK SOPFTWARE AI TESTERING FINALE\obj\Debug\net10.0-windows\App.g.cs".
         Сгенерирован файл BAML: "I:\WEAKEST LINK SOPFTWARE AI TESTERING FINALE\obj\Debug\net10.0-windows\App.baml".
         Компиляция разметки завершена.
       C:\Program Files\dotnet\sdk\10.0.200\Sdks\Microsoft.NET.Sdk.WindowsDesktop\targets\Microsoft.WinFX.targets(242,15): message : Повторное назначение свойства: $(_RequireMCPass2ForMainAssembly)="False" (предыдущее значение: "false") для C:\Program Files\dotnet\sdk\10.0.200\Sdks\Microsoft.NET.Sdk.WindowsDesktop\targets\Microsoft.WinFX.targets (242,15) [I:\WEAKEST LINK SOPFTWARE AI TESTERING FINALE\WeakestLink.csproj]
       C:\Program Files\dotnet\sdk\10.0.200\Sdks\Microsoft.NET.Sdk.WindowsDesktop\targets\Microsoft.WinFX.targets(243,15): message : Повторное назначение свойства: $(_RequireMCPass2ForSatelliteAssemblyOnly)="False" (предыдущее значение: "false") для C:\Program Files\dotnet\sdk\10.0.200\Sdks\Microsoft.NET.Sdk.WindowsDesktop\targets\Microsoft.WinFX.targets (243,15) [I:\WEAKEST LINK SOPFTWARE AI TESTERING FINALE\WeakestLink.csproj]
       Выполнение задачи "MarkupCompilePass1" завершено с ошибкой.
   1:7>Сборка целевого объекта "MarkupCompilePass1" в проекте "WeakestLink.csproj" завершена с ошибкой.
   1:7>Целевой объект "_CheckForCompileOutputs" в файле "C:\Program Files\dotnet\sdk\10.0.200\Microsoft.Common.CurrentVersion.targets" из проекта "I:\WEAKEST LINK SOPFTWARE AI TESTERING FINALE\WeakestLink.csproj" (целевой объект "_CleanGetCurrentAndPriorFileWrites" зависит от него):
   1:7>Сборка целевого объекта "_CheckForCompileOutputs" в проекте "WeakestLink.csproj" завершена.
   1:7>Целевой объект "_CleanGetCurrentAndPriorFileWrites" в файле "C:\Program Files\dotnet\sdk\10.0.200\Microsoft.Common.CurrentVersion.targets" из проекта "I:\WEAKEST LINK SOPFTWARE AI TESTERING FINALE\WeakestLink.csproj" (целевой объект "_CleanRecordFileWrites" зависит от него):
       Используется задача "ReadLinesFromFile" из сборки "Microsoft.Build.Tasks.Core, Version=15.1.0.0, Culture=neutral, PublicKeyToken=b03f5f7f11d50a3a".
       Задача "ReadLinesFromFile"
       Выполнение задачи "ReadLinesFromFile" завершено.
       Задача "ConvertToAbsolutePath"
       Выполнение задачи "ConvertToAbsolutePath" завершено.
       Используется задача "FindUnderPath" из сборки "Microsoft.Build.Tasks.Core, Version=15.1.0.0, Culture=neutral, PublicKeyToken=b03f5f7f11d50a3a".
       Задача "FindUnderPath"
         Путь сравнения: "I:\WEAKEST LINK SOPFTWARE AI TESTERING FINALE".
       Выполнение задачи "FindUnderPath" завершено.
       Задача "FindUnderPath"
         Путь сравнения: "I:\WEAKEST LINK SOPFTWARE AI TESTERING FINALE\SuperDist\net10.0-windows\".
       Выполнение задачи "FindUnderPath" завершено.
       Задача "FindUnderPath"
         Путь сравнения: "obj\Debug\net10.0-windows\".
       Выполнение задачи "FindUnderPath" завершено.
       Задача "RemoveDuplicates"
       Выполнение задачи "RemoveDuplicates" завершено.
   1:7>Сборка целевого объекта "_CleanGetCurrentAndPriorFileWrites" в проекте "WeakestLink.csproj" завершена.
   1:7>Целевой объект "_CleanRecordFileWrites" в файле "C:\Program Files\dotnet\sdk\10.0.200\Microsoft.Common.CurrentVersion.targets" из проекта "I:\WEAKEST LINK SOPFTWARE AI TESTERING FINALE\WeakestLink.csproj" (целевой объект "CoreBuild" зависит от него):
       Задача "RemoveDuplicates"
       Выполнение задачи "RemoveDuplicates" завершено.
       Задача "MakeDir"
       Выполнение задачи "MakeDir" завершено.
       Задача "WriteLinesToFile"
         Пропускается запись в файл "I:\WEAKEST LINK SOPFTWARE AI TESTERING FINALE\obj\Debug\net10.0-windows\WeakestLink.csproj.FileListAbsolute.txt", так как содержимое не изменяется.
       Выполнение задачи "WriteLinesToFile" завершено.
   1:7>Сборка целевого объекта "_CleanRecordFileWrites" в проекте "WeakestLink.csproj" завершена.
   1:7>Сборка проекта "I:\WEAKEST LINK SOPFTWARE AI TESTERING FINALE\WeakestLink.csproj" завершена (целевые объекты по умолчанию) с ошибкой.

Ошибка сборки.

       "I:\WEAKEST LINK SOPFTWARE AI TESTERING FINALE\WeakestLink.csproj" (целевой объект по умолчанию) (1:7) ->
       (Целевой объект MarkupCompilePass1) -> 
         I:\WEAKEST LINK SOPFTWARE AI TESTERING FINALE\Views\OperatorPanel.xaml(2641,57): error MC3072: свойство "Padding" не существует в пространстве имен XML "http://schemas.microsoft.com/winfx/2006/xaml/presentation". Строка 2641 позиция 57. [I:\WEAKEST LINK SOPFTWARE AI TESTERING FINALE\WeakestLink.csproj]

    Предупреждений: 0
    Ошибок: 1

Прошло времени 00:00:01.36
